material_id,cif_path,target
mp-1184276,../cifs_all/mp_1184276.cif,-0.075069464
mp-554793,../cifs_all/mp_554793.cif,-1.709524903
mp-1234264,../cifs_all/mp_1234264.cif,-2.010220641
mp-1040392,../cifs_all/mp_1040392.cif,-2.92175121
mp-1073061,../cifs_all/mp_1073061.cif,0.2048459395
mp-611517,../cifs_all/mp_611517.cif,0.0057807
mp-1273342,../cifs_all/mp_1273342.cif,-1.588930115
mp-1217492,../cifs_all/mp_1217492.cif,-0.054538289
mp-1222495,../cifs_all/mp_1222495.cif,-0.075670953
mp-1025836,../cifs_all/mp_1025836.cif,-0.461567781
mp-1110722,../cifs_all/mp_1110722.cif,-0.831397474
mp-573523,../cifs_all/mp_573523.cif,-0.769955628
mp-561346,../cifs_all/mp_561346.cif,-2.686143879
mp-1204081,../cifs_all/mp_1204081.cif,-0.314149938
mp-672681,../cifs_all/mp_672681.cif,-0.129359108
mp-1112931,../cifs_all/mp_1112931.cif,-1.456071033
mp-733655,../cifs_all/mp_733655.cif,-1.756798743
mp-2714728,../cifs_all/mp_2714728.cif,-3.098881072
mp-1183832,../cifs_all/mp_1183832.cif,-1.254651696
mp-863397,../cifs_all/mp_863397.cif,-2.521807284
mp-1223356,../cifs_all/mp_1223356.cif,-3.413475927
mp-1034352,../cifs_all/mp_1034352.cif,-2.549920995
mp-2713709,../cifs_all/mp_2713709.cif,-2.354905516
mp-1111588,../cifs_all/mp_1111588.cif,-1.5766262
mp-1175425,../cifs_all/mp_1175425.cif,-1.831098048
mp-1020709,../cifs_all/mp_1020709.cif,-2.724728475
mp-850757,../cifs_all/mp_850757.cif,-2.360643232
mp-676083,../cifs_all/mp_676083.cif,-1.865142462
mp-676049,../cifs_all/mp_676049.cif,-3.226841656
mp-505262,../cifs_all/mp_505262.cif,-2.243116856
mp-1223432,../cifs_all/mp_1223432.cif,-2.654021139
mp-756230,../cifs_all/mp_756230.cif,-2.067485309
mp-1198276,../cifs_all/mp_1198276.cif,-0.547257122
mp-2218666,../cifs_all/mp_2218666.cif,-1.555719457
mp-744002,../cifs_all/mp_744002.cif,-0.738497132
mp-1194448,../cifs_all/mp_1194448.cif,-1.300489905
mp-28352,../cifs_all/mp_28352.cif,-1.00502849
mp-1188839,../cifs_all/mp_1188839.cif,-0.561880037
mp-1262001,../cifs_all/mp_1262001.cif,-2.326478675
mp-1079468,../cifs_all/mp_1079468.cif,-0.434689381
mp-1384267,../cifs_all/mp_1384267.cif,-1.787116491
mp-1033087,../cifs_all/mp_1033087.cif,-2.759277975
mp-556172,../cifs_all/mp_556172.cif,-1.850195486
mp-1217442,../cifs_all/mp_1217442.cif,-0.422199258
mp-1077883,../cifs_all/mp_1077883.cif,-0.611078534
mp-779589,../cifs_all/mp_779589.cif,-1.911522471
mp-777676,../cifs_all/mp_777676.cif,-2.994653915
mp-1209721,../cifs_all/mp_1209721.cif,0.086873253
mp-1198129,../cifs_all/mp_1198129.cif,-3.002844181
mp-1194395,../cifs_all/mp_1194395.cif,-2.145341066
mp-900,../cifs_all/mp_900.cif,-0.313847861
mp-2230104,../cifs_all/mp_2230104.cif,-1.447737265
mp-12985,../cifs_all/mp_12985.cif,-0.326398787
mp-821,../cifs_all/mp_821.cif,-2.895263834
mp-1096347,../cifs_all/mp_1096347.cif,4.480128409587636
mp-1213888,../cifs_all/mp_1213888.cif,-2.42123987
mp-1183490,../cifs_all/mp_1183490.cif,-0.556925217
mp-568,../cifs_all/mp_568.cif,-0.408970596
mp-1235576,../cifs_all/mp_1235576.cif,-3.100772242
mp-30821,../cifs_all/mp_30821.cif,-0.761717972
mp-1043347,../cifs_all/mp_1043347.cif,-1.776998608
mp-532334,../cifs_all/mp_532334.cif,-2.169498392
mp-1233412,../cifs_all/mp_1233412.cif,-2.886062261
mp-754224,../cifs_all/mp_754224.cif,-1.971224267
mp-770865,../cifs_all/mp_770865.cif,-1.792503463
mp-1041202,../cifs_all/mp_1041202.cif,-2.739009411
mp-732039,../cifs_all/mp_732039.cif,-0.950299278
mp-1208611,../cifs_all/mp_1208611.cif,-0.152467711
mp-1225861,../cifs_all/mp_1225861.cif,-0.627108849
mp-1190569,../cifs_all/mp_1190569.cif,-1.86270976
mp-1195478,../cifs_all/mp_1195478.cif,-1.251116915
mp-1189325,../cifs_all/mp_1189325.cif,-2.793631043
mp-1214033,../cifs_all/mp_1214033.cif,-0.457959837
mp-2231549,../cifs_all/mp_2231549.cif,-3.236228595
mp-1222030,../cifs_all/mp_1222030.cif,-1.903193429
mp-720570,../cifs_all/mp_720570.cif,-1.539804418
mp-1194267,../cifs_all/mp_1194267.cif,-1.101937984
mp-1186306,../cifs_all/mp_1186306.cif,-0.614731419
mp-1520390,../cifs_all/mp_1520390.cif,-3.002975985
mp-28691,../cifs_all/mp_28691.cif,-0.626391921
mp-25436,../cifs_all/mp_25436.cif,-3.162325139
mp-1215832,../cifs_all/mp_1215832.cif,-1.040941617
mp-675383,../cifs_all/mp_675383.cif,-1.108653608
mp-1220250,../cifs_all/mp_1220250.cif,-1.664530002
mp-1048023,../cifs_all/mp_1048023.cif,-1.900669456
mp-1044241,../cifs_all/mp_1044241.cif,-2.599038342
mp-28235,../cifs_all/mp_28235.cif,-0.830282261
mp-821906,../cifs_all/mp_821906.cif,-1.152650726
mp-1185106,../cifs_all/mp_1185106.cif,-0.437424731
mp-1207027,../cifs_all/mp_1207027.cif,-0.518469651
mp-1223199,../cifs_all/mp_1223199.cif,-2.903995116
mp-1220500,../cifs_all/mp_1220500.cif,-0.428020142
mp-606102,../cifs_all/mp_606102.cif,-0.461575637
mp-1189454,../cifs_all/mp_1189454.cif,0.041705417
mp-10098,../cifs_all/mp_10098.cif,-0.929752047
mp-581734,../cifs_all/mp_581734.cif,-0.005381588
mp-759634,../cifs_all/mp_759634.cif,-2.423118397
mp-1233188,../cifs_all/mp_1233188.cif,-2.419585694
mp-31052,../cifs_all/mp_31052.cif,-1.024922697
mp-1521039,../cifs_all/mp_1521039.cif,-2.110259415
mp-1214543,../cifs_all/mp_1214543.cif,-2.090856393
mp-780436,../cifs_all/mp_780436.cif,-2.439039663
mp-754956,../cifs_all/mp_754956.cif,-1.695352632
mp-1040927,../cifs_all/mp_1040927.cif,-2.458064957
mp-1274143,../cifs_all/mp_1274143.cif,-2.659525187
mp-1097517,../cifs_all/mp_1097517.cif,3.527619370833324
mp-505731,../cifs_all/mp_505731.cif,-2.9284782
mp-1047380,../cifs_all/mp_1047380.cif,-1.694635299
mp-1248478,../cifs_all/mp_1248478.cif,-2.090569429
mp-1077901,../cifs_all/mp_1077901.cif,-0.497913288
mp-23307,../cifs_all/mp_23307.cif,-1.370875041
mp-752659,../cifs_all/mp_752659.cif,-2.5276553
mp-542269,../cifs_all/mp_542269.cif,-1.558164866
mp-2715363,../cifs_all/mp_2715363.cif,-2.805282594
mp-1581389,../cifs_all/mp_1581389.cif,-2.435835594
mp-756690,../cifs_all/mp_756690.cif,-2.123101838
mp-39123,../cifs_all/mp_39123.cif,-3.129091417
mp-2714333,../cifs_all/mp_2714333.cif,-2.539651278
mp-559561,../cifs_all/mp_559561.cif,-2.092612203
mp-1176231,../cifs_all/mp_1176231.cif,-1.644678114
mp-2217622,../cifs_all/mp_2217622.cif,-2.434319427
mp-1218134,../cifs_all/mp_1218134.cif,-0.438979171
mp-1204919,../cifs_all/mp_1204919.cif,-1.877024349
mp-1187047,../cifs_all/mp_1187047.cif,0.218814791875001
mp-15659,../cifs_all/mp_15659.cif,-0.397662213
mp-1100576,../cifs_all/mp_1100576.cif,-1.802333099
mp-26046,../cifs_all/mp_26046.cif,-2.456908505
mp-557676,../cifs_all/mp_557676.cif,-2.094604356
mp-866604,../cifs_all/mp_866604.cif,-1.644854508
mp-1192852,../cifs_all/mp_1192852.cif,-1.085329593
mp-9086,../cifs_all/mp_9086.cif,-2.119147308
mp-1185832,../cifs_all/mp_1185832.cif,0.010349071
mp-557222,../cifs_all/mp_557222.cif,-2.63312374
mp-32017,../cifs_all/mp_32017.cif,-2.499530642
mp-23002,../cifs_all/mp_23002.cif,-2.538047888
mp-1186490,../cifs_all/mp_1186490.cif,0.033130765624996
mp-1225492,../cifs_all/mp_1225492.cif,-0.840433429
mp-1237219,../cifs_all/mp_1237219.cif,0.8083879743181811
mp-1235363,../cifs_all/mp_1235363.cif,-2.540515866
mp-1206224,../cifs_all/mp_1206224.cif,0.307121032
mp-1222428,../cifs_all/mp_1222428.cif,-0.083923061
mp-867287,../cifs_all/mp_867287.cif,-0.458102387
mp-1102532,../cifs_all/mp_1102532.cif,-0.608416191
mp-1048819,../cifs_all/mp_1048819.cif,-3.252699352
mp-1200199,../cifs_all/mp_1200199.cif,-1.558878781
mp-1200798,../cifs_all/mp_1200798.cif,0.5661422458333331
mp-1184731,../cifs_all/mp_1184731.cif,0.48312081
mp-1314,../cifs_all/mp_1314.cif,-0.216651247
mp-30014,../cifs_all/mp_30014.cif,-1.271164482
mp-989538,../cifs_all/mp_989538.cif,-2.682546415
mp-2215029,../cifs_all/mp_2215029.cif,-2.630440098
mp-622619,../cifs_all/mp_622619.cif,-2.566959403
mp-1216456,../cifs_all/mp_1216456.cif,-0.540444154
mp-1104966,../cifs_all/mp_1104966.cif,-1.116812281
mp-504341,../cifs_all/mp_504341.cif,-2.358650417
mp-1235131,../cifs_all/mp_1235131.cif,-1.235517357
mp-505764,../cifs_all/mp_505764.cif,-0.170533496
mp-975333,../cifs_all/mp_975333.cif,-1.64956767
mp-1238725,../cifs_all/mp_1238725.cif,-0.320965318
mp-559445,../cifs_all/mp_559445.cif,-1.98378805
mp-1179783,../cifs_all/mp_1179783.cif,-0.378921333
mp-20811,../cifs_all/mp_20811.cif,-0.367630389
mp-541507,../cifs_all/mp_541507.cif,-2.949311435
mp-1233782,../cifs_all/mp_1233782.cif,-1.462664991
mp-770586,../cifs_all/mp_770586.cif,-2.536767939
mp-1277669,../cifs_all/mp_1277669.cif,-2.05288342
mp-2227401,../cifs_all/mp_2227401.cif,-1.670584977
mp-1208697,../cifs_all/mp_1208697.cif,-3.245354003
mp-667281,../cifs_all/mp_667281.cif,-0.518660343
mp-1391284,../cifs_all/mp_1391284.cif,0.5301849966299941
mp-1211014,../cifs_all/mp_1211014.cif,-1.229233898
mp-1221143,../cifs_all/mp_1221143.cif,-0.561244037
mp-1097567,../cifs_all/mp_1097567.cif,1.643656207916663
mp-1021345,../cifs_all/mp_1021345.cif,0.18404436534375
mp-21175,../cifs_all/mp_21175.cif,-0.357744934
mp-753800,../cifs_all/mp_753800.cif,-3.28145171
mp-1220619,../cifs_all/mp_1220619.cif,-0.959881804
mp-1196180,../cifs_all/mp_1196180.cif,-1.563238074
mp-25275,../cifs_all/mp_25275.cif,-1.74647736
mp-1200030,../cifs_all/mp_1200030.cif,-0.438152802
mp-1080000,../cifs_all/mp_1080000.cif,-0.171117362
mp-6609,../cifs_all/mp_6609.cif,-2.855974535
mp-1228276,../cifs_all/mp_1228276.cif,-2.297858506
mp-1040009,../cifs_all/mp_1040009.cif,-2.927246881
mp-1223222,../cifs_all/mp_1223222.cif,-1.357991821
mp-1224421,../cifs_all/mp_1224421.cif,-0.188966554
mp-768098,../cifs_all/mp_768098.cif,-1.956367427
mp-1247511,../cifs_all/mp_1247511.cif,-0.025898084
mp-1223268,../cifs_all/mp_1223268.cif,-3.147731424
mp-770734,../cifs_all/mp_770734.cif,-2.405784621
mp-1042672,../cifs_all/mp_1042672.cif,-0.983147559
mp-1018829,../cifs_all/mp_1018829.cif,-0.940631699
mp-1097250,../cifs_all/mp_1097250.cif,1.7140332649999972
mp-629015,../cifs_all/mp_629015.cif,-1.411233568
mp-27045,../cifs_all/mp_27045.cif,-2.368133793
mp-2229444,../cifs_all/mp_2229444.cif,-0.67960655
mp-1217467,../cifs_all/mp_1217467.cif,0.007760677
mp-1095852,../cifs_all/mp_1095852.cif,1.725634576249994
mp-1033419,../cifs_all/mp_1033419.cif,-2.464339001
mp-1220876,../cifs_all/mp_1220876.cif,-0.574946764
mp-1229284,../cifs_all/mp_1229284.cif,-3.054712266
mp-1026837,../cifs_all/mp_1026837.cif,0.039334046
mp-753645,../cifs_all/mp_753645.cif,-1.981151318
mp-774789,../cifs_all/mp_774789.cif,-2.186654531
mp-1185918,../cifs_all/mp_1185918.cif,0.040361640277779
mp-1233088,../cifs_all/mp_1233088.cif,-3.222728735
mp-805196,../cifs_all/mp_805196.cif,2.941064529259259
mp-2226807,../cifs_all/mp_2226807.cif,-0.999969062
mp-1224423,../cifs_all/mp_1224423.cif,-0.916758485
mp-729560,../cifs_all/mp_729560.cif,-3.389378454
mp-28473,../cifs_all/mp_28473.cif,-1.456434277
mp-16343,../cifs_all/mp_16343.cif,-0.224599848
mp-1228806,../cifs_all/mp_1228806.cif,-0.014394015
mp-2016042,../cifs_all/mp_2016042.cif,-0.049801352
mp-2231362,../cifs_all/mp_2231362.cif,-2.309570528
mp-1211023,../cifs_all/mp_1211023.cif,0.233860831170599
mp-757206,../cifs_all/mp_757206.cif,-3.473723414
mp-863732,../cifs_all/mp_863732.cif,-0.966914661
mp-753531,../cifs_all/mp_753531.cif,-3.101722933
mp-760343,../cifs_all/mp_760343.cif,-2.334121709
mp-1097450,../cifs_all/mp_1097450.cif,1.786825638
mp-21073,../cifs_all/mp_21073.cif,-0.938101755
mp-1105619,../cifs_all/mp_1105619.cif,-0.197628967
mp-684726,../cifs_all/mp_684726.cif,-2.318870057
mp-1198929,../cifs_all/mp_1198929.cif,-0.673356019
mp-1220856,../cifs_all/mp_1220856.cif,-3.052228109
mp-1219709,../cifs_all/mp_1219709.cif,0.01278654
mp-605088,../cifs_all/mp_605088.cif,-0.12458932
mp-755979,../cifs_all/mp_755979.cif,-2.027907528
mp-1104605,../cifs_all/mp_1104605.cif,-0.59095794
mp-865585,../cifs_all/mp_865585.cif,-0.364228589
mp-1028828,../cifs_all/mp_1028828.cif,-0.357990979
mp-1095367,../cifs_all/mp_1095367.cif,-1.399096872
mp-1094909,../cifs_all/mp_1094909.cif,-0.064602747
mp-2217119,../cifs_all/mp_2217119.cif,-1.616009942
mp-2230714,../cifs_all/mp_2230714.cif,-2.3954912
mp-30013,../cifs_all/mp_30013.cif,-1.267824519
mp-865622,../cifs_all/mp_865622.cif,-0.271620682
mp-26811,../cifs_all/mp_26811.cif,-2.511283424
mp-1224989,../cifs_all/mp_1224989.cif,-0.436299421
mp-1215637,../cifs_all/mp_1215637.cif,-0.276619013
mp-1226160,../cifs_all/mp_1226160.cif,-0.947547189
mp-1214483,../cifs_all/mp_1214483.cif,-1.530018532
mp-1217404,../cifs_all/mp_1217404.cif,-1.959103424
mp-774833,../cifs_all/mp_774833.cif,-2.415079314
mp-1220386,../cifs_all/mp_1220386.cif,-0.886322364
mp-1225756,../cifs_all/mp_1225756.cif,-1.091432715
mp-1110665,../cifs_all/mp_1110665.cif,-2.863375207
mp-1198615,../cifs_all/mp_1198615.cif,-0.589636245
mp-757950,../cifs_all/mp_757950.cif,-1.705213456
mp-755121,../cifs_all/mp_755121.cif,-2.278633165
mp-1194843,../cifs_all/mp_1194843.cif,-2.287483782
mp-865046,../cifs_all/mp_865046.cif,-0.860604424
mp-755021,../cifs_all/mp_755021.cif,-2.128877294
mp-2901572,../cifs_all/mp_2901572.cif,-2.746611116
mp-1181665,../cifs_all/mp_1181665.cif,0.114199229
mp-768828,../cifs_all/mp_768828.cif,-2.054959044
mp-1038248,../cifs_all/mp_1038248.cif,-2.946069554
mp-13000,../cifs_all/mp_13000.cif,-3.59033972
mp-1096853,../cifs_all/mp_1096853.cif,0.049900824
mp-1177164,../cifs_all/mp_1177164.cif,-2.182523702
mp-10851,../cifs_all/mp_10851.cif,-3.263757991
mp-676296,../cifs_all/mp_676296.cif,-2.12140275
mp-1022108,../cifs_all/mp_1022108.cif,0.162535836
mp-867530,../cifs_all/mp_867530.cif,-2.540496428
mp-726892,../cifs_all/mp_726892.cif,-3.04589497
mp-10049,../cifs_all/mp_10049.cif,-0.206449855
mp-2218846,../cifs_all/mp_2218846.cif,-1.527834997
mp-753477,../cifs_all/mp_753477.cif,-1.114201416
mp-580226,../cifs_all/mp_580226.cif,-0.131382815
mp-1111196,../cifs_all/mp_1111196.cif,-1.649728587
mp-1233970,../cifs_all/mp_1233970.cif,-2.487971049
mp-1545,../cifs_all/mp_1545.cif,-0.254731762
mp-1206273,../cifs_all/mp_1206273.cif,-3.307360321
mp-1046891,../cifs_all/mp_1046891.cif,-1.489554819
mp-1187903,../cifs_all/mp_1187903.cif,0.363909365
mp-768091,../cifs_all/mp_768091.cif,-1.415114649
mp-985585,../cifs_all/mp_985585.cif,-2.064159397
mp-1234478,../cifs_all/mp_1234478.cif,-2.432534253
mp-17666,../cifs_all/mp_17666.cif,-3.091886021
mp-1227046,../cifs_all/mp_1227046.cif,-0.712450352
mp-1041087,../cifs_all/mp_1041087.cif,-2.537921995
mp-1176130,../cifs_all/mp_1176130.cif,-1.642789344
mp-1235111,../cifs_all/mp_1235111.cif,-2.549798502
mp-1045647,../cifs_all/mp_1045647.cif,-1.152216323
mp-1200083,../cifs_all/mp_1200083.cif,-1.84313607
mp-685014,../cifs_all/mp_685014.cif,-1.068962765
mp-865594,../cifs_all/mp_865594.cif,-0.558921177
mp-980664,../cifs_all/mp_980664.cif,-0.362708327
mp-989195,../cifs_all/mp_989195.cif,-3.278720272
mp-2714294,../cifs_all/mp_2714294.cif,-2.151795145
mp-7241,../cifs_all/mp_7241.cif,-0.871658871
mp-773137,../cifs_all/mp_773137.cif,-0.856628366
mp-2716310,../cifs_all/mp_2716310.cif,-2.739696932
mp-755621,../cifs_all/mp_755621.cif,-2.830418718
mp-1518500,../cifs_all/mp_1518500.cif,-2.753398692
mp-755927,../cifs_all/mp_755927.cif,-2.047400215
mp-555184,../cifs_all/mp_555184.cif,-3.510568672
mp-1096323,../cifs_all/mp_1096323.cif,2.658460956
mp-1191878,../cifs_all/mp_1191878.cif,-2.649039712
mp-1237078,../cifs_all/mp_1237078.cif,-1.518456078
mp-1112525,../cifs_all/mp_1112525.cif,-2.184768014
mp-6938,../cifs_all/mp_6938.cif,-0.425310993
mp-1180348,../cifs_all/mp_1180348.cif,-1.62412785
mp-562387,../cifs_all/mp_562387.cif,-2.503490972
mp-754197,../cifs_all/mp_754197.cif,-3.045869969
mp-1070601,../cifs_all/mp_1070601.cif,-2.97675776
mp-757482,../cifs_all/mp_757482.cif,-2.934172452
mp-2228623,../cifs_all/mp_2228623.cif,-1.906440486
mp-1186806,../cifs_all/mp_1186806.cif,0.064517497
mp-684911,../cifs_all/mp_684911.cif,-1.663962816
mp-1225037,../cifs_all/mp_1225037.cif,-0.593642698
mp-1044230,../cifs_all/mp_1044230.cif,-1.679715694
mp-1073672,../cifs_all/mp_1073672.cif,0.190394992499999
mp-581510,../cifs_all/mp_581510.cif,-0.189479654
mp-1023295,../cifs_all/mp_1023295.cif,0.092522731
mp-1104739,../cifs_all/mp_1104739.cif,-0.320484408
mp-13024,../cifs_all/mp_13024.cif,-3.013919694
mp-1190300,../cifs_all/mp_1190300.cif,-0.397168906
mp-558884,../cifs_all/mp_558884.cif,-1.343390895
mp-1196548,../cifs_all/mp_1196548.cif,-0.888537011
mp-850743,../cifs_all/mp_850743.cif,-2.353497702
mp-1264059,../cifs_all/mp_1264059.cif,-2.900695478
mp-753948,../cifs_all/mp_753948.cif,-3.527339722
mp-1221965,../cifs_all/mp_1221965.cif,-3.345667959
mp-732231,../cifs_all/mp_732231.cif,-2.03408313
mp-1233129,../cifs_all/mp_1233129.cif,-2.715617557
mp-1035219,../cifs_all/mp_1035219.cif,-2.806179349
mp-1113393,../cifs_all/mp_1113393.cif,-1.314688801
mp-1246607,../cifs_all/mp_1246607.cif,-0.582987725
mp-1077996,../cifs_all/mp_1077996.cif,-0.65811842
mp-999178,../cifs_all/mp_999178.cif,-0.206160824
mp-504727,../cifs_all/mp_504727.cif,-2.719750043
mp-2239929,../cifs_all/mp_2239929.cif,-1.03066939
mp-1022079,../cifs_all/mp_1022079.cif,0.026407253749999
mp-560963,../cifs_all/mp_560963.cif,-2.980085378
mp-753036,../cifs_all/mp_753036.cif,-3.022048263
mp-1044935,../cifs_all/mp_1044935.cif,-2.241176756
mp-1183584,../cifs_all/mp_1183584.cif,-0.481732005
mp-531264,../cifs_all/mp_531264.cif,-1.614565022
mp-1190019,../cifs_all/mp_1190019.cif,-0.3836096
mp-1227024,../cifs_all/mp_1227024.cif,-2.685624828
mp-1228204,../cifs_all/mp_1228204.cif,-3.169030267
mp-1206186,../cifs_all/mp_1206186.cif,0.407450850833335
mp-1223850,../cifs_all/mp_1223850.cif,-1.627827802
mp-696992,../cifs_all/mp_696992.cif,-0.528217666
mp-1219226,../cifs_all/mp_1219226.cif,-0.284630617
mp-2310,../cifs_all/mp_2310.cif,-0.841200042
mp-6812,../cifs_all/mp_6812.cif,-3.040540147
mp-756170,../cifs_all/mp_756170.cif,-3.443908983
mp-1217565,../cifs_all/mp_1217565.cif,-0.226249623
mp-1220691,../cifs_all/mp_1220691.cif,-1.201959643
mp-1222218,../cifs_all/mp_1222218.cif,0.057260368
mp-7478,../cifs_all/mp_7478.cif,-3.087397629
mp-2715685,../cifs_all/mp_2715685.cif,-3.021833623
mp-1247037,../cifs_all/mp_1247037.cif,0.024444532105262
mp-3045,../cifs_all/mp_3045.cif,-0.250211945
mp-2224471,../cifs_all/mp_2224471.cif,-2.467143556
mp-2716042,../cifs_all/mp_2716042.cif,-2.504620991
mp-1346852,../cifs_all/mp_1346852.cif,-1.895506083
mp-1176798,../cifs_all/mp_1176798.cif,-1.91958419
mp-1229214,../cifs_all/mp_1229214.cif,-1.982441474
mp-1027274,../cifs_all/mp_1027274.cif,-0.837193738
mp-1021878,../cifs_all/mp_1021878.cif,0.183536306
mp-1209992,../cifs_all/mp_1209992.cif,0.363722724404761
mp-759018,../cifs_all/mp_759018.cif,-2.343077542
mp-1110862,../cifs_all/mp_1110862.cif,-1.945709482
mp-675734,../cifs_all/mp_675734.cif,-0.412492872
mp-780528,../cifs_all/mp_780528.cif,-2.055784866
mp-536,../cifs_all/mp_536.cif,-0.324965814
mp-1208463,../cifs_all/mp_1208463.cif,-0.509928402
mp-762521,../cifs_all/mp_762521.cif,-2.027339646
mp-1210161,../cifs_all/mp_1210161.cif,-2.599620583
mp-30814,../cifs_all/mp_30814.cif,-0.378813906
mp-1223637,../cifs_all/mp_1223637.cif,-0.122108375
mp-755780,../cifs_all/mp_755780.cif,-2.504859032
mp-510366,../cifs_all/mp_510366.cif,-1.405986151
mp-778885,../cifs_all/mp_778885.cif,-1.965165646
mp-567428,../cifs_all/mp_567428.cif,-1.545870864
mp-1206573,../cifs_all/mp_1206573.cif,-0.46345558
mp-2025704,../cifs_all/mp_2025704.cif,-0.105035429
mp-780406,../cifs_all/mp_780406.cif,-3.874866771
mp-1025799,../cifs_all/mp_1025799.cif,-0.744622749
mp-989638,../cifs_all/mp_989638.cif,-0.573330142
mp-2716366,../cifs_all/mp_2716366.cif,-2.378808652
mp-560043,../cifs_all/mp_560043.cif,-2.687857231
mp-8914,../cifs_all/mp_8914.cif,-0.622364493
mp-28402,../cifs_all/mp_28402.cif,-1.565085048
mp-1225208,../cifs_all/mp_1225208.cif,-1.136421748
mp-570816,../cifs_all/mp_570816.cif,-0.463804898
mp-5900,../cifs_all/mp_5900.cif,-4.161155803
mp-1112753,../cifs_all/mp_1112753.cif,-2.491796695
mp-1206560,../cifs_all/mp_1206560.cif,-1.515771785
mp-9225,../cifs_all/mp_9225.cif,-1.167159453
mp-1113831,../cifs_all/mp_1113831.cif,-2.505634963
mp-505333,../cifs_all/mp_505333.cif,-0.857912928
mp-1043356,../cifs_all/mp_1043356.cif,-2.400564772
mp-557258,../cifs_all/mp_557258.cif,-2.050967498
mp-756398,../cifs_all/mp_756398.cif,-1.890699123
mp-1217590,../cifs_all/mp_1217590.cif,-3.735002989
mp-1331972,../cifs_all/mp_1331972.cif,-2.074704111
mp-23871,../cifs_all/mp_23871.cif,-2.486231429
mp-1364503,../cifs_all/mp_1364503.cif,-1.99880889
mp-555541,../cifs_all/mp_555541.cif,-0.855948206
mp-1048275,../cifs_all/mp_1048275.cif,-2.780657777
mp-1199257,../cifs_all/mp_1199257.cif,-2.565107676
mp-1097122,../cifs_all/mp_1097122.cif,2.831964908
mp-754396,../cifs_all/mp_754396.cif,-2.067644052
mp-1017441,../cifs_all/mp_1017441.cif,-1.928895577
mp-1226385,../cifs_all/mp_1226385.cif,-0.029818415
mp-18130,../cifs_all/mp_18130.cif,-3.603361257
mp-759916,../cifs_all/mp_759916.cif,-1.452296501
mp-1208509,../cifs_all/mp_1208509.cif,-2.829180106
mp-1246764,../cifs_all/mp_1246764.cif,0.242692868
mp-1112629,../cifs_all/mp_1112629.cif,-1.522564671
mp-756115,../cifs_all/mp_756115.cif,-1.634829535
mp-1226368,../cifs_all/mp_1226368.cif,-0.816016951
mp-1212994,../cifs_all/mp_1212994.cif,-2.087589261
mp-1029075,../cifs_all/mp_1029075.cif,-0.261607817
mp-1187561,../cifs_all/mp_1187561.cif,-2.672650508
mp-1101913,../cifs_all/mp_1101913.cif,-1.282799294
mp-2121,../cifs_all/mp_2121.cif,-0.479127356
mp-1203862,../cifs_all/mp_1203862.cif,-1.819109942
mp-1188561,../cifs_all/mp_1188561.cif,-0.838340127
mp-1173738,../cifs_all/mp_1173738.cif,-3.244082909
mp-1071862,../cifs_all/mp_1071862.cif,-0.515303285
mp-1199252,../cifs_all/mp_1199252.cif,-1.669845825
mp-759564,../cifs_all/mp_759564.cif,-2.134796888
mp-850747,../cifs_all/mp_850747.cif,-2.248029545
mp-1218055,../cifs_all/mp_1218055.cif,-1.3800096
mp-1112367,../cifs_all/mp_1112367.cif,-2.432212123
mp-11514,../cifs_all/mp_11514.cif,-0.748979197
mp-1018714,../cifs_all/mp_1018714.cif,-0.382586553
mp-1175085,../cifs_all/mp_1175085.cif,-1.855592935
mp-772972,../cifs_all/mp_772972.cif,-3.099892778
mp-673837,../cifs_all/mp_673837.cif,-2.339886762
mp-1245056,../cifs_all/mp_1245056.cif,-3.259874262
mp-1034805,../cifs_all/mp_1034805.cif,-2.775709485
mp-1033386,../cifs_all/mp_1033386.cif,-2.429590071
mp-731683,../cifs_all/mp_731683.cif,-1.377408444
mp-1032067,../cifs_all/mp_1032067.cif,-2.466948079
mp-1182217,../cifs_all/mp_1182217.cif,-0.357036977
mp-1216385,../cifs_all/mp_1216385.cif,-0.540586807
mp-773052,../cifs_all/mp_773052.cif,-3.009539327
mp-1198917,../cifs_all/mp_1198917.cif,-0.523286774
mp-16321,../cifs_all/mp_16321.cif,-0.817313227
mp-1210414,../cifs_all/mp_1210414.cif,-1.622956117
mp-1173950,../cifs_all/mp_1173950.cif,-1.97466718
mp-1345055,../cifs_all/mp_1345055.cif,-1.856527274
mp-2230641,../cifs_all/mp_2230641.cif,-1.325576983
mp-13971,../cifs_all/mp_13971.cif,-3.376551367
mp-1033059,../cifs_all/mp_1033059.cif,-2.552040619
mp-772980,../cifs_all/mp_772980.cif,-1.946586233
mp-1207810,../cifs_all/mp_1207810.cif,-0.48269296
mp-1202436,../cifs_all/mp_1202436.cif,-0.512044349
mp-1283531,../cifs_all/mp_1283531.cif,-2.470189243
mp-1185690,../cifs_all/mp_1185690.cif,-0.047723282
mp-667324,../cifs_all/mp_667324.cif,-1.065011909
mp-1245160,../cifs_all/mp_1245160.cif,-1.805477835
mp-1232360,../cifs_all/mp_1232360.cif,-1.650955892
mp-1222258,../cifs_all/mp_1222258.cif,-0.546629884
mp-1203220,../cifs_all/mp_1203220.cif,-1.504941201
mp-1518378,../cifs_all/mp_1518378.cif,-2.2361698
mp-559296,../cifs_all/mp_559296.cif,-0.894507094
mp-1237207,../cifs_all/mp_1237207.cif,-1.585172228
mp-1210006,../cifs_all/mp_1210006.cif,-4.039499501
mp-1756,../cifs_all/mp_1756.cif,-0.526870689
mp-1200155,../cifs_all/mp_1200155.cif,-1.282729427
mp-33234,../cifs_all/mp_33234.cif,0.062832822
mp-1204595,../cifs_all/mp_1204595.cif,-3.243118321
mp-13560,../cifs_all/mp_13560.cif,-0.398123222
mp-1180307,../cifs_all/mp_1180307.cif,0.398945284374999
mp-1174730,../cifs_all/mp_1174730.cif,-1.809400983
mp-1213089,../cifs_all/mp_1213089.cif,-2.682143525
mp-689929,../cifs_all/mp_689929.cif,-2.497222284
mp-1027955,../cifs_all/mp_1027955.cif,0.01748782
mp-1204064,../cifs_all/mp_1204064.cif,-1.652477564
mp-1185598,../cifs_all/mp_1185598.cif,-0.882905477
mp-1192181,../cifs_all/mp_1192181.cif,0.9359514004545452
mp-7025,../cifs_all/mp_7025.cif,-0.674949045
mp-1080748,../cifs_all/mp_1080748.cif,0.6778327227777731
mp-1187986,../cifs_all/mp_1187986.cif,-0.023244478
mp-2229367,../cifs_all/mp_2229367.cif,-0.952911232
mp-1226080,../cifs_all/mp_1226080.cif,-0.72906875
mp-2230794,../cifs_all/mp_2230794.cif,-2.123123799
mp-2219394,../cifs_all/mp_2219394.cif,-1.897692474
mp-1096498,../cifs_all/mp_1096498.cif,1.172148725905172
mp-1209290,../cifs_all/mp_1209290.cif,-2.506691763
mp-1201741,../cifs_all/mp_1201741.cif,-1.458103593
mp-29688,../cifs_all/mp_29688.cif,-0.911488306
mp-849754,../cifs_all/mp_849754.cif,-2.414907591
mp-1233950,../cifs_all/mp_1233950.cif,-2.676877552
mp-20432,../cifs_all/mp_20432.cif,-0.034206818
mp-2716157,../cifs_all/mp_2716157.cif,-2.355412781
mp-1094918,../cifs_all/mp_1094918.cif,0.023524685
mp-781013,../cifs_all/mp_781013.cif,-2.531050579
mp-1216388,../cifs_all/mp_1216388.cif,-0.384335263
mp-2226968,../cifs_all/mp_2226968.cif,-2.615752765
mp-1209997,../cifs_all/mp_1209997.cif,-0.025295666
mp-2713884,../cifs_all/mp_2713884.cif,-2.457742963
mp-669923,../cifs_all/mp_669923.cif,-0.03740082
mp-21231,../cifs_all/mp_21231.cif,0.0855724
mp-1352191,../cifs_all/mp_1352191.cif,-1.884572654
mp-720571,../cifs_all/mp_720571.cif,-1.566411666
mp-1199180,../cifs_all/mp_1199180.cif,-1.351471146
mp-631330,../cifs_all/mp_631330.cif,0.566982471
mp-1217424,../cifs_all/mp_1217424.cif,0.049651774
mp-40066,../cifs_all/mp_40066.cif,-2.69769868
mp-1182749,../cifs_all/mp_1182749.cif,-0.378857835
mp-553975,../cifs_all/mp_553975.cif,-1.625013811
mp-768280,../cifs_all/mp_768280.cif,-3.275193956
mp-1201985,../cifs_all/mp_1201985.cif,-0.442866519
mp-975868,../cifs_all/mp_975868.cif,-0.07757908
mp-1077278,../cifs_all/mp_1077278.cif,0.004704732
mp-754099,../cifs_all/mp_754099.cif,-2.309071881
mp-631562,../cifs_all/mp_631562.cif,0.901577752
mp-2553,../cifs_all/mp_2553.cif,-0.170745117
mp-1185191,../cifs_all/mp_1185191.cif,0.203587223
mp-9867,../cifs_all/mp_9867.cif,-0.435189524
mp-685308,../cifs_all/mp_685308.cif,-2.001989659
mp-1009767,../cifs_all/mp_1009767.cif,1.544426379166667
mp-19282,../cifs_all/mp_19282.cif,-2.663847809
mp-31276,../cifs_all/mp_31276.cif,-0.836658553
mp-1192338,../cifs_all/mp_1192338.cif,-3.289502165
mp-1219427,../cifs_all/mp_1219427.cif,-2.588530345
mp-998980,../cifs_all/mp_998980.cif,-0.574893556
mp-2219314,../cifs_all/mp_2219314.cif,-1.787370603
mp-27463,../cifs_all/mp_27463.cif,-2.807670561
mp-1078727,../cifs_all/mp_1078727.cif,-2.127008411
mp-561249,../cifs_all/mp_561249.cif,-3.003902968
mp-1216641,../cifs_all/mp_1216641.cif,-0.551326403
mp-5986,../cifs_all/mp_5986.cif,-3.490321404
mp-721059,../cifs_all/mp_721059.cif,-0.480012156
mp-754904,../cifs_all/mp_754904.cif,-2.466803747
mp-763985,../cifs_all/mp_763985.cif,-2.878952498
mp-1522623,../cifs_all/mp_1522623.cif,-0.852337712
mp-1042867,../cifs_all/mp_1042867.cif,-2.001801235
mp-1181901,../cifs_all/mp_1181901.cif,0.203566705
mp-850280,../cifs_all/mp_850280.cif,-1.630428348
mp-1214492,../cifs_all/mp_1214492.cif,-3.50500439
mp-22810,../cifs_all/mp_22810.cif,-0.068175525
mp-684921,../cifs_all/mp_684921.cif,-3.220490091
mp-14260,../cifs_all/mp_14260.cif,-2.304116618
mp-1220998,../cifs_all/mp_1220998.cif,-0.932362564
mp-1225905,../cifs_all/mp_1225905.cif,-1.186002557
mp-11558,../cifs_all/mp_11558.cif,-0.260590049
mp-1228209,../cifs_all/mp_1228209.cif,-2.900787349
mp-1218385,../cifs_all/mp_1218385.cif,-1.667595465
mp-1041027,../cifs_all/mp_1041027.cif,-2.359908053
mp-1225181,../cifs_all/mp_1225181.cif,-3.042663057
mp-1016058,../cifs_all/mp_1016058.cif,-0.138923784
mp-730487,../cifs_all/mp_730487.cif,-0.874661668
mp-754777,../cifs_all/mp_754777.cif,-2.991584209
mp-1097310,../cifs_all/mp_1097310.cif,3.142710381767241
mp-1188842,../cifs_all/mp_1188842.cif,-0.333664652
mp-2232180,../cifs_all/mp_2232180.cif,-2.355060823
mp-677080,../cifs_all/mp_677080.cif,-3.286606347
mp-1233969,../cifs_all/mp_1233969.cif,-3.139746992
mp-1221114,../cifs_all/mp_1221114.cif,-3.353007685
mp-866176,../cifs_all/mp_866176.cif,-0.512904951
mp-777529,../cifs_all/mp_777529.cif,-3.113634101
mp-881807,../cifs_all/mp_881807.cif,-2.198018819
mp-1043213,../cifs_all/mp_1043213.cif,-2.354714586
mp-1229161,../cifs_all/mp_1229161.cif,-1.81486474
mp-1021511,../cifs_all/mp_1021511.cif,-0.524289781
mp-1234381,../cifs_all/mp_1234381.cif,-3.566752816
mp-4510,../cifs_all/mp_4510.cif,-0.964084314
mp-1096281,../cifs_all/mp_1096281.cif,0.8332092427083281
mp-676278,../cifs_all/mp_676278.cif,-3.302073474
mp-1078188,../cifs_all/mp_1078188.cif,-1.736222353
mp-1096188,../cifs_all/mp_1096188.cif,3.978977168925595
mp-1222276,../cifs_all/mp_1222276.cif,-1.876582837
mp-563032,../cifs_all/mp_563032.cif,-1.007253885
mp-19009,../cifs_all/mp_19009.cif,-1.2180853
mp-1366002,../cifs_all/mp_1366002.cif,-2.581042717
mp-728138,../cifs_all/mp_728138.cif,-0.921819403
mp-1186731,../cifs_all/mp_1186731.cif,-0.201845757
mp-1201579,../cifs_all/mp_1201579.cif,-1.809277596
mp-559043,../cifs_all/mp_559043.cif,-1.588957185
mp-774297,../cifs_all/mp_774297.cif,-2.636041077
mp-1186914,../cifs_all/mp_1186914.cif,0.8932177235416661
mp-1195159,../cifs_all/mp_1195159.cif,-3.740112496
mp-1247457,../cifs_all/mp_1247457.cif,-0.958451747
mp-583800,../cifs_all/mp_583800.cif,-0.069023287
mp-1221078,../cifs_all/mp_1221078.cif,-2.332600859
mp-1207201,../cifs_all/mp_1207201.cif,-0.146893616
mp-771042,../cifs_all/mp_771042.cif,-2.281966808
mp-766515,../cifs_all/mp_766515.cif,-1.314313119
mp-2223638,../cifs_all/mp_2223638.cif,-2.308755216
mp-780293,../cifs_all/mp_780293.cif,-2.992279763
mp-2232660,../cifs_all/mp_2232660.cif,-1.666556856
mp-753201,../cifs_all/mp_753201.cif,-2.42419199
mp-3217252,../cifs_all/mp_3217252.cif,-0.829168453
mp-557823,../cifs_all/mp_557823.cif,-1.425309261
mp-3768,../cifs_all/mp_3768.cif,-0.777717763
mp-753925,../cifs_all/mp_753925.cif,-2.885376982
mp-1183770,../cifs_all/mp_1183770.cif,-0.639518088
mp-1201218,../cifs_all/mp_1201218.cif,-1.52506064
mp-753350,../cifs_all/mp_753350.cif,-2.222209581
mp-2713064,../cifs_all/mp_2713064.cif,-2.969162207
mp-1101992,../cifs_all/mp_1101992.cif,0.110670106
mp-2230363,../cifs_all/mp_2230363.cif,-1.853803593
mp-2715219,../cifs_all/mp_2715219.cif,-2.772350634
mp-546027,../cifs_all/mp_546027.cif,-1.989452451
mp-1177277,../cifs_all/mp_1177277.cif,-2.242974695
mp-1226855,../cifs_all/mp_1226855.cif,-0.773437025
mp-1026640,../cifs_all/mp_1026640.cif,0.17668988140625
mp-2714078,../cifs_all/mp_2714078.cif,-2.441772556
mp-1194965,../cifs_all/mp_1194965.cif,-2.542340859
mp-758988,../cifs_all/mp_758988.cif,-2.525188544
mp-2713941,../cifs_all/mp_2713941.cif,-2.398613764
mp-758504,../cifs_all/mp_758504.cif,-1.977526365
mp-775915,../cifs_all/mp_775915.cif,-2.581023072
mp-1097146,../cifs_all/mp_1097146.cif,3.861691982883616
mp-1205024,../cifs_all/mp_1205024.cif,-1.89646756
mp-777680,../cifs_all/mp_777680.cif,-3.154316484
mp-1327705,../cifs_all/mp_1327705.cif,-2.586677785
mp-1186535,../cifs_all/mp_1186535.cif,-0.560228806
mp-1112994,../cifs_all/mp_1112994.cif,-1.577567931
mp-1101371,../cifs_all/mp_1101371.cif,-3.953322615
mp-2224215,../cifs_all/mp_2224215.cif,-0.74415401
mp-1202597,../cifs_all/mp_1202597.cif,-1.45464912
mp-1176153,../cifs_all/mp_1176153.cif,-1.783630445
mp-1184567,../cifs_all/mp_1184567.cif,-0.860099616
mp-2512,../cifs_all/mp_2512.cif,-0.269940265
mp-1191383,../cifs_all/mp_1191383.cif,-0.418526161
mp-1213059,../cifs_all/mp_1213059.cif,-2.283422742
mp-21856,../cifs_all/mp_21856.cif,-2.129220831
mp-1248937,../cifs_all/mp_1248937.cif,-1.777232792
mp-2226161,../cifs_all/mp_2226161.cif,-1.226287415
mp-1177536,../cifs_all/mp_1177536.cif,-1.640244212
mp-754849,../cifs_all/mp_754849.cif,-2.802722461
mp-22679,../cifs_all/mp_22679.cif,-0.130072465
mp-1198531,../cifs_all/mp_1198531.cif,-0.746055752
mp-1218118,../cifs_all/mp_1218118.cif,-2.866290097
mp-772272,../cifs_all/mp_772272.cif,-1.804721837
mp-1195073,../cifs_all/mp_1195073.cif,-3.105306263
mp-1225496,../cifs_all/mp_1225496.cif,-1.143029857
mp-1392336,../cifs_all/mp_1392336.cif,-3.09812853
mp-626605,../cifs_all/mp_626605.cif,-2.018525343
mp-1031499,../cifs_all/mp_1031499.cif,-2.580691502
mp-7889,../cifs_all/mp_7889.cif,-2.989033672
mp-2210754,../cifs_all/mp_2210754.cif,-1.374158557
mp-1079374,../cifs_all/mp_1079374.cif,-1.606373794
mp-865377,../cifs_all/mp_865377.cif,-0.667704207
mp-757610,../cifs_all/mp_757610.cif,-2.356339738
mp-1210254,../cifs_all/mp_1210254.cif,-0.617328626
mp-758402,../cifs_all/mp_758402.cif,-3.21547477
mp-2661453,../cifs_all/mp_2661453.cif,-0.523154923
mp-726074,../cifs_all/mp_726074.cif,-2.103630415
mp-1522326,../cifs_all/mp_1522326.cif,-1.09041291
mp-759891,../cifs_all/mp_759891.cif,-2.401743296
mp-758004,../cifs_all/mp_758004.cif,-2.963487973
mp-1203348,../cifs_all/mp_1203348.cif,-2.469107066
mp-12073,../cifs_all/mp_12073.cif,-0.500004586
mp-1193657,../cifs_all/mp_1193657.cif,-0.705438495
mp-1217829,../cifs_all/mp_1217829.cif,-1.273941237
mp-1181218,../cifs_all/mp_1181218.cif,-2.681000551
mp-1211700,../cifs_all/mp_1211700.cif,-2.800512293
mp-1219296,../cifs_all/mp_1219296.cif,-0.521974198
mp-1206778,../cifs_all/mp_1206778.cif,-1.055389293
mp-1095848,../cifs_all/mp_1095848.cif,2.5562617199999997
mp-690581,../cifs_all/mp_690581.cif,-2.101306844
mp-1247550,../cifs_all/mp_1247550.cif,-0.13044292
mp-997571,../cifs_all/mp_997571.cif,-0.393379084
mp-769265,../cifs_all/mp_769265.cif,-1.859936077
mp-757395,../cifs_all/mp_757395.cif,-1.723001989
mp-13620,../cifs_all/mp_13620.cif,-0.644462975
mp-1147781,../cifs_all/mp_1147781.cif,-2.505776736
mp-560582,../cifs_all/mp_560582.cif,-1.947974125
mp-1235464,../cifs_all/mp_1235464.cif,-2.023947173
mp-2230677,../cifs_all/mp_2230677.cif,-2.446853095
mp-1218040,../cifs_all/mp_1218040.cif,-3.618359108
mp-1094796,../cifs_all/mp_1094796.cif,0.001264638
mp-1199102,../cifs_all/mp_1199102.cif,-1.527309683
mp-1246383,../cifs_all/mp_1246383.cif,0.19494214611111
mp-1183723,../cifs_all/mp_1183723.cif,0.757945975
mp-1223061,../cifs_all/mp_1223061.cif,-1.680579554
mp-2229496,../cifs_all/mp_2229496.cif,-3.507612181
mp-1521608,../cifs_all/mp_1521608.cif,-1.653484658
mp-2715524,../cifs_all/mp_2715524.cif,-2.880341553
mp-760294,../cifs_all/mp_760294.cif,-3.06066823
mp-560571,../cifs_all/mp_560571.cif,-1.32343407
mp-1185735,../cifs_all/mp_1185735.cif,-0.031351741
mp-4368,../cifs_all/mp_4368.cif,-0.443803751
mp-1215649,../cifs_all/mp_1215649.cif,0.071132065
mp-1223824,../cifs_all/mp_1223824.cif,-0.565237063
mp-30278,../cifs_all/mp_30278.cif,-1.05752581
mp-19381,../cifs_all/mp_19381.cif,-3.220740385
mp-766447,../cifs_all/mp_766447.cif,-0.628290936
mp-1196029,../cifs_all/mp_1196029.cif,-2.231555856
mp-2219153,../cifs_all/mp_2219153.cif,-1.908581203
mp-21074,../cifs_all/mp_21074.cif,-1.886074828
mp-2226510,../cifs_all/mp_2226510.cif,-1.84854505
mp-684676,../cifs_all/mp_684676.cif,-1.100135145
mp-976447,../cifs_all/mp_976447.cif,-1.719106891
mp-1043129,../cifs_all/mp_1043129.cif,-1.250058051
mp-1078739,../cifs_all/mp_1078739.cif,-0.697442115
mp-757988,../cifs_all/mp_757988.cif,-2.689888897
mp-2228449,../cifs_all/mp_2228449.cif,-1.724306103
mp-1228184,../cifs_all/mp_1228184.cif,-2.181808916
mp-20590,../cifs_all/mp_20590.cif,-0.258075917
mp-1235990,../cifs_all/mp_1235990.cif,-1.336437858
mp-631274,../cifs_all/mp_631274.cif,0.704397533
mp-6250,../cifs_all/mp_6250.cif,-3.296926821
mp-9767,../cifs_all/mp_9767.cif,-0.819017124
mp-625318,../cifs_all/mp_625318.cif,-2.025857349
mp-21576,../cifs_all/mp_21576.cif,-0.962075186
mp-1193616,../cifs_all/mp_1193616.cif,-0.412175919
mp-1064272,../cifs_all/mp_1064272.cif,0.7989907459375001
mp-1069811,../cifs_all/mp_1069811.cif,-0.508322969
mp-1079292,../cifs_all/mp_1079292.cif,-0.991779399
mp-1209674,../cifs_all/mp_1209674.cif,-2.213851417
mp-1228448,../cifs_all/mp_1228448.cif,-3.183729795
mp-1209425,../cifs_all/mp_1209425.cif,-0.498362566
mp-1114000,../cifs_all/mp_1114000.cif,-2.258796113
mp-568440,../cifs_all/mp_568440.cif,-0.469968769
mp-567729,../cifs_all/mp_567729.cif,-1.447920902
mp-773039,../cifs_all/mp_773039.cif,-3.017936584
mp-1079477,../cifs_all/mp_1079477.cif,-2.675585396
mp-1216097,../cifs_all/mp_1216097.cif,-2.30735584
mp-972395,../cifs_all/mp_972395.cif,-2.884760724
mp-1228251,../cifs_all/mp_1228251.cif,-3.012676368
mp-754369,../cifs_all/mp_754369.cif,-1.758755816
mp-1037203,../cifs_all/mp_1037203.cif,-2.94213908
mp-864888,../cifs_all/mp_864888.cif,-0.028991751
mp-1226228,../cifs_all/mp_1226228.cif,-0.426475029
mp-735568,../cifs_all/mp_735568.cif,-1.805470126
mp-571184,../cifs_all/mp_571184.cif,-0.962144049
mp-649186,../cifs_all/mp_649186.cif,-0.696660414
mp-1206080,../cifs_all/mp_1206080.cif,-0.367757906
mp-777999,../cifs_all/mp_777999.cif,-2.854150429
mp-551685,../cifs_all/mp_551685.cif,-0.623664132
mp-769612,../cifs_all/mp_769612.cif,-2.544104279
mp-532524,../cifs_all/mp_532524.cif,-2.492965067
mp-1218955,../cifs_all/mp_1218955.cif,-0.138663823
mp-643577,../cifs_all/mp_643577.cif,-2.120971136
mp-976724,../cifs_all/mp_976724.cif,-0.350300504
mp-1408708,../cifs_all/mp_1408708.cif,-2.179955638
mp-1217098,../cifs_all/mp_1217098.cif,-0.080179795
mp-2714117,../cifs_all/mp_2714117.cif,-2.063869999
mp-1208927,../cifs_all/mp_1208927.cif,-3.62009964
mp-1205774,../cifs_all/mp_1205774.cif,-2.739566618
mp-1213287,../cifs_all/mp_1213287.cif,-0.92134193
mp-774642,../cifs_all/mp_774642.cif,-2.300187564
mp-1208527,../cifs_all/mp_1208527.cif,-3.238629021
mp-559607,../cifs_all/mp_559607.cif,-2.782707665
mp-28457,../cifs_all/mp_28457.cif,-3.20763455
mp-756056,../cifs_all/mp_756056.cif,-2.242366277
mp-1103088,../cifs_all/mp_1103088.cif,-0.472297929
mp-1174514,../cifs_all/mp_1174514.cif,-1.883199197
mp-1218883,../cifs_all/mp_1218883.cif,-2.42792204
mp-2713951,../cifs_all/mp_2713951.cif,-2.467243481
mp-1105528,../cifs_all/mp_1105528.cif,-3.202887665
mp-1209107,../cifs_all/mp_1209107.cif,-3.285580647
mp-1313679,../cifs_all/mp_1313679.cif,-2.430665049
mp-1568351,../cifs_all/mp_1568351.cif,-2.635625486
mp-1520978,../cifs_all/mp_1520978.cif,-2.049051864
mp-1095040,../cifs_all/mp_1095040.cif,-0.322385229
mp-1208232,../cifs_all/mp_1208232.cif,-0.521114814
mp-1076079,../cifs_all/mp_1076079.cif,-2.236814644
mp-1194811,../cifs_all/mp_1194811.cif,-1.966401347
mp-5996,../cifs_all/mp_5996.cif,-3.160490493
mp-867624,../cifs_all/mp_867624.cif,-1.427416681
mp-604120,../cifs_all/mp_604120.cif,-1.419425583
mp-1223370,../cifs_all/mp_1223370.cif,-1.696065235
mp-6217,../cifs_all/mp_6217.cif,-3.472035605
mp-19465,../cifs_all/mp_19465.cif,-2.873404687
mp-1185101,../cifs_all/mp_1185101.cif,-0.335831156
mp-1043642,../cifs_all/mp_1043642.cif,-2.930605216
mp-2716367,../cifs_all/mp_2716367.cif,-2.245441109
mp-2231422,../cifs_all/mp_2231422.cif,-2.099753502
mp-675562,../cifs_all/mp_675562.cif,-3.900029404
mp-1219367,../cifs_all/mp_1219367.cif,-0.312635293
mp-1517280,../cifs_all/mp_1517280.cif,-2.798528335
mp-29861,../cifs_all/mp_29861.cif,-1.233574753
mp-1394331,../cifs_all/mp_1394331.cif,-2.624488431
mp-1221713,../cifs_all/mp_1221713.cif,-0.351919912
mp-772819,../cifs_all/mp_772819.cif,-2.132872829
mp-1182875,../cifs_all/mp_1182875.cif,-1.930959459
mp-554649,../cifs_all/mp_554649.cif,-2.621251543
mp-1042107,../cifs_all/mp_1042107.cif,-2.302265465
mp-1197569,../cifs_all/mp_1197569.cif,-0.261545123
mp-23044,../cifs_all/mp_23044.cif,-2.154109185
mp-1246226,../cifs_all/mp_1246226.cif,-0.213088424
mp-531572,../cifs_all/mp_531572.cif,-2.653600156
mp-1209032,../cifs_all/mp_1209032.cif,-1.791968118
mp-20925,../cifs_all/mp_20925.cif,0.130957252
mp-1106282,../cifs_all/mp_1106282.cif,-0.628410046
mp-776285,../cifs_all/mp_776285.cif,-2.429644498
mp-1110845,../cifs_all/mp_1110845.cif,-2.828718994
mp-1238832,../cifs_all/mp_1238832.cif,-0.791988389
mp-1207875,../cifs_all/mp_1207875.cif,-2.637743303
mp-2220202,../cifs_all/mp_2220202.cif,-2.065270843
mp-1189194,../cifs_all/mp_1189194.cif,-2.815279955
mp-628185,../cifs_all/mp_628185.cif,-1.019696193
mp-1174860,../cifs_all/mp_1174860.cif,-1.824902453
mp-849222,../cifs_all/mp_849222.cif,-0.942889011
mp-20817,../cifs_all/mp_20817.cif,-0.708422574
mp-976030,../cifs_all/mp_976030.cif,-0.071360189
mp-1220546,../cifs_all/mp_1220546.cif,-0.062934547
mp-756075,../cifs_all/mp_756075.cif,-1.728832004
mp-541932,../cifs_all/mp_541932.cif,-1.154734866
mp-761512,../cifs_all/mp_761512.cif,-1.009812917
mp-764142,../cifs_all/mp_764142.cif,-2.298915189
mp-676339,../cifs_all/mp_676339.cif,-3.206231359
mp-769047,../cifs_all/mp_769047.cif,-1.798298649
mp-1105323,../cifs_all/mp_1105323.cif,-3.439786591
mp-31271,../cifs_all/mp_31271.cif,-1.724141092
mp-570084,../cifs_all/mp_570084.cif,-0.456689332
mp-1213124,../cifs_all/mp_1213124.cif,0.269485128
mp-644129,../cifs_all/mp_644129.cif,-2.009573537
mp-2761491,../cifs_all/mp_2761491.cif,-2.684082285
mp-972978,../cifs_all/mp_972978.cif,-2.525851478
mp-1187159,../cifs_all/mp_1187159.cif,0.722541433
mp-541975,../cifs_all/mp_541975.cif,-1.203800506
mp-1227112,../cifs_all/mp_1227112.cif,-1.147758531
mp-23076,../cifs_all/mp_23076.cif,-1.764874908
mp-21751,../cifs_all/mp_21751.cif,-0.585299783
mp-599,../cifs_all/mp_599.cif,-0.464931765
mp-1174770,../cifs_all/mp_1174770.cif,-2.044414309
mp-1200211,../cifs_all/mp_1200211.cif,-0.437810845
mp-9307,../cifs_all/mp_9307.cif,-0.567185528
mp-1213505,../cifs_all/mp_1213505.cif,-2.312847673
mp-1235320,../cifs_all/mp_1235320.cif,-2.360773857
mp-18220,../cifs_all/mp_18220.cif,-3.210481966
mp-1210994,../cifs_all/mp_1210994.cif,-2.213441796
mp-1092268,../cifs_all/mp_1092268.cif,-0.233309686
mp-1304239,../cifs_all/mp_1304239.cif,-2.046634431
mp-542769,../cifs_all/mp_542769.cif,-1.57747801
mp-676864,../cifs_all/mp_676864.cif,-1.5659683
mp-2043976,../cifs_all/mp_2043976.cif,-0.816336787
mp-1210974,../cifs_all/mp_1210974.cif,-0.375691227
mp-1227629,../cifs_all/mp_1227629.cif,-2.787239887
mp-774294,../cifs_all/mp_774294.cif,-2.217751449
mp-2220006,../cifs_all/mp_2220006.cif,-1.884716313
mp-1173684,../cifs_all/mp_1173684.cif,-0.779679552
mp-1223145,../cifs_all/mp_1223145.cif,-2.829730734
mp-26416,../cifs_all/mp_26416.cif,-2.47933917
mp-1222862,../cifs_all/mp_1222862.cif,-0.270615501
mp-1206655,../cifs_all/mp_1206655.cif,-1.203109705
mp-759405,../cifs_all/mp_759405.cif,-2.447735306
mp-1217869,../cifs_all/mp_1217869.cif,-0.068677405
mp-2232902,../cifs_all/mp_2232902.cif,-1.261647626
mp-1245128,../cifs_all/mp_1245128.cif,-2.692755621
mp-22383,../cifs_all/mp_22383.cif,-0.656872174
mp-6989,../cifs_all/mp_6989.cif,-2.318079119
mp-863393,../cifs_all/mp_863393.cif,-2.527399328
mp-861926,../cifs_all/mp_861926.cif,-1.756837861
mp-1245582,../cifs_all/mp_1245582.cif,0.053774481
mp-1209645,../cifs_all/mp_1209645.cif,-3.3655461
mp-770765,../cifs_all/mp_770765.cif,-2.187534428
mp-1186178,../cifs_all/mp_1186178.cif,0.307666223
mp-767134,../cifs_all/mp_767134.cif,-2.335252325
mp-1093954,../cifs_all/mp_1093954.cif,1.595966
mp-1111253,../cifs_all/mp_1111253.cif,-2.776269224
mp-1197229,../cifs_all/mp_1197229.cif,-0.284706573
mp-1223937,../cifs_all/mp_1223937.cif,-0.489763802
mp-1225413,../cifs_all/mp_1225413.cif,-0.034471486
mp-1041947,../cifs_all/mp_1041947.cif,-1.709599057
mp-753348,../cifs_all/mp_753348.cif,-1.419559434
mp-1187860,../cifs_all/mp_1187860.cif,-0.054424792
mp-1642451,../cifs_all/mp_1642451.cif,-2.427889249
mp-1184783,../cifs_all/mp_1184783.cif,0.5234618366406131
mp-1041774,../cifs_all/mp_1041774.cif,-1.628011626
mp-849311,../cifs_all/mp_849311.cif,-2.650683592
mp-752549,../cifs_all/mp_752549.cif,-2.125241083
mp-1175725,../cifs_all/mp_1175725.cif,-1.835504936
mp-1196150,../cifs_all/mp_1196150.cif,-1.417157074
mp-1858,../cifs_all/mp_1858.cif,-4.003427115
mp-653561,../cifs_all/mp_653561.cif,-0.700754509
mp-1210002,../cifs_all/mp_1210002.cif,-1.007745682
mp-1183778,../cifs_all/mp_1183778.cif,0.17300838
mp-2715277,../cifs_all/mp_2715277.cif,-2.942802351
mp-1095443,../cifs_all/mp_1095443.cif,-0.255059268
mp-1201595,../cifs_all/mp_1201595.cif,-0.518172274
mp-1201960,../cifs_all/mp_1201960.cif,-0.392448305
mp-29983,../cifs_all/mp_29983.cif,-1.962108516
mp-885334,../cifs_all/mp_885334.cif,-2.543141327
mp-18922,../cifs_all/mp_18922.cif,-1.956560843
mp-1235788,../cifs_all/mp_1235788.cif,-1.232925851
mp-1192010,../cifs_all/mp_1192010.cif,-0.543912553
mp-1183287,../cifs_all/mp_1183287.cif,-1.464683951
mp-1232038,../cifs_all/mp_1232038.cif,-0.607516157
mp-2712629,../cifs_all/mp_2712629.cif,-2.161481993
mp-1041988,../cifs_all/mp_1041988.cif,-0.81862063
mp-1178343,../cifs_all/mp_1178343.cif,-1.956852432
mp-24053,../cifs_all/mp_24053.cif,-0.700695932
mp-1096196,../cifs_all/mp_1096196.cif,4.029304295416672
mp-1096903,../cifs_all/mp_1096903.cif,-0.113066352
mp-989632,../cifs_all/mp_989632.cif,-0.591896226
mp-1520467,../cifs_all/mp_1520467.cif,-1.877078154
mp-753501,../cifs_all/mp_753501.cif,-2.682418192
mp-778386,../cifs_all/mp_778386.cif,-2.175273705
mp-1197434,../cifs_all/mp_1197434.cif,-0.334859415
mp-2765485,../cifs_all/mp_2765485.cif,-1.941867746
mp-558221,../cifs_all/mp_558221.cif,-2.403979877
mp-1519430,../cifs_all/mp_1519430.cif,-3.413686514
mp-9113,../cifs_all/mp_9113.cif,-2.292041239
mp-1035991,../cifs_all/mp_1035991.cif,-2.890993765
mp-1237,../cifs_all/mp_1237.cif,-0.396248123
mp-1029711,../cifs_all/mp_1029711.cif,-0.819718646
mp-759134,../cifs_all/mp_759134.cif,-2.239248442
mp-26013,../cifs_all/mp_26013.cif,-2.505421325
mp-5273,../cifs_all/mp_5273.cif,-1.684160614
mp-17194,../cifs_all/mp_17194.cif,-2.386358747
mp-1179777,../cifs_all/mp_1179777.cif,-2.766136504
mp-1516884,../cifs_all/mp_1516884.cif,-3.454376709
mp-1210115,../cifs_all/mp_1210115.cif,-3.020019667
mp-1342613,../cifs_all/mp_1342613.cif,2.960876075559531
mp-556880,../cifs_all/mp_556880.cif,-3.121236587
mp-1065846,../cifs_all/mp_1065846.cif,-1.270171235
mp-1221648,../cifs_all/mp_1221648.cif,-1.435801359
mp-1209235,../cifs_all/mp_1209235.cif,-4.11623289
mp-757710,../cifs_all/mp_757710.cif,-2.688187284
mp-1028237,../cifs_all/mp_1028237.cif,0.055016563663793
mp-559908,../cifs_all/mp_559908.cif,-3.23724666
mp-1176626,../cifs_all/mp_1176626.cif,-2.883610264
mp-754432,../cifs_all/mp_754432.cif,-1.319902783
mp-1518455,../cifs_all/mp_1518455.cif,-2.83185872
mp-22536,../cifs_all/mp_22536.cif,-1.908874974
mp-1235554,../cifs_all/mp_1235554.cif,-2.239383691
mp-1522242,../cifs_all/mp_1522242.cif,-3.231998538
mp-1175735,../cifs_all/mp_1175735.cif,-1.725057999
mp-651582,../cifs_all/mp_651582.cif,-0.492413664
mp-1174102,../cifs_all/mp_1174102.cif,-1.942808051
mp-11507,../cifs_all/mp_11507.cif,-0.034752562
mp-28475,../cifs_all/mp_28475.cif,-1.404777213
mp-1225826,../cifs_all/mp_1225826.cif,-0.208210751
mp-557693,../cifs_all/mp_557693.cif,-2.50763577
mp-1193644,../cifs_all/mp_1193644.cif,-0.104168193
mp-3474,../cifs_all/mp_3474.cif,-2.4238558
mp-1182547,../cifs_all/mp_1182547.cif,-1.036644169
mp-1369942,../cifs_all/mp_1369942.cif,-2.589331646
mp-1217955,../cifs_all/mp_1217955.cif,-0.265600764
mp-864877,../cifs_all/mp_864877.cif,-0.403520346
mp-1186291,../cifs_all/mp_1186291.cif,0.028703814375003
mp-677093,../cifs_all/mp_677093.cif,-0.832997405
mp-1212196,../cifs_all/mp_1212196.cif,-2.544269318
mp-779287,../cifs_all/mp_779287.cif,-3.009393516
mp-1221557,../cifs_all/mp_1221557.cif,-1.016192888
mp-726874,../cifs_all/mp_726874.cif,-0.606918752
mp-1246851,../cifs_all/mp_1246851.cif,-0.903212563
mp-1209852,../cifs_all/mp_1209852.cif,-0.887751565
mp-760762,../cifs_all/mp_760762.cif,-3.292822407
mp-997570,../cifs_all/mp_997570.cif,-0.393609722
mp-1210927,../cifs_all/mp_1210927.cif,-2.103628945
mp-1181012,../cifs_all/mp_1181012.cif,-1.018776121
mp-1177146,../cifs_all/mp_1177146.cif,-2.605971679
mp-559914,../cifs_all/mp_559914.cif,-1.844305684
mp-555996,../cifs_all/mp_555996.cif,-1.032313283
mp-3706,../cifs_all/mp_3706.cif,-0.790312486
mp-23808,../cifs_all/mp_23808.cif,-2.874520034
mp-753563,../cifs_all/mp_753563.cif,-1.052581919
mp-2227616,../cifs_all/mp_2227616.cif,-1.667507374
mp-1216656,../cifs_all/mp_1216656.cif,-0.124148666
mp-623024,../cifs_all/mp_623024.cif,-3.277109955
mp-999139,../cifs_all/mp_999139.cif,-1.003827781
mp-559106,../cifs_all/mp_559106.cif,-1.84475785
mp-1103734,../cifs_all/mp_1103734.cif,-0.583158443
mp-1227034,../cifs_all/mp_1227034.cif,-3.111526387
mp-553903,../cifs_all/mp_553903.cif,-1.654022358
mp-1188109,../cifs_all/mp_1188109.cif,-0.425337505
mp-569894,../cifs_all/mp_569894.cif,-1.737931923
mp-1077399,../cifs_all/mp_1077399.cif,-0.15837656
mp-15297,../cifs_all/mp_15297.cif,-0.536718474
mp-1214053,../cifs_all/mp_1214053.cif,0.128384776
mp-1019533,../cifs_all/mp_1019533.cif,-3.444188032
mp-2715194,../cifs_all/mp_2715194.cif,-2.440114104
mp-1181805,../cifs_all/mp_1181805.cif,-0.83664165
mp-775258,../cifs_all/mp_775258.cif,-2.372890819
mp-2713867,../cifs_all/mp_2713867.cif,-2.750491574
mp-850399,../cifs_all/mp_850399.cif,-2.414540706
mp-1028263,../cifs_all/mp_1028263.cif,0.14059292921875
mp-1188835,../cifs_all/mp_1188835.cif,-2.428053601
mp-1224852,../cifs_all/mp_1224852.cif,-0.46039346
mp-22780,../cifs_all/mp_22780.cif,-0.36466236
mp-1111729,../cifs_all/mp_1111729.cif,-1.43700713
mp-763819,../cifs_all/mp_763819.cif,-2.800421232
mp-2713202,../cifs_all/mp_2713202.cif,-2.803527068
mp-1096074,../cifs_all/mp_1096074.cif,2.526484981666666
mp-1105578,../cifs_all/mp_1105578.cif,0.568228502
mp-1221241,../cifs_all/mp_1221241.cif,-2.844099041
mp-1245209,../cifs_all/mp_1245209.cif,-1.546053199
mp-554382,../cifs_all/mp_554382.cif,-2.520177944
mp-570890,../cifs_all/mp_570890.cif,-0.723933458
mp-2242114,../cifs_all/mp_2242114.cif,-0.562925902
mp-625075,../cifs_all/mp_625075.cif,-2.477860948
mp-1220484,../cifs_all/mp_1220484.cif,-0.337507922
mp-31402,../cifs_all/mp_31402.cif,-0.835184872
mp-1073360,../cifs_all/mp_1073360.cif,0.264518512
mp-1323,../cifs_all/mp_1323.cif,-3.851997169
mp-1111407,../cifs_all/mp_1111407.cif,-2.635762935
mp-1099080,../cifs_all/mp_1099080.cif,0.15013088
mp-1213535,../cifs_all/mp_1213535.cif,0.606294874
mp-1030940,../cifs_all/mp_1030940.cif,-2.408582422
mp-1034282,../cifs_all/mp_1034282.cif,-2.684903549
mp-1185494,../cifs_all/mp_1185494.cif,0.267849432385057
mp-655353,../cifs_all/mp_655353.cif,-0.958534772
mp-766043,../cifs_all/mp_766043.cif,-2.505343876
mp-1207574,../cifs_all/mp_1207574.cif,-0.085328141
mp-1048346,../cifs_all/mp_1048346.cif,-2.352625813
mp-11265,../cifs_all/mp_11265.cif,-0.676116902
mp-1221874,../cifs_all/mp_1221874.cif,0.008584863
mp-1111293,../cifs_all/mp_1111293.cif,-2.618074478
mp-29138,../cifs_all/mp_29138.cif,-0.817083149
mp-1044170,../cifs_all/mp_1044170.cif,-2.082709723
mp-1197269,../cifs_all/mp_1197269.cif,-0.526397145
mp-1075045,../cifs_all/mp_1075045.cif,0.173669987857142
mp-21896,../cifs_all/mp_21896.cif,-2.226846244
mp-22441,../cifs_all/mp_22441.cif,-2.836681419
mp-1033378,../cifs_all/mp_1033378.cif,-2.394794168
mp-985828,../cifs_all/mp_985828.cif,-0.199487099
mp-1077298,../cifs_all/mp_1077298.cif,-0.299319607
mp-1094579,../cifs_all/mp_1094579.cif,-0.021353167
mp-17864,../cifs_all/mp_17864.cif,-2.934091742
mp-1075725,../cifs_all/mp_1075725.cif,0.211479339
mp-765638,../cifs_all/mp_765638.cif,-2.395676206
mp-626450,../cifs_all/mp_626450.cif,-1.865143003
mp-1211584,../cifs_all/mp_1211584.cif,1.597863703985575
mp-1216357,../cifs_all/mp_1216357.cif,-1.493432662
mp-1220556,../cifs_all/mp_1220556.cif,-1.819481736
mp-1217036,../cifs_all/mp_1217036.cif,-2.333299513
mp-557680,../cifs_all/mp_557680.cif,-2.147974619
mp-568055,../cifs_all/mp_568055.cif,-1.013741709
mp-1198416,../cifs_all/mp_1198416.cif,-0.730867469
mp-1040468,../cifs_all/mp_1040468.cif,0.029378735
mp-1048542,../cifs_all/mp_1048542.cif,-2.448407934
mp-1215466,../cifs_all/mp_1215466.cif,-0.661143379
mp-1282693,../cifs_all/mp_1282693.cif,-1.294777398
mp-5564,../cifs_all/mp_5564.cif,-0.425653747
mp-1228258,../cifs_all/mp_1228258.cif,-2.441261727
mp-4847,../cifs_all/mp_4847.cif,-0.512973577
mp-21940,../cifs_all/mp_21940.cif,-2.763581731
mp-1882,../cifs_all/mp_1882.cif,-0.11010331
mp-752823,../cifs_all/mp_752823.cif,-2.789151879
mp-23684,../cifs_all/mp_23684.cif,-1.537835975
mp-861290,../cifs_all/mp_861290.cif,2.671253121666667
mp-1040898,../cifs_all/mp_1040898.cif,-2.013176138
mp-1218467,../cifs_all/mp_1218467.cif,-2.919102036
mp-755899,../cifs_all/mp_755899.cif,-1.579380403
mp-1193486,../cifs_all/mp_1193486.cif,-0.53818051
mp-1386967,../cifs_all/mp_1386967.cif,-1.605286385
mp-1211105,../cifs_all/mp_1211105.cif,-2.59865323
mp-1218666,../cifs_all/mp_1218666.cif,-2.379432606
mp-1106279,../cifs_all/mp_1106279.cif,-0.746196727
mp-1184279,../cifs_all/mp_1184279.cif,0.687243426
mp-1224045,../cifs_all/mp_1224045.cif,-0.286571823
mp-1229090,../cifs_all/mp_1229090.cif,-0.041446694
mp-849951,../cifs_all/mp_849951.cif,-2.538855978
mp-1096988,../cifs_all/mp_1096988.cif,-0.49281855
mp-1287629,../cifs_all/mp_1287629.cif,-2.327414085
mp-677703,../cifs_all/mp_677703.cif,-2.185695517
mp-1211952,../cifs_all/mp_1211952.cif,-2.366165276
mp-1193251,../cifs_all/mp_1193251.cif,-0.136425675
mp-642999,../cifs_all/mp_642999.cif,-1.744176028
mp-1173143,../cifs_all/mp_1173143.cif,-2.96839487
mp-1002115,../cifs_all/mp_1002115.cif,-0.856434428
mp-1209004,../cifs_all/mp_1209004.cif,-1.038703493
mp-1519654,../cifs_all/mp_1519654.cif,-2.406020861
mp-1212518,../cifs_all/mp_1212518.cif,-3.511843787
mp-1218107,../cifs_all/mp_1218107.cif,-2.252347119
mp-1214828,../cifs_all/mp_1214828.cif,-1.580138217
mp-1259488,../cifs_all/mp_1259488.cif,-2.731298177
mp-1207087,../cifs_all/mp_1207087.cif,-3.788501153
mp-1225404,../cifs_all/mp_1225404.cif,0.412600698
mp-1110813,../cifs_all/mp_1110813.cif,-0.93322119
mp-973269,../cifs_all/mp_973269.cif,-0.853818866
mp-1202749,../cifs_all/mp_1202749.cif,-3.146532735
mp-1219218,../cifs_all/mp_1219218.cif,-0.008629346
mp-2715226,../cifs_all/mp_2715226.cif,-2.990836011
mp-2761326,../cifs_all/mp_2761326.cif,-2.120692146
mp-752654,../cifs_all/mp_752654.cif,-1.666520006
mp-1189372,../cifs_all/mp_1189372.cif,-1.663879109
mp-1206988,../cifs_all/mp_1206988.cif,-0.269517326
mp-1095901,../cifs_all/mp_1095901.cif,1.097094547687504
mp-1086652,../cifs_all/mp_1086652.cif,-2.250060911
mp-1199741,../cifs_all/mp_1199741.cif,-2.087704987
mp-2715836,../cifs_all/mp_2715836.cif,-2.916794345
mp-2215916,../cifs_all/mp_2215916.cif,-1.428087239
mp-756098,../cifs_all/mp_756098.cif,-1.937003646
mp-686735,../cifs_all/mp_686735.cif,-3.075958548
mp-556039,../cifs_all/mp_556039.cif,-2.826943906
mp-1174697,../cifs_all/mp_1174697.cif,-1.821984983
mp-1100874,../cifs_all/mp_1100874.cif,-3.485943072
mp-1182578,../cifs_all/mp_1182578.cif,-1.607084816
mp-764715,../cifs_all/mp_764715.cif,-3.002118151
mp-1025431,../cifs_all/mp_1025431.cif,-1.192881412
mp-985440,../cifs_all/mp_985440.cif,-0.270960578
mp-1216407,../cifs_all/mp_1216407.cif,-0.533367297
mp-2220263,../cifs_all/mp_2220263.cif,-2.790622764
mp-1210232,../cifs_all/mp_1210232.cif,-2.263411203
mp-1189032,../cifs_all/mp_1189032.cif,-0.215270755
mp-1522276,../cifs_all/mp_1522276.cif,-2.798918354
mp-30176,../cifs_all/mp_30176.cif,-0.232895237
mp-687255,../cifs_all/mp_687255.cif,-1.08742463
mp-2713580,../cifs_all/mp_2713580.cif,-2.220029869
mp-2716208,../cifs_all/mp_2716208.cif,-2.704364591
mp-1206803,../cifs_all/mp_1206803.cif,-1.119007285
mp-1021518,../cifs_all/mp_1021518.cif,-1.046238894
mp-1223927,../cifs_all/mp_1223927.cif,-0.522369032
mp-557082,../cifs_all/mp_557082.cif,-1.267975344
mp-1517017,../cifs_all/mp_1517017.cif,-1.235496509
mp-1096221,../cifs_all/mp_1096221.cif,1.992030024999998
mp-1207649,../cifs_all/mp_1207649.cif,-2.572432896
mp-850329,../cifs_all/mp_850329.cif,-2.150087667
mp-754214,../cifs_all/mp_754214.cif,-1.408863723
mp-1194946,../cifs_all/mp_1194946.cif,-3.657740969
mp-695157,../cifs_all/mp_695157.cif,-2.706149212
mp-2713419,../cifs_all/mp_2713419.cif,-3.023408028
mp-1343048,../cifs_all/mp_1343048.cif,-2.018686817
mp-754983,../cifs_all/mp_754983.cif,-1.809369411
mp-756783,../cifs_all/mp_756783.cif,-2.267903499
mp-1093798,../cifs_all/mp_1093798.cif,1.9382865587499991
mp-759070,../cifs_all/mp_759070.cif,-2.478303889
mp-1320208,../cifs_all/mp_1320208.cif,-2.692474269
mp-17291,../cifs_all/mp_17291.cif,-0.846341746
mp-1039915,../cifs_all/mp_1039915.cif,-2.952888637
mp-1215619,../cifs_all/mp_1215619.cif,-0.804021726
mp-1198220,../cifs_all/mp_1198220.cif,-1.531331782
mp-1208254,../cifs_all/mp_1208254.cif,0.500707848
mp-1208906,../cifs_all/mp_1208906.cif,-1.565261066
mp-616204,../cifs_all/mp_616204.cif,-1.149888363
mp-865180,../cifs_all/mp_865180.cif,-0.63164613
mp-1212923,../cifs_all/mp_1212923.cif,-0.418638121
mp-780117,../cifs_all/mp_780117.cif,-2.060732314
mp-1111787,../cifs_all/mp_1111787.cif,-0.940619579
mp-1229312,../cifs_all/mp_1229312.cif,-2.04811267
mp-1101375,../cifs_all/mp_1101375.cif,-3.56688413
mp-755704,../cifs_all/mp_755704.cif,-2.145315913
mp-728750,../cifs_all/mp_728750.cif,-1.475217879
mp-772668,../cifs_all/mp_772668.cif,-2.430324808
mp-1232085,../cifs_all/mp_1232085.cif,-1.925217511
mp-1020578,../cifs_all/mp_1020578.cif,-2.419770833
mp-1110806,../cifs_all/mp_1110806.cif,-2.153734668
mp-767320,../cifs_all/mp_767320.cif,-2.371770102
mp-569149,../cifs_all/mp_569149.cif,-1.356825607
mp-1043750,../cifs_all/mp_1043750.cif,-2.903270536
mp-5684,../cifs_all/mp_5684.cif,-0.420160809
mp-759351,../cifs_all/mp_759351.cif,-2.547365149
mp-568319,../cifs_all/mp_568319.cif,-0.460506673
mp-849617,../cifs_all/mp_849617.cif,-2.267707764
mp-556320,../cifs_all/mp_556320.cif,-2.924758937
mp-1097236,../cifs_all/mp_1097236.cif,1.196750042083334
mp-1111974,../cifs_all/mp_1111974.cif,-2.870257153
mp-4936,../cifs_all/mp_4936.cif,-1.065422443
mp-1225249,../cifs_all/mp_1225249.cif,-0.332916326
mp-6388,../cifs_all/mp_6388.cif,-3.375311078
mp-1225401,../cifs_all/mp_1225401.cif,-1.165515424
mp-1227645,../cifs_all/mp_1227645.cif,-3.784133114
mp-1097516,../cifs_all/mp_1097516.cif,0.7830513412499961
mp-675880,../cifs_all/mp_675880.cif,-0.172309045
mp-555195,../cifs_all/mp_555195.cif,-2.573749861
mp-1246081,../cifs_all/mp_1246081.cif,0.404308337
mp-27493,../cifs_all/mp_27493.cif,-2.296379007
mp-22853,../cifs_all/mp_22853.cif,-0.999824282
mp-409,../cifs_all/mp_409.cif,-1.001984056
mp-2716076,../cifs_all/mp_2716076.cif,-2.565884574
mp-1226225,../cifs_all/mp_1226225.cif,-0.166764155
mp-2715108,../cifs_all/mp_2715108.cif,-2.775873629
mp-1008224,../cifs_all/mp_1008224.cif,-0.229811197
mp-557775,../cifs_all/mp_557775.cif,-1.120317601
mp-1518670,../cifs_all/mp_1518670.cif,-3.366694091
mp-2763071,../cifs_all/mp_2763071.cif,-3.219505896
mp-1110601,../cifs_all/mp_1110601.cif,-2.243152054
mp-1080486,../cifs_all/mp_1080486.cif,-1.03284415
mp-1176910,../cifs_all/mp_1176910.cif,-2.632283635
mp-758708,../cifs_all/mp_758708.cif,-2.329954492
mp-1232167,../cifs_all/mp_1232167.cif,-1.771106476
mp-1077866,../cifs_all/mp_1077866.cif,-2.931747434
mp-560584,../cifs_all/mp_560584.cif,-1.451764172
mp-30332,../cifs_all/mp_30332.cif,-0.224740177
mp-768782,../cifs_all/mp_768782.cif,-2.266214256
mp-770579,../cifs_all/mp_770579.cif,-1.51319303
mp-1046503,../cifs_all/mp_1046503.cif,-2.269953249
mp-995220,../cifs_all/mp_995220.cif,-0.398724048
mp-864748,../cifs_all/mp_864748.cif,-0.330461058
mp-31091,../cifs_all/mp_31091.cif,-0.841980272
mp-1184098,../cifs_all/mp_1184098.cif,0.321588955
mp-32887,../cifs_all/mp_32887.cif,-0.993203483
mp-1079334,../cifs_all/mp_1079334.cif,-2.399653263
mp-1225576,../cifs_all/mp_1225576.cif,-0.558044372
mp-1079065,../cifs_all/mp_1079065.cif,0.166364377500002
mp-1105399,../cifs_all/mp_1105399.cif,-3.126056116
mp-1103058,../cifs_all/mp_1103058.cif,-0.804547593
mp-2242292,../cifs_all/mp_2242292.cif,-0.625557019
mp-1204238,../cifs_all/mp_1204238.cif,-3.010437325
mp-10480,../cifs_all/mp_10480.cif,-0.470734911
mp-644225,../cifs_all/mp_644225.cif,-0.537444934
mp-978927,../cifs_all/mp_978927.cif,0.019492904
mp-1205204,../cifs_all/mp_1205204.cif,-1.777842611
mp-1401498,../cifs_all/mp_1401498.cif,-2.310557844
mp-555607,../cifs_all/mp_555607.cif,-2.323178936
mp-1222910,../cifs_all/mp_1222910.cif,-0.890197316
mp-1198640,../cifs_all/mp_1198640.cif,-0.401403456
mp-1068635,../cifs_all/mp_1068635.cif,-0.88933696
mp-733840,../cifs_all/mp_733840.cif,-1.29767696
mp-624769,../cifs_all/mp_624769.cif,-2.408979695
mp-867291,../cifs_all/mp_867291.cif,-0.576044608
mp-1520835,../cifs_all/mp_1520835.cif,-2.826719531
mp-1219175,../cifs_all/mp_1219175.cif,-2.047382922
mp-675564,../cifs_all/mp_675564.cif,-4.260823103
mp-1187244,../cifs_all/mp_1187244.cif,-0.992312818
mp-1174574,../cifs_all/mp_1174574.cif,-1.785014148
mp-1225428,../cifs_all/mp_1225428.cif,-3.061456643
mp-1096472,../cifs_all/mp_1096472.cif,1.353578881874999
mp-772328,../cifs_all/mp_772328.cif,-1.268226286
mp-543046,../cifs_all/mp_543046.cif,-2.698898492
mp-27918,../cifs_all/mp_27918.cif,-0.608910625
mp-1078498,../cifs_all/mp_1078498.cif,-0.389040606
mp-1199183,../cifs_all/mp_1199183.cif,-1.386024555
mp-555392,../cifs_all/mp_555392.cif,-1.438391684
mp-1198186,../cifs_all/mp_1198186.cif,-0.874527425
mp-1212607,../cifs_all/mp_1212607.cif,-0.187865016
mp-7245,../cifs_all/mp_7245.cif,0.093512972
mp-600024,../cifs_all/mp_600024.cif,-3.248780622
mp-1205078,../cifs_all/mp_1205078.cif,-2.908629536
mp-28673,../cifs_all/mp_28673.cif,-1.884116128
mp-1518563,../cifs_all/mp_1518563.cif,-2.939808651
mp-1202398,../cifs_all/mp_1202398.cif,1.108279620138885
mp-698762,../cifs_all/mp_698762.cif,-2.481590083
mp-2232132,../cifs_all/mp_2232132.cif,-2.733988857
mp-1096887,../cifs_all/mp_1096887.cif,-2.283689874
mp-971933,../cifs_all/mp_971933.cif,0.112601261666664
mp-686294,../cifs_all/mp_686294.cif,-2.086081906
mp-2716348,../cifs_all/mp_2716348.cif,-2.808237837
mp-568189,../cifs_all/mp_568189.cif,-1.567086088
mp-1031480,../cifs_all/mp_1031480.cif,-2.731415873
mp-1220209,../cifs_all/mp_1220209.cif,-2.290011239
mp-9957,../cifs_all/mp_9957.cif,-0.483464746
mp-18215,../cifs_all/mp_18215.cif,-2.608150599
mp-2232493,../cifs_all/mp_2232493.cif,-2.733762224
mp-1235780,../cifs_all/mp_1235780.cif,-2.493662906
mp-2218804,../cifs_all/mp_2218804.cif,-1.973669488
mp-1078003,../cifs_all/mp_1078003.cif,-0.466353227
mp-9830,../cifs_all/mp_9830.cif,-0.386600152
mp-3076,../cifs_all/mp_3076.cif,-1.150159868
mp-1175929,../cifs_all/mp_1175929.cif,-1.815856445
mp-982637,../cifs_all/mp_982637.cif,0.09973375
mp-771158,../cifs_all/mp_771158.cif,-3.141567448
mp-1020707,../cifs_all/mp_1020707.cif,-2.65538839
mp-1209535,../cifs_all/mp_1209535.cif,-2.660846187
mp-22117,../cifs_all/mp_22117.cif,-0.748586694
mp-1192994,../cifs_all/mp_1192994.cif,-1.913115489
mp-571135,../cifs_all/mp_571135.cif,-1.679717358
mp-505066,../cifs_all/mp_505066.cif,-2.737226595
mp-983479,../cifs_all/mp_983479.cif,-0.30661588
mp-7618,../cifs_all/mp_7618.cif,-3.477281507
mp-23391,../cifs_all/mp_23391.cif,-0.76359261
mp-1445156,../cifs_all/mp_1445156.cif,0.041876653
mp-1223353,../cifs_all/mp_1223353.cif,-0.268511155
mp-1225742,../cifs_all/mp_1225742.cif,0.012961134
mp-1080173,../cifs_all/mp_1080173.cif,-0.362991056
mp-776553,../cifs_all/mp_776553.cif,-2.403554346
mp-1040901,../cifs_all/mp_1040901.cif,-2.087631376
mp-1225034,../cifs_all/mp_1225034.cif,-0.265287384
mp-1225035,../cifs_all/mp_1225035.cif,-0.468494212
mp-1079666,../cifs_all/mp_1079666.cif,-0.930702788
mp-2714720,../cifs_all/mp_2714720.cif,-2.456686286
mp-867887,../cifs_all/mp_867887.cif,-0.548840732
mp-551269,../cifs_all/mp_551269.cif,-3.031905944
mp-1394183,../cifs_all/mp_1394183.cif,-0.038441315
mp-1214482,../cifs_all/mp_1214482.cif,-2.373993125
mp-762165,../cifs_all/mp_762165.cif,-1.24353582
mp-13119,../cifs_all/mp_13119.cif,-1.266895717
mp-1201568,../cifs_all/mp_1201568.cif,-1.959601424
mp-761070,../cifs_all/mp_761070.cif,-2.651514092
mp-1111674,../cifs_all/mp_1111674.cif,-1.566043789
mp-1196899,../cifs_all/mp_1196899.cif,-1.225864143
mp-1096255,../cifs_all/mp_1096255.cif,2.097479173899991
mp-1214816,../cifs_all/mp_1214816.cif,-0.206064092
mp-706285,../cifs_all/mp_706285.cif,-0.613967113
mp-1210357,../cifs_all/mp_1210357.cif,-2.634879244
mp-760664,../cifs_all/mp_760664.cif,-2.245867006
mp-1217634,../cifs_all/mp_1217634.cif,-2.310499528
mp-764959,../cifs_all/mp_764959.cif,-2.833538685
mp-1199706,../cifs_all/mp_1199706.cif,-1.915831117
mp-1192250,../cifs_all/mp_1192250.cif,-0.580607596
mp-1233342,../cifs_all/mp_1233342.cif,-2.4766292
mp-1017292,../cifs_all/mp_1017292.cif,0.2227286959375
mp-758141,../cifs_all/mp_758141.cif,-2.815339959
mp-1097476,../cifs_all/mp_1097476.cif,2.746744644999999
mp-1016827,../cifs_all/mp_1016827.cif,-2.040783233
mp-27691,../cifs_all/mp_27691.cif,-1.346559577
mp-510441,../cifs_all/mp_510441.cif,-1.081687851
mp-1651352,../cifs_all/mp_1651352.cif,-2.227311823
mp-23008,../cifs_all/mp_23008.cif,-1.991908585
mp-758353,../cifs_all/mp_758353.cif,-2.411254416
mp-1186448,../cifs_all/mp_1186448.cif,0.002060116
mp-759077,../cifs_all/mp_759077.cif,-2.499542927
mp-1187256,../cifs_all/mp_1187256.cif,0.09748568
mp-2227770,../cifs_all/mp_2227770.cif,-2.527254118
mp-21148,../cifs_all/mp_21148.cif,-0.328743498
mp-769073,../cifs_all/mp_769073.cif,-2.986091318
mp-753410,../cifs_all/mp_753410.cif,-2.38262
mp-1187345,../cifs_all/mp_1187345.cif,-0.846996967
mp-818640,../cifs_all/mp_818640.cif,-1.94633365
mp-16621,../cifs_all/mp_16621.cif,-0.568672183
mp-1519192,../cifs_all/mp_1519192.cif,-2.783816058
mp-1400697,../cifs_all/mp_1400697.cif,2.735376572142857
mp-570940,../cifs_all/mp_570940.cif,-0.664689849
mp-554435,../cifs_all/mp_554435.cif,-1.807452096
mp-1056418,../cifs_all/mp_1056418.cif,1.399728133333333
mp-1185876,../cifs_all/mp_1185876.cif,-0.088477013
mp-753590,../cifs_all/mp_753590.cif,-1.781493998
mp-1207411,../cifs_all/mp_1207411.cif,-0.562896916
mp-1173333,../cifs_all/mp_1173333.cif,-1.072323564
mp-657233,../cifs_all/mp_657233.cif,-1.187017621
mp-18677,../cifs_all/mp_18677.cif,-3.453176869
mp-1084761,../cifs_all/mp_1084761.cif,0.117267731500004
mp-1194813,../cifs_all/mp_1194813.cif,-0.703639325
mp-1202562,../cifs_all/mp_1202562.cif,0.477989129
mp-1120775,../cifs_all/mp_1120775.cif,-0.30408306
mp-571350,../cifs_all/mp_571350.cif,-0.778867536
mp-1181229,../cifs_all/mp_1181229.cif,-1.658239599
mp-1028302,../cifs_all/mp_1028302.cif,0.123409660624999
mp-1200343,../cifs_all/mp_1200343.cif,-0.700869439
mp-706809,../cifs_all/mp_706809.cif,-2.86292516
mp-1246356,../cifs_all/mp_1246356.cif,0.158885172
mp-1206725,../cifs_all/mp_1206725.cif,-0.557076072
mp-1217343,../cifs_all/mp_1217343.cif,-3.852704267
mp-978994,../cifs_all/mp_978994.cif,0.163322756
mp-22158,../cifs_all/mp_22158.cif,-0.289636384
mp-1522863,../cifs_all/mp_1522863.cif,-2.728739937
mp-1227183,../cifs_all/mp_1227183.cif,-3.220369613
mp-1187088,../cifs_all/mp_1187088.cif,0.096064245
mp-1232316,../cifs_all/mp_1232316.cif,-0.071106099
mp-761021,../cifs_all/mp_761021.cif,-1.576769844
mp-697855,../cifs_all/mp_697855.cif,-2.559459064
mp-1035830,../cifs_all/mp_1035830.cif,-2.86451457
mp-15237,../cifs_all/mp_15237.cif,-0.478776263
mp-1191527,../cifs_all/mp_1191527.cif,-0.316817235
mp-2218645,../cifs_all/mp_2218645.cif,-2.432612436
mp-9396,../cifs_all/mp_9396.cif,-1.24901579
mp-976425,../cifs_all/mp_976425.cif,-0.048576672
mp-7228,../cifs_all/mp_7228.cif,-1.895233783
mp-772618,../cifs_all/mp_772618.cif,-2.389896072
mp-1208754,../cifs_all/mp_1208754.cif,-2.387491132
mp-699041,../cifs_all/mp_699041.cif,-2.764111022
mp-1201093,../cifs_all/mp_1201093.cif,-0.648521079
mp-1208058,../cifs_all/mp_1208058.cif,-2.529673092
mp-1025024,../cifs_all/mp_1025024.cif,-0.763348316
mp-1284492,../cifs_all/mp_1284492.cif,-1.32425889
mp-1239181,../cifs_all/mp_1239181.cif,-1.121037308
mp-1220220,../cifs_all/mp_1220220.cif,-2.906284151
mp-1224243,../cifs_all/mp_1224243.cif,-0.643280977
mp-2222796,../cifs_all/mp_2222796.cif,-0.454035927
mp-569964,../cifs_all/mp_569964.cif,-0.82677051
mp-757226,../cifs_all/mp_757226.cif,-2.634131711
mp-560160,../cifs_all/mp_560160.cif,-3.233398862
mp-753516,../cifs_all/mp_753516.cif,-2.527018746
mp-554807,../cifs_all/mp_554807.cif,-3.664397379
mp-757280,../cifs_all/mp_757280.cif,-2.062824207
mp-554858,../cifs_all/mp_554858.cif,-2.922730889
mp-1006593,../cifs_all/mp_1006593.cif,-1.042592916
mp-1018717,../cifs_all/mp_1018717.cif,-0.385108832
mp-1214690,../cifs_all/mp_1214690.cif,-1.91787722
mp-1227068,../cifs_all/mp_1227068.cif,-2.905729902
mp-1208812,../cifs_all/mp_1208812.cif,-2.820886458
mp-752503,../cifs_all/mp_752503.cif,-3.80398551
mp-675541,../cifs_all/mp_675541.cif,-1.515306261
mp-725430,../cifs_all/mp_725430.cif,-2.96201953
mp-1224750,../cifs_all/mp_1224750.cif,-0.011903512
mp-1213429,../cifs_all/mp_1213429.cif,-2.361798296
mp-1213735,../cifs_all/mp_1213735.cif,-1.549219301
mp-1096167,../cifs_all/mp_1096167.cif,1.407717237500007
mp-2715065,../cifs_all/mp_2715065.cif,-1.951359337
mp-867750,../cifs_all/mp_867750.cif,-3.078507965
mp-1218491,../cifs_all/mp_1218491.cif,-2.592528748
mp-39387,../cifs_all/mp_39387.cif,-3.409202335
mp-2647103,../cifs_all/mp_2647103.cif,0.302517959999999
mp-777825,../cifs_all/mp_777825.cif,-1.08580549
mp-1080073,../cifs_all/mp_1080073.cif,-0.598986485
mp-1039167,../cifs_all/mp_1039167.cif,0.037713128749999
mp-760326,../cifs_all/mp_760326.cif,-2.912749329
mp-555232,../cifs_all/mp_555232.cif,-3.229446637
mp-6109,../cifs_all/mp_6109.cif,-3.47620165
mp-1350888,../cifs_all/mp_1350888.cif,-2.212992384
mp-22863,../cifs_all/mp_22863.cif,-0.329992296
mp-2716395,../cifs_all/mp_2716395.cif,-2.956917459
mp-19122,../cifs_all/mp_19122.cif,-3.103148712
mp-1087524,../cifs_all/mp_1087524.cif,-0.494802591
mp-24726,../cifs_all/mp_24726.cif,-0.533858495
mp-720255,../cifs_all/mp_720255.cif,-3.400359584
mp-2230576,../cifs_all/mp_2230576.cif,-2.274450323
mp-1188272,../cifs_all/mp_1188272.cif,-1.288510695
mp-1185738,../cifs_all/mp_1185738.cif,-0.050480548
mp-1247390,../cifs_all/mp_1247390.cif,-0.559406392
mp-2217634,../cifs_all/mp_2217634.cif,-2.672789482
mp-1216153,../cifs_all/mp_1216153.cif,-3.015071831
mp-1194045,../cifs_all/mp_1194045.cif,-0.779297032
mp-1175075,../cifs_all/mp_1175075.cif,-1.829748848
mp-1179380,../cifs_all/mp_1179380.cif,-0.275380922
mp-865545,../cifs_all/mp_865545.cif,-0.710019105
mp-1009007,../cifs_all/mp_1009007.cif,-0.883673083
mp-1975044,../cifs_all/mp_1975044.cif,-1.160777204
mp-551243,../cifs_all/mp_551243.cif,-2.184123108
mp-1205010,../cifs_all/mp_1205010.cif,-0.38415842
mp-1176146,../cifs_all/mp_1176146.cif,-1.815823201
mp-22352,../cifs_all/mp_22352.cif,-2.261919185
mp-30247,../cifs_all/mp_30247.cif,-2.002504449
mp-1324966,../cifs_all/mp_1324966.cif,-0.088037817
mp-1079852,../cifs_all/mp_1079852.cif,-0.765821873
mp-1093765,../cifs_all/mp_1093765.cif,1.683812753333327
mp-1019787,../cifs_all/mp_1019787.cif,-2.645673866
mp-1044996,../cifs_all/mp_1044996.cif,-2.78788512
mp-1099810,../cifs_all/mp_1099810.cif,-2.527383781
mp-1075589,../cifs_all/mp_1075589.cif,0.191214020454545
mp-753073,../cifs_all/mp_753073.cif,-3.054902002
mp-2713233,../cifs_all/mp_2713233.cif,-2.498674079
mp-20971,../cifs_all/mp_20971.cif,-0.401705385
mp-2218055,../cifs_all/mp_2218055.cif,-2.844364584
mp-1233060,../cifs_all/mp_1233060.cif,-1.744080623
mp-1104062,../cifs_all/mp_1104062.cif,-1.227702357
mp-562140,../cifs_all/mp_562140.cif,-1.675575098
mp-1302349,../cifs_all/mp_1302349.cif,-2.309587089
mp-1391360,../cifs_all/mp_1391360.cif,-2.141556878
mp-754520,../cifs_all/mp_754520.cif,-1.443294089
mp-859878,../cifs_all/mp_859878.cif,-2.781484682
mp-2712533,../cifs_all/mp_2712533.cif,-2.427825437
mp-1046697,../cifs_all/mp_1046697.cif,-2.074869164
mp-776984,../cifs_all/mp_776984.cif,-2.939101062
mp-567194,../cifs_all/mp_567194.cif,-0.36276061
mp-755460,../cifs_all/mp_755460.cif,-2.763732589
mp-28437,../cifs_all/mp_28437.cif,-1.624961624
mp-1518480,../cifs_all/mp_1518480.cif,-2.413970427
mp-1200854,../cifs_all/mp_1200854.cif,-0.459324105
mp-1522650,../cifs_all/mp_1522650.cif,-3.064104487
mp-1182182,../cifs_all/mp_1182182.cif,-1.0297528
mp-555447,../cifs_all/mp_555447.cif,-3.094573523
mp-732189,../cifs_all/mp_732189.cif,-1.327063193
mp-772303,../cifs_all/mp_772303.cif,-2.313648
mp-1192720,../cifs_all/mp_1192720.cif,-1.790877274
mp-1234041,../cifs_all/mp_1234041.cif,-2.747455214
mp-2232991,../cifs_all/mp_2232991.cif,-1.413696426
mp-1213236,../cifs_all/mp_1213236.cif,-1.7222451
mp-541236,../cifs_all/mp_541236.cif,-0.567688312
mp-1183989,../cifs_all/mp_1183989.cif,-0.095291576
mp-1184171,../cifs_all/mp_1184171.cif,-0.460332895
mp-1264530,../cifs_all/mp_1264530.cif,2.469773531874999
mp-771262,../cifs_all/mp_771262.cif,-2.468359278
mp-1203141,../cifs_all/mp_1203141.cif,-0.310223984
mp-628305,../cifs_all/mp_628305.cif,-1.018125357
mp-542450,../cifs_all/mp_542450.cif,-2.617358648
mp-1095575,../cifs_all/mp_1095575.cif,-0.51197799
mp-1194159,../cifs_all/mp_1194159.cif,-0.552190319
mp-1210989,../cifs_all/mp_1210989.cif,-2.777452726
mp-669699,../cifs_all/mp_669699.cif,0.139003352
mp-1212782,../cifs_all/mp_1212782.cif,-1.367474247
mp-756010,../cifs_all/mp_756010.cif,-1.522170043
mp-2712980,../cifs_all/mp_2712980.cif,-2.737423378
mp-25845,../cifs_all/mp_25845.cif,-2.538807487
mp-776083,../cifs_all/mp_776083.cif,-2.995080959
mp-1521023,../cifs_all/mp_1521023.cif,-2.348512417
mp-1007660,../cifs_all/mp_1007660.cif,0.35818915
mp-1206018,../cifs_all/mp_1206018.cif,0.05861271301724
mp-707443,../cifs_all/mp_707443.cif,-2.315502137
mp-2224446,../cifs_all/mp_2224446.cif,-1.879828894
mp-973636,../cifs_all/mp_973636.cif,-0.531972582
mp-1196816,../cifs_all/mp_1196816.cif,-2.98030823
mp-1206335,../cifs_all/mp_1206335.cif,-0.679749042
mp-1227672,../cifs_all/mp_1227672.cif,-0.170260893
mp-557780,../cifs_all/mp_557780.cif,-2.783280129
mp-1199056,../cifs_all/mp_1199056.cif,-0.178555172
mp-16403,../cifs_all/mp_16403.cif,-0.020491551
mp-680676,../cifs_all/mp_680676.cif,-1.65467277
mp-1522118,../cifs_all/mp_1522118.cif,-3.002564772
mp-2051619,../cifs_all/mp_2051619.cif,-1.316906028
mp-774383,../cifs_all/mp_774383.cif,-2.945998042
mp-1214464,../cifs_all/mp_1214464.cif,-0.679373762
mp-1198541,../cifs_all/mp_1198541.cif,-1.541418471
mp-1208775,../cifs_all/mp_1208775.cif,1.541539459642856
mp-1214125,../cifs_all/mp_1214125.cif,-3.508125961
mp-1191328,../cifs_all/mp_1191328.cif,-0.759863001
mp-17256,../cifs_all/mp_17256.cif,-3.962996572
mp-1198784,../cifs_all/mp_1198784.cif,-2.08911229
mp-1111830,../cifs_all/mp_1111830.cif,-1.520958603
mp-1197797,../cifs_all/mp_1197797.cif,-1.223357987
mp-10784,../cifs_all/mp_10784.cif,-1.955691798
mp-1080855,../cifs_all/mp_1080855.cif,-1.39524408
mp-1046020,../cifs_all/mp_1046020.cif,-3.007942629
mp-23476,../cifs_all/mp_23476.cif,-0.776527325
mp-1649779,../cifs_all/mp_1649779.cif,-1.892132224
mp-1074146,../cifs_all/mp_1074146.cif,0.179111155
mp-1175403,../cifs_all/mp_1175403.cif,-1.83277996
mp-744094,../cifs_all/mp_744094.cif,-3.437927848
mp-625174,../cifs_all/mp_625174.cif,-0.997321099
mp-1027949,../cifs_all/mp_1027949.cif,0.010626972
mp-554598,../cifs_all/mp_554598.cif,-0.919807808
mp-1223076,../cifs_all/mp_1223076.cif,-1.283685999
mp-1221709,../cifs_all/mp_1221709.cif,-0.262982186
mp-765488,../cifs_all/mp_765488.cif,-2.527288938
mp-2230268,../cifs_all/mp_2230268.cif,-2.857189015
mp-555669,../cifs_all/mp_555669.cif,-3.570381424
mp-760921,../cifs_all/mp_760921.cif,-1.607294608
mp-1175065,../cifs_all/mp_1175065.cif,-1.819377207
mp-1100689,../cifs_all/mp_1100689.cif,-1.775396963
mp-1101014,../cifs_all/mp_1101014.cif,-0.428789075
mp-1232335,../cifs_all/mp_1232335.cif,-1.410119233
mp-20622,../cifs_all/mp_20622.cif,-0.601336471
mp-5170,../cifs_all/mp_5170.cif,-0.718578307
mp-757454,../cifs_all/mp_757454.cif,-1.854342433
mp-1213338,../cifs_all/mp_1213338.cif,-1.87467593
mp-1181093,../cifs_all/mp_1181093.cif,-0.737885493
mp-1193860,../cifs_all/mp_1193860.cif,-1.037427809
mp-1216596,../cifs_all/mp_1216596.cif,-1.649091445
mp-1021897,../cifs_all/mp_1021897.cif,0.256637451875
mp-2715353,../cifs_all/mp_2715353.cif,-2.556133029
mp-1080094,../cifs_all/mp_1080094.cif,-0.415845341
mp-1183733,../cifs_all/mp_1183733.cif,0.256451935
mp-1214917,../cifs_all/mp_1214917.cif,-1.791193976
mp-1214627,../cifs_all/mp_1214627.cif,-2.534219222
mp-758833,../cifs_all/mp_758833.cif,-1.338534034
mp-570159,../cifs_all/mp_570159.cif,-0.633121055
mp-1214408,../cifs_all/mp_1214408.cif,-2.449970817
mp-571248,../cifs_all/mp_571248.cif,-0.193190285
mp-1238828,../cifs_all/mp_1238828.cif,-1.121496965
mp-678,../cifs_all/mp_678.cif,-0.109799735
mp-1271990,../cifs_all/mp_1271990.cif,-2.673972193
mp-863763,../cifs_all/mp_863763.cif,-1.499322637
mp-760314,../cifs_all/mp_760314.cif,-2.732790241
mp-1238847,../cifs_all/mp_1238847.cif,-1.03545737
mp-777337,../cifs_all/mp_777337.cif,-2.852364662
mp-553958,../cifs_all/mp_553958.cif,-2.347010149
mp-8258,../cifs_all/mp_8258.cif,-1.592054924
mp-1199860,../cifs_all/mp_1199860.cif,-1.720619003
mp-725613,../cifs_all/mp_725613.cif,0.8712415981462581
mp-1173467,../cifs_all/mp_1173467.cif,-3.193766455
mp-1186338,../cifs_all/mp_1186338.cif,-0.577330454
mp-1190063,../cifs_all/mp_1190063.cif,-0.753210194
mp-1397432,../cifs_all/mp_1397432.cif,-1.669466523
mp-1099316,../cifs_all/mp_1099316.cif,0.087079438
mp-1036172,../cifs_all/mp_1036172.cif,-2.711816284
mp-18341,../cifs_all/mp_18341.cif,-2.816598801
mp-1025550,../cifs_all/mp_1025550.cif,-1.299005835
mp-554082,../cifs_all/mp_554082.cif,-4.009504141
mp-29279,../cifs_all/mp_29279.cif,-0.728287981
mp-1521803,../cifs_all/mp_1521803.cif,-2.321521026
mp-5848,../cifs_all/mp_5848.cif,-0.892694894
mp-1030153,../cifs_all/mp_1030153.cif,-0.45941379
mp-723984,../cifs_all/mp_723984.cif,-1.228489348
mp-653697,../cifs_all/mp_653697.cif,-0.476531131
mp-1212733,../cifs_all/mp_1212733.cif,-0.693544986
mp-1220831,../cifs_all/mp_1220831.cif,-0.454577461
mp-733610,../cifs_all/mp_733610.cif,-1.025587126
mp-1219265,../cifs_all/mp_1219265.cif,-1.233008156
mp-867936,../cifs_all/mp_867936.cif,-2.118086247
mp-976190,../cifs_all/mp_976190.cif,-0.287411333
mp-1112342,../cifs_all/mp_1112342.cif,-2.372692741
mp-862805,../cifs_all/mp_862805.cif,-0.684204182
mp-1095978,../cifs_all/mp_1095978.cif,1.808228350625
mp-1179348,../cifs_all/mp_1179348.cif,-2.183584996
mp-690708,../cifs_all/mp_690708.cif,-2.345249438
mp-27394,../cifs_all/mp_27394.cif,-1.577583273
mp-1218676,../cifs_all/mp_1218676.cif,-2.204016162
mp-1218195,../cifs_all/mp_1218195.cif,-3.670529782
mp-1189784,../cifs_all/mp_1189784.cif,-0.577482487
mp-1189584,../cifs_all/mp_1189584.cif,-0.605749979
mp-1197621,../cifs_all/mp_1197621.cif,-0.119858286
mp-2715761,../cifs_all/mp_2715761.cif,-2.775775236
mp-1214106,../cifs_all/mp_1214106.cif,-3.020102749
mp-2224256,../cifs_all/mp_2224256.cif,-2.439309516
mp-1223098,../cifs_all/mp_1223098.cif,-0.13775359
mp-1213298,../cifs_all/mp_1213298.cif,-0.76672339
mp-604209,../cifs_all/mp_604209.cif,-0.124136284
mp-2231061,../cifs_all/mp_2231061.cif,-1.63006524
mp-1047756,../cifs_all/mp_1047756.cif,-2.799762154
mp-4053,../cifs_all/mp_4053.cif,-0.926908349
mp-1517346,../cifs_all/mp_1517346.cif,-2.926848272
mp-1221060,../cifs_all/mp_1221060.cif,-2.528144523
mp-567928,../cifs_all/mp_567928.cif,-0.676086106
mp-560333,../cifs_all/mp_560333.cif,-1.178742607
mp-2230402,../cifs_all/mp_2230402.cif,-1.848370104
mp-675109,../cifs_all/mp_675109.cif,-4.060320959
mp-626084,../cifs_all/mp_626084.cif,-1.72969805
mp-14048,../cifs_all/mp_14048.cif,-3.346113003
mp-10769,../cifs_all/mp_10769.cif,-0.316392503
mp-13065,../cifs_all/mp_13065.cif,-3.973794766
mp-2714360,../cifs_all/mp_2714360.cif,-2.718981296
mp-2224183,../cifs_all/mp_2224183.cif,-0.756193467
mp-770895,../cifs_all/mp_770895.cif,-1.818166441
mp-1213097,../cifs_all/mp_1213097.cif,-0.930643036
mp-1027906,../cifs_all/mp_1027906.cif,0.008755458
mp-1179447,../cifs_all/mp_1179447.cif,-3.249457961
mp-1102248,../cifs_all/mp_1102248.cif,-0.892890619
mp-530925,../cifs_all/mp_530925.cif,-0.693766723
mp-1224849,../cifs_all/mp_1224849.cif,-0.481015039
mp-2715690,../cifs_all/mp_2715690.cif,-3.006059056
mp-985595,../cifs_all/mp_985595.cif,-1.578365744
mp-1176248,../cifs_all/mp_1176248.cif,-1.788014645
mp-1189263,../cifs_all/mp_1189263.cif,-0.755867288
mp-557434,../cifs_all/mp_557434.cif,-3.348520545
mp-1203386,../cifs_all/mp_1203386.cif,-1.29475744
mp-1096491,../cifs_all/mp_1096491.cif,1.214920023333348
mp-1032757,../cifs_all/mp_1032757.cif,-2.771985771
mp-1207760,../cifs_all/mp_1207760.cif,-0.469933545
mp-1096384,../cifs_all/mp_1096384.cif,3.807533105000001
mp-768604,../cifs_all/mp_768604.cif,-2.660128851
mp-758514,../cifs_all/mp_758514.cif,-2.375569956
mp-22598,../cifs_all/mp_22598.cif,-1.994067388
mp-1205218,../cifs_all/mp_1205218.cif,-0.774950823
mp-774408,../cifs_all/mp_774408.cif,-2.055615721
mp-22485,../cifs_all/mp_22485.cif,-0.7078408
mp-768314,../cifs_all/mp_768314.cif,-2.248477878
mp-1025551,../cifs_all/mp_1025551.cif,-0.629987947
mp-865343,../cifs_all/mp_865343.cif,-0.56293748
mp-1211531,../cifs_all/mp_1211531.cif,-2.858806767
mp-1104450,../cifs_all/mp_1104450.cif,-0.674112969
mp-777856,../cifs_all/mp_777856.cif,-2.41884217
mp-22168,../cifs_all/mp_22168.cif,-0.888207887
mp-15793,../cifs_all/mp_15793.cif,-1.926553914
mp-1205813,../cifs_all/mp_1205813.cif,-0.667160658
mp-779511,../cifs_all/mp_779511.cif,-2.864762
mp-572805,../cifs_all/mp_572805.cif,-1.153329669
mp-582968,../cifs_all/mp_582968.cif,-0.748102376
mp-1187126,../cifs_all/mp_1187126.cif,0.07200627
mp-973101,../cifs_all/mp_973101.cif,-0.20277806
mp-1180501,../cifs_all/mp_1180501.cif,-1.72201176
mp-780467,../cifs_all/mp_780467.cif,-2.732812759
mp-11317,../cifs_all/mp_11317.cif,-0.00768836
mp-1042982,../cifs_all/mp_1042982.cif,-2.718836496
mp-1105132,../cifs_all/mp_1105132.cif,-1.185351721
mp-1195695,../cifs_all/mp_1195695.cif,-0.524445974
mp-775261,../cifs_all/mp_775261.cif,-2.417982142
mp-9807,../cifs_all/mp_9807.cif,-2.574390435
mp-2713066,../cifs_all/mp_2713066.cif,-2.211344746
mp-1195006,../cifs_all/mp_1195006.cif,-2.274091621
mp-1567236,../cifs_all/mp_1567236.cif,-2.422840146
mp-1185677,../cifs_all/mp_1185677.cif,0.017131569
mp-1028492,../cifs_all/mp_1028492.cif,-0.552628809
mp-1016873,../cifs_all/mp_1016873.cif,-3.660851149
mp-1208615,../cifs_all/mp_1208615.cif,-0.570500908
mp-1203255,../cifs_all/mp_1203255.cif,-1.319595144
mp-1225977,../cifs_all/mp_1225977.cif,-0.277792456
mp-772802,../cifs_all/mp_772802.cif,-2.799619853
mp-1246671,../cifs_all/mp_1246671.cif,-0.659284966
mp-1043126,../cifs_all/mp_1043126.cif,-1.974067785
mp-2713734,../cifs_all/mp_2713734.cif,-2.833547453
mp-30516,../cifs_all/mp_30516.cif,-0.523812147
mp-1219727,../cifs_all/mp_1219727.cif,0.073528619
mp-2715520,../cifs_all/mp_2715520.cif,-2.960574598
mp-2230127,../cifs_all/mp_2230127.cif,-2.151309113
mp-753556,../cifs_all/mp_753556.cif,-2.023472987
mp-1202389,../cifs_all/mp_1202389.cif,-1.414569244
mp-850422,../cifs_all/mp_850422.cif,-1.801641421
mp-1175230,../cifs_all/mp_1175230.cif,-2.062822814
mp-1096680,../cifs_all/mp_1096680.cif,0.6474635979166631
mp-1097605,../cifs_all/mp_1097605.cif,3.688698092500004
mp-1078848,../cifs_all/mp_1078848.cif,1.353893674499999
mp-555625,../cifs_all/mp_555625.cif,-1.559953703
mp-1186465,../cifs_all/mp_1186465.cif,-0.663839942
mp-1047170,../cifs_all/mp_1047170.cif,-2.411782315
mp-759785,../cifs_all/mp_759785.cif,-2.899316856
mp-778200,../cifs_all/mp_778200.cif,-2.651164407
mp-11851,../cifs_all/mp_11851.cif,-0.483224095
mp-548691,../cifs_all/mp_548691.cif,-2.556500499
mp-1184021,../cifs_all/mp_1184021.cif,0.02235081
mp-1235263,../cifs_all/mp_1235263.cif,-1.240448288
mp-18742,../cifs_all/mp_18742.cif,-2.980665297
mp-1044492,../cifs_all/mp_1044492.cif,-2.267976905
mp-1173945,../cifs_all/mp_1173945.cif,-2.118711611
mp-554293,../cifs_all/mp_554293.cif,-1.735296111
mp-1042037,../cifs_all/mp_1042037.cif,-2.68012112
mp-782649,../cifs_all/mp_782649.cif,-2.007023509
mp-2458726,../cifs_all/mp_2458726.cif,-0.311178785
mp-2218267,../cifs_all/mp_2218267.cif,-2.88072829
mp-1225750,../cifs_all/mp_1225750.cif,-0.647382202
mp-1104955,../cifs_all/mp_1104955.cif,-1.101892774
mp-20030,../cifs_all/mp_20030.cif,-0.086907176
mp-1017473,../cifs_all/mp_1017473.cif,0.342922631
mp-28950,../cifs_all/mp_28950.cif,-0.790142566
mp-1194501,../cifs_all/mp_1194501.cif,-1.210709944
mp-2230285,../cifs_all/mp_2230285.cif,-1.32800354
mp-3456,../cifs_all/mp_3456.cif,-0.641272478
mp-2713558,../cifs_all/mp_2713558.cif,-2.879135644
mp-1032336,../cifs_all/mp_1032336.cif,-2.664641148
mp-757169,../cifs_all/mp_757169.cif,-2.762321796
mp-1228318,../cifs_all/mp_1228318.cif,-2.240789612
mp-754873,../cifs_all/mp_754873.cif,-2.515001595
mp-763240,../cifs_all/mp_763240.cif,-2.329689338
mp-1212838,../cifs_all/mp_1212838.cif,-0.519395025
mp-1179315,../cifs_all/mp_1179315.cif,-2.377819146
mp-555888,../cifs_all/mp_555888.cif,-1.717985148
mp-505712,../cifs_all/mp_505712.cif,-1.645327231
mp-555237,../cifs_all/mp_555237.cif,-2.642902285
mp-39072,../cifs_all/mp_39072.cif,-1.204866684
mp-569607,../cifs_all/mp_569607.cif,-0.654298794
mp-684534,../cifs_all/mp_684534.cif,-2.680083917
mp-1113,../cifs_all/mp_1113.cif,-0.245683129
mp-1079399,../cifs_all/mp_1079399.cif,-0.171136886
mp-765583,../cifs_all/mp_765583.cif,-2.341758084
mp-1521140,../cifs_all/mp_1521140.cif,-3.622634122
mp-1099304,../cifs_all/mp_1099304.cif,0.080742167
mp-1025692,../cifs_all/mp_1025692.cif,-0.510908644
mp-1214945,../cifs_all/mp_1214945.cif,-0.462328704
mp-756510,../cifs_all/mp_756510.cif,-2.377695598
mp-1095988,../cifs_all/mp_1095988.cif,0.845680779
mp-1223521,../cifs_all/mp_1223521.cif,-0.848828406
mp-571491,../cifs_all/mp_571491.cif,-0.439571979
mp-1245883,../cifs_all/mp_1245883.cif,-1.653732402
mp-863760,../cifs_all/mp_863760.cif,-1.466690679
mp-1204878,../cifs_all/mp_1204878.cif,-0.939914445
mp-915377,../cifs_all/mp_915377.cif,-2.465198815
mp-1189069,../cifs_all/mp_1189069.cif,-2.394001295
mp-1245205,../cifs_all/mp_1245205.cif,-1.159457945
mp-1200445,../cifs_all/mp_1200445.cif,-1.523609591
mp-2714674,../cifs_all/mp_2714674.cif,-2.469220678
mp-1202772,../cifs_all/mp_1202772.cif,-1.028109638
mp-1097046,../cifs_all/mp_1097046.cif,-3.569867791
mp-1374732,../cifs_all/mp_1374732.cif,-0.068018174
mp-1210782,../cifs_all/mp_1210782.cif,-0.314640926
mp-1213720,../cifs_all/mp_1213720.cif,-1.453005206
mp-2228952,../cifs_all/mp_2228952.cif,-0.979608831
mp-1097683,../cifs_all/mp_1097683.cif,2.285145984218751
mp-752652,../cifs_all/mp_752652.cif,-2.063636205
mp-1186759,../cifs_all/mp_1186759.cif,-0.34660565
mp-2220495,../cifs_all/mp_2220495.cif,-2.118295899
mp-1227033,../cifs_all/mp_1227033.cif,-0.435985016
mp-1033650,../cifs_all/mp_1033650.cif,-1.980054246
mp-675802,../cifs_all/mp_675802.cif,-3.908353985
mp-1031286,../cifs_all/mp_1031286.cif,-2.107594022
mp-1100536,../cifs_all/mp_1100536.cif,-2.143526281
mp-729050,../cifs_all/mp_729050.cif,-1.49036513
mp-1218475,../cifs_all/mp_1218475.cif,-1.83959948
mp-1110569,../cifs_all/mp_1110569.cif,-2.814037027
mp-1093795,../cifs_all/mp_1093795.cif,0.9499869072443372
mp-764707,../cifs_all/mp_764707.cif,-2.472180119
mp-1022589,../cifs_all/mp_1022589.cif,0.001217029
mp-998155,../cifs_all/mp_998155.cif,-2.599825012
mp-1105361,../cifs_all/mp_1105361.cif,-3.343892565
mp-1209186,../cifs_all/mp_1209186.cif,-0.337982273
mp-28941,../cifs_all/mp_28941.cif,-0.929111803
mp-696931,../cifs_all/mp_696931.cif,-1.130355234
mp-20272,../cifs_all/mp_20272.cif,-0.942711263
mp-729824,../cifs_all/mp_729824.cif,-0.157003992
mp-1186048,../cifs_all/mp_1186048.cif,0.6854772727155171
mp-36002,../cifs_all/mp_36002.cif,-3.051104415
mp-1211276,../cifs_all/mp_1211276.cif,-2.907260194
mp-28317,../cifs_all/mp_28317.cif,-0.324793825
mp-978504,../cifs_all/mp_978504.cif,-2.912901177
mp-755361,../cifs_all/mp_755361.cif,-2.285387789
mp-1185365,../cifs_all/mp_1185365.cif,-0.460586658
mp-1029264,../cifs_all/mp_1029264.cif,-0.323210138
mp-20264,../cifs_all/mp_20264.cif,-0.452003295
mp-1233890,../cifs_all/mp_1233890.cif,-2.533317163
mp-1207442,../cifs_all/mp_1207442.cif,0.387596773499996
mp-1183787,../cifs_all/mp_1183787.cif,0.082262339
mp-766427,../cifs_all/mp_766427.cif,-1.795891474
mp-756890,../cifs_all/mp_756890.cif,-2.587575789
mp-1020014,../cifs_all/mp_1020014.cif,-2.817591519
mp-17791,../cifs_all/mp_17791.cif,-0.804777818
mp-684884,../cifs_all/mp_684884.cif,-1.971375453
mp-649453,../cifs_all/mp_649453.cif,-1.551805647
mp-1101933,../cifs_all/mp_1101933.cif,-0.370361692
mp-1187787,../cifs_all/mp_1187787.cif,0.599620702
mp-1219498,../cifs_all/mp_1219498.cif,0.10379528
mp-2715333,../cifs_all/mp_2715333.cif,-2.797171061
mp-756161,../cifs_all/mp_756161.cif,-1.568578555
mp-1233207,../cifs_all/mp_1233207.cif,-2.333125908
mp-1408959,../cifs_all/mp_1408959.cif,-2.24456211
mp-1180817,../cifs_all/mp_1180817.cif,-0.430737784
mp-1228514,../cifs_all/mp_1228514.cif,-1.937416777
mp-777962,../cifs_all/mp_777962.cif,-2.432884618
mp-1120757,../cifs_all/mp_1120757.cif,0.448035986
mp-972494,../cifs_all/mp_972494.cif,-0.051760571
mp-22714,../cifs_all/mp_22714.cif,-0.354659542
mp-561286,../cifs_all/mp_561286.cif,-0.962588304
mp-557451,../cifs_all/mp_557451.cif,-2.66211572
mp-556497,../cifs_all/mp_556497.cif,-2.33540755
mp-1205433,../cifs_all/mp_1205433.cif,-0.835874451
mp-2714431,../cifs_all/mp_2714431.cif,-3.023178924
mp-2232260,../cifs_all/mp_2232260.cif,-1.502572277
mp-770553,../cifs_all/mp_770553.cif,-2.337489377
mp-3247,../cifs_all/mp_3247.cif,-1.621142408
mp-1022614,../cifs_all/mp_1022614.cif,0.093550566
mp-754393,../cifs_all/mp_754393.cif,-2.087851223
mp-28277,../cifs_all/mp_28277.cif,-1.707505457
mp-1211847,../cifs_all/mp_1211847.cif,-0.184784109
mp-1191394,../cifs_all/mp_1191394.cif,-0.687350764
mp-1215602,../cifs_all/mp_1215602.cif,0.147487121249998
mp-1245264,../cifs_all/mp_1245264.cif,-3.145390609
mp-20069,../cifs_all/mp_20069.cif,-1.752120893
mp-542710,../cifs_all/mp_542710.cif,-1.978162148
mp-865526,../cifs_all/mp_865526.cif,-2.322419039
mp-1071690,../cifs_all/mp_1071690.cif,-0.187673226
mp-1520360,../cifs_all/mp_1520360.cif,-2.678612069
mp-757754,../cifs_all/mp_757754.cif,-2.413098157
mp-1291817,../cifs_all/mp_1291817.cif,-1.865385717
mp-1215521,../cifs_all/mp_1215521.cif,-0.448949697
mp-1228043,../cifs_all/mp_1228043.cif,-0.573069827
mp-1223952,../cifs_all/mp_1223952.cif,-0.82173982
mp-2019952,../cifs_all/mp_2019952.cif,-0.144161068
mp-19513,../cifs_all/mp_19513.cif,-2.327886139
mp-4482,../cifs_all/mp_4482.cif,-2.056832527
mp-1520748,../cifs_all/mp_1520748.cif,-2.225184434
mp-1097226,../cifs_all/mp_1097226.cif,1.585645443017241
mp-776272,../cifs_all/mp_776272.cif,-1.664559921
mp-1106079,../cifs_all/mp_1106079.cif,-0.725627333
mp-677780,../cifs_all/mp_677780.cif,-3.22090791
mp-26326,../cifs_all/mp_26326.cif,-2.490929492
mp-1516435,../cifs_all/mp_1516435.cif,-2.879752633
mp-774105,../cifs_all/mp_774105.cif,-2.910897138
mp-1018134,../cifs_all/mp_1018134.cif,0.0
mp-753364,../cifs_all/mp_753364.cif,-2.402468076
mp-1181808,../cifs_all/mp_1181808.cif,-0.727855595
mp-2217873,../cifs_all/mp_2217873.cif,-1.541539852
mp-1225559,../cifs_all/mp_1225559.cif,-0.336446937
mp-1031483,../cifs_all/mp_1031483.cif,-2.384405601
mp-1232035,../cifs_all/mp_1232035.cif,-1.725792936
mp-559757,../cifs_all/mp_559757.cif,-2.247765555
mp-849784,../cifs_all/mp_849784.cif,-1.745776205
mp-760274,../cifs_all/mp_760274.cif,-2.329390985
mp-731800,../cifs_all/mp_731800.cif,-0.791200724
mp-675751,../cifs_all/mp_675751.cif,-3.401624915
mp-2789384,../cifs_all/mp_2789384.cif,0.321352537
mp-1217299,../cifs_all/mp_1217299.cif,-0.631361762
mp-1094347,../cifs_all/mp_1094347.cif,0.213189822499999
mp-570021,../cifs_all/mp_570021.cif,-0.955324132
mp-1346978,../cifs_all/mp_1346978.cif,-1.961553258
mp-8037,../cifs_all/mp_8037.cif,-3.691689851
mp-752869,../cifs_all/mp_752869.cif,-2.64526185
mp-772882,../cifs_all/mp_772882.cif,-3.031162951
mp-760050,../cifs_all/mp_760050.cif,-3.22546477
mp-1176840,../cifs_all/mp_1176840.cif,-2.439379162
mp-1200392,../cifs_all/mp_1200392.cif,-1.627373152
mp-768869,../cifs_all/mp_768869.cif,-2.527545705
mp-1212185,../cifs_all/mp_1212185.cif,-2.013565074
mp-1025447,../cifs_all/mp_1025447.cif,-0.227410694
mp-2712849,../cifs_all/mp_2712849.cif,-2.912125665
mp-705680,../cifs_all/mp_705680.cif,-2.793216375
mp-1030685,../cifs_all/mp_1030685.cif,-0.533080127
mp-776113,../cifs_all/mp_776113.cif,-2.546825109
mp-1522553,../cifs_all/mp_1522553.cif,-2.696601852
mp-1111738,../cifs_all/mp_1111738.cif,-1.293645463
mp-1041366,../cifs_all/mp_1041366.cif,-1.46400501
mp-12646,../cifs_all/mp_12646.cif,-3.188677661
mp-765984,../cifs_all/mp_765984.cif,-2.985023533
mp-768086,../cifs_all/mp_768086.cif,-2.234722153
mp-3603,../cifs_all/mp_3603.cif,-1.551559743
mp-9503,../cifs_all/mp_9503.cif,-1.4500414
mp-505245,../cifs_all/mp_505245.cif,-1.696262758
mp-557882,../cifs_all/mp_557882.cif,-1.228842841
mp-643913,../cifs_all/mp_643913.cif,-0.638428678
mp-865749,../cifs_all/mp_865749.cif,-1.040129782
mp-697556,../cifs_all/mp_697556.cif,-0.995772402
mp-1183175,../cifs_all/mp_1183175.cif,-0.504874686
mp-1213331,../cifs_all/mp_1213331.cif,-1.733641879
mp-1206338,../cifs_all/mp_1206338.cif,-3.199738947
mp-23660,../cifs_all/mp_23660.cif,-2.18846698
mp-1221226,../cifs_all/mp_1221226.cif,-3.050296715
mp-1018666,../cifs_all/mp_1018666.cif,-0.535659118
mp-769003,../cifs_all/mp_769003.cif,-2.708353833
mp-1192729,../cifs_all/mp_1192729.cif,-0.601662308
mp-1204380,../cifs_all/mp_1204380.cif,-1.304955964
mp-752739,../cifs_all/mp_752739.cif,-1.664252274
mp-975784,../cifs_all/mp_975784.cif,0.077412937
mp-2714037,../cifs_all/mp_2714037.cif,-2.340059318
mp-1245687,../cifs_all/mp_1245687.cif,-0.639299041
mp-556688,../cifs_all/mp_556688.cif,-2.745950436
mp-1200054,../cifs_all/mp_1200054.cif,-2.17893314
mp-1047527,../cifs_all/mp_1047527.cif,-2.929702393
mp-1180332,../cifs_all/mp_1180332.cif,-0.645557609
mp-1202156,../cifs_all/mp_1202156.cif,-1.857858586
mp-2229088,../cifs_all/mp_2229088.cif,-3.514370508
mp-1221359,../cifs_all/mp_1221359.cif,-1.627587859
mp-755941,../cifs_all/mp_755941.cif,-3.781206401
mp-1212980,../cifs_all/mp_1212980.cif,-2.571072765
mp-759022,../cifs_all/mp_759022.cif,-1.711110774
mp-771034,../cifs_all/mp_771034.cif,-2.110132247
mp-1208014,../cifs_all/mp_1208014.cif,-3.295462944
mp-1520014,../cifs_all/mp_1520014.cif,-2.283235542
mp-1048370,../cifs_all/mp_1048370.cif,-1.755340748
mp-674964,../cifs_all/mp_674964.cif,-2.813583128
mp-644136,../cifs_all/mp_644136.cif,-0.567461766
mp-1223158,../cifs_all/mp_1223158.cif,-3.043506945
mp-1069801,../cifs_all/mp_1069801.cif,-0.550702684
mp-1102469,../cifs_all/mp_1102469.cif,-1.568772101
mp-22960,../cifs_all/mp_22960.cif,-0.357051998
mp-1211499,../cifs_all/mp_1211499.cif,-0.8647857
mp-1444748,../cifs_all/mp_1444748.cif,-1.735400044
mp-683883,../cifs_all/mp_683883.cif,-3.102683351
mp-780006,../cifs_all/mp_780006.cif,-1.527070555
mp-1185119,../cifs_all/mp_1185119.cif,0.0378772976875
mp-639496,../cifs_all/mp_639496.cif,-0.52643502
mp-766078,../cifs_all/mp_766078.cif,-2.038248302
mp-1216824,../cifs_all/mp_1216824.cif,-0.464877946
mp-772072,../cifs_all/mp_772072.cif,-2.197448208
mp-753746,../cifs_all/mp_753746.cif,-1.133168373
mp-1036956,../cifs_all/mp_1036956.cif,-2.899798048
mp-1201730,../cifs_all/mp_1201730.cif,-0.528588147
mp-696,../cifs_all/mp_696.cif,-0.697013624
mp-779367,../cifs_all/mp_779367.cif,-2.593926654
mp-1046053,../cifs_all/mp_1046053.cif,-1.944906977
mp-2093,../cifs_all/mp_2093.cif,-0.187741219
mp-1232387,../cifs_all/mp_1232387.cif,-1.927451213
mp-1191493,../cifs_all/mp_1191493.cif,-0.685776116
mp-1219401,../cifs_all/mp_1219401.cif,-1.41896176
mp-1207195,../cifs_all/mp_1207195.cif,-0.043698443
mp-25948,../cifs_all/mp_25948.cif,-2.524126822
mp-1076409,../cifs_all/mp_1076409.cif,-2.38343843
mp-1220521,../cifs_all/mp_1220521.cif,-0.562772955
mp-754835,../cifs_all/mp_754835.cif,-1.308793039
mp-22219,../cifs_all/mp_22219.cif,-1.747791759
mp-1183818,../cifs_all/mp_1183818.cif,-0.390451565
mp-1235501,../cifs_all/mp_1235501.cif,-2.662444317
mp-1032752,../cifs_all/mp_1032752.cif,-2.266239073
mp-1546639,../cifs_all/mp_1546639.cif,-0.523081763
mp-1200048,../cifs_all/mp_1200048.cif,-0.066557926
mp-1314097,../cifs_all/mp_1314097.cif,-1.937746536
mp-720876,../cifs_all/mp_720876.cif,-1.48498275
mp-1522188,../cifs_all/mp_1522188.cif,-3.248522409
mp-1078929,../cifs_all/mp_1078929.cif,-0.015045646
mp-1190924,../cifs_all/mp_1190924.cif,-1.600250111
mp-1189652,../cifs_all/mp_1189652.cif,1.034553188169644
mp-561367,../cifs_all/mp_561367.cif,0.00299408
mp-1224195,../cifs_all/mp_1224195.cif,-0.931858801
mp-1221187,../cifs_all/mp_1221187.cif,-2.612890682
mp-768081,../cifs_all/mp_768081.cif,-2.239467642
mp-1185252,../cifs_all/mp_1185252.cif,0.233581138749997
mp-760830,../cifs_all/mp_760830.cif,-1.940663448
mp-756652,../cifs_all/mp_756652.cif,-2.000652019
mp-1098064,../cifs_all/mp_1098064.cif,-2.693004543
mp-4810,../cifs_all/mp_4810.cif,-0.569165426
mp-2233724,../cifs_all/mp_2233724.cif,-3.085474343
mp-1186809,../cifs_all/mp_1186809.cif,-0.403848118
mp-19714,../cifs_all/mp_19714.cif,-0.698405137
mp-2033,../cifs_all/mp_2033.cif,0.014724856562498
mp-1221986,../cifs_all/mp_1221986.cif,-2.027670963
mp-1205823,../cifs_all/mp_1205823.cif,-3.59317831
mp-764,../cifs_all/mp_764.cif,-0.08812799
mp-28076,../cifs_all/mp_28076.cif,-1.890991679
mp-1186878,../cifs_all/mp_1186878.cif,-2.609210001
mp-1221573,../cifs_all/mp_1221573.cif,-0.129889704
mp-776082,../cifs_all/mp_776082.cif,-3.258164591
mp-1390510,../cifs_all/mp_1390510.cif,-2.127861677
mp-762657,../cifs_all/mp_762657.cif,-2.503628519
mp-1180136,../cifs_all/mp_1180136.cif,-0.54950536
mp-643365,../cifs_all/mp_643365.cif,-1.213777545
mp-557825,../cifs_all/mp_557825.cif,-0.658264001
mp-555658,../cifs_all/mp_555658.cif,-1.811330477
mp-561458,../cifs_all/mp_561458.cif,-2.897920313
mp-1184093,../cifs_all/mp_1184093.cif,0.047242876
mp-27861,../cifs_all/mp_27861.cif,-0.444471896
mp-1205111,../cifs_all/mp_1205111.cif,-1.486321344
mp-1018660,../cifs_all/mp_1018660.cif,-0.635787703
mp-579812,../cifs_all/mp_579812.cif,-0.70576909
mp-12801,../cifs_all/mp_12801.cif,0.200921929
mp-600018,../cifs_all/mp_600018.cif,-3.255606931
mp-1232356,../cifs_all/mp_1232356.cif,-0.334725176
mp-1223402,../cifs_all/mp_1223402.cif,-2.588048146
mp-1248957,../cifs_all/mp_1248957.cif,-3.251251415
mp-1210460,../cifs_all/mp_1210460.cif,-1.65715726
mp-583429,../cifs_all/mp_583429.cif,-0.167714385
mp-759316,../cifs_all/mp_759316.cif,-2.29486962
mp-1208518,../cifs_all/mp_1208518.cif,-3.784206
mp-1217595,../cifs_all/mp_1217595.cif,-0.458746758
mp-773072,../cifs_all/mp_773072.cif,-3.173765337
mp-1192364,../cifs_all/mp_1192364.cif,-2.107091755
mp-1194928,../cifs_all/mp_1194928.cif,-3.23747312
mp-3065,../cifs_all/mp_3065.cif,-0.440760697
mp-1220152,../cifs_all/mp_1220152.cif,-0.796210309
mp-1236002,../cifs_all/mp_1236002.cif,-2.111860982
mp-1223318,../cifs_all/mp_1223318.cif,-3.490612688
mp-774796,../cifs_all/mp_774796.cif,-2.300385795
mp-1106277,../cifs_all/mp_1106277.cif,-3.252176364
mp-1205195,../cifs_all/mp_1205195.cif,-0.173442934
mp-1028050,../cifs_all/mp_1028050.cif,0.25527112015625
mp-1246306,../cifs_all/mp_1246306.cif,-0.284505797
mp-1025437,../cifs_all/mp_1025437.cif,-2.298157952
mp-1102033,../cifs_all/mp_1102033.cif,-1.622399005
mp-753021,../cifs_all/mp_753021.cif,-2.21918564
mp-707327,../cifs_all/mp_707327.cif,-1.204195898
mp-1214013,../cifs_all/mp_1214013.cif,-0.836794381
mp-2715936,../cifs_all/mp_2715936.cif,-2.483436301
mp-27832,../cifs_all/mp_27832.cif,-1.431323001
mp-1239227,../cifs_all/mp_1239227.cif,-0.764848039
mp-1080362,../cifs_all/mp_1080362.cif,-1.396319765
mp-1217988,../cifs_all/mp_1217988.cif,-0.116556042
mp-15739,../cifs_all/mp_15739.cif,-2.133396848
mp-6829,../cifs_all/mp_6829.cif,-2.493999057
mp-20027,../cifs_all/mp_20027.cif,-0.535309516
mp-1040999,../cifs_all/mp_1040999.cif,-1.056261503
mp-787524,../cifs_all/mp_787524.cif,-2.211837189
mp-1075240,../cifs_all/mp_1075240.cif,0.172342484285714
mp-22709,../cifs_all/mp_22709.cif,-0.658703471
mp-1195936,../cifs_all/mp_1195936.cif,-0.846080051
mp-1235306,../cifs_all/mp_1235306.cif,-2.061772752
mp-640357,../cifs_all/mp_640357.cif,-3.120083336
mp-758604,../cifs_all/mp_758604.cif,-2.102235913
mp-2716500,../cifs_all/mp_2716500.cif,-3.071956118
mp-4476,../cifs_all/mp_4476.cif,-0.732487628
mp-774371,../cifs_all/mp_774371.cif,-2.976422848
mp-1228181,../cifs_all/mp_1228181.cif,-2.976427975
mp-1190933,../cifs_all/mp_1190933.cif,1.049582007575754
mp-1194001,../cifs_all/mp_1194001.cif,-3.548600195
mp-1223673,../cifs_all/mp_1223673.cif,-0.433629178
mp-532212,../cifs_all/mp_532212.cif,-2.798336108
mp-1174117,../cifs_all/mp_1174117.cif,-1.914001424
mp-867190,../cifs_all/mp_867190.cif,-0.785081836
mp-1100427,../cifs_all/mp_1100427.cif,-0.28035726
mp-1207260,../cifs_all/mp_1207260.cif,-0.737992147
mp-2232584,../cifs_all/mp_2232584.cif,-0.626015746
mp-1191981,../cifs_all/mp_1191981.cif,-0.692844066
mp-532522,../cifs_all/mp_532522.cif,-2.257402914
mp-1209306,../cifs_all/mp_1209306.cif,-0.116971001
mp-1178903,../cifs_all/mp_1178903.cif,-3.235541796
mp-764883,../cifs_all/mp_764883.cif,-1.457981431
mp-568663,../cifs_all/mp_568663.cif,0.279502293
mp-1211022,../cifs_all/mp_1211022.cif,-0.403608654
mp-13504,../cifs_all/mp_13504.cif,-0.489297177
mp-1113030,../cifs_all/mp_1113030.cif,-1.597138482
mp-1225772,../cifs_all/mp_1225772.cif,-0.31411362
mp-1101381,../cifs_all/mp_1101381.cif,-2.295443272
mp-1186573,../cifs_all/mp_1186573.cif,-0.673426959
mp-2713720,../cifs_all/mp_2713720.cif,-2.792987239
mp-761266,../cifs_all/mp_761266.cif,-2.648676306
mp-1018147,../cifs_all/mp_1018147.cif,-0.709517608
mp-1096896,../cifs_all/mp_1096896.cif,0.085316826
mp-510292,../cifs_all/mp_510292.cif,-1.360495211
mp-1031541,../cifs_all/mp_1031541.cif,-2.485623725
mp-2226951,../cifs_all/mp_2226951.cif,-1.968071446
mp-1329932,../cifs_all/mp_1329932.cif,-2.01578476
mp-1199842,../cifs_all/mp_1199842.cif,-1.099452433
mp-1048563,../cifs_all/mp_1048563.cif,-2.694920497
mp-1215821,../cifs_all/mp_1215821.cif,-0.154760784
mp-1080313,../cifs_all/mp_1080313.cif,-1.852393023
mp-1071627,../cifs_all/mp_1071627.cif,-0.541732526
mp-1103728,../cifs_all/mp_1103728.cif,-1.284158717
mp-1112101,../cifs_all/mp_1112101.cif,-1.139873479
mp-777372,../cifs_all/mp_777372.cif,-2.660291392
mp-703348,../cifs_all/mp_703348.cif,-2.739392914
mp-621930,../cifs_all/mp_621930.cif,-0.172585386
mp-16855,../cifs_all/mp_16855.cif,-3.15489552
mp-1017477,../cifs_all/mp_1017477.cif,0.342441428
mp-755462,../cifs_all/mp_755462.cif,-3.538281838
mp-1217469,../cifs_all/mp_1217469.cif,-0.27931437
mp-1196682,../cifs_all/mp_1196682.cif,-0.22199687
mp-1235254,../cifs_all/mp_1235254.cif,-1.716591133
mp-768447,../cifs_all/mp_768447.cif,-2.480939968
mp-14336,../cifs_all/mp_14336.cif,-0.774128112
mp-977324,../cifs_all/mp_977324.cif,-0.330559226
mp-1220761,../cifs_all/mp_1220761.cif,-1.061466849
mp-1193604,../cifs_all/mp_1193604.cif,-2.17048869
mp-1211070,../cifs_all/mp_1211070.cif,-1.593526975
mp-754247,../cifs_all/mp_754247.cif,-2.382944716
mp-570462,../cifs_all/mp_570462.cif,-1.343349801
mp-1187061,../cifs_all/mp_1187061.cif,0.298960193
mp-1213458,../cifs_all/mp_1213458.cif,-0.439928795
mp-541570,../cifs_all/mp_541570.cif,-1.862227604
mp-570141,../cifs_all/mp_570141.cif,-0.989561087
mp-2226814,../cifs_all/mp_2226814.cif,-2.882557868
mp-28740,../cifs_all/mp_28740.cif,-3.428457588
mp-1206154,../cifs_all/mp_1206154.cif,-2.85000933
mp-755045,../cifs_all/mp_755045.cif,-1.1827366
mp-764796,../cifs_all/mp_764796.cif,-2.246204857
mp-1225135,../cifs_all/mp_1225135.cif,-0.06054693
mp-1197030,../cifs_all/mp_1197030.cif,-3.656105077
mp-1097519,../cifs_all/mp_1097519.cif,0.9946552916954012
mp-2229001,../cifs_all/mp_2229001.cif,-3.524020944
mp-801339,../cifs_all/mp_801339.cif,-0.572566237
mp-631384,../cifs_all/mp_631384.cif,1.540139326666668
mp-1225047,../cifs_all/mp_1225047.cif,-0.4346202
mp-1397283,../cifs_all/mp_1397283.cif,-0.491010372
mp-555952,../cifs_all/mp_555952.cif,-2.116535831
mp-1192699,../cifs_all/mp_1192699.cif,-0.249751427
mp-1207174,../cifs_all/mp_1207174.cif,0.075042665
mp-760296,../cifs_all/mp_760296.cif,-2.235028631
mp-1215669,../cifs_all/mp_1215669.cif,-2.520654757
mp-27273,../cifs_all/mp_27273.cif,-3.448527105
mp-780199,../cifs_all/mp_780199.cif,-2.47659661
mp-2219258,../cifs_all/mp_2219258.cif,-2.191447472
mp-9306,../cifs_all/mp_9306.cif,-0.721746681
mp-1225177,../cifs_all/mp_1225177.cif,-0.235414243
mp-2714494,../cifs_all/mp_2714494.cif,-2.165234196
mp-1187266,../cifs_all/mp_1187266.cif,-0.243699727
mp-1185568,../cifs_all/mp_1185568.cif,-0.006860485
mp-1184442,../cifs_all/mp_1184442.cif,-0.574330799
mp-1094465,../cifs_all/mp_1094465.cif,0.00635645
mp-756106,../cifs_all/mp_756106.cif,-3.553700115
mp-28270,../cifs_all/mp_28270.cif,-0.921985167
mp-1520815,../cifs_all/mp_1520815.cif,-2.802726257
mp-1203385,../cifs_all/mp_1203385.cif,-0.345779135
mp-504811,../cifs_all/mp_504811.cif,-1.510042241
mp-1421498,../cifs_all/mp_1421498.cif,-1.162526193
mp-572886,../cifs_all/mp_572886.cif,-2.356573684
mp-755224,../cifs_all/mp_755224.cif,-2.374551135
mp-1200209,../cifs_all/mp_1200209.cif,-2.899619319
mp-20836,../cifs_all/mp_20836.cif,-0.821757784
mp-880385,../cifs_all/mp_880385.cif,-1.545775797
mp-557769,../cifs_all/mp_557769.cif,-1.956874042
mp-1218299,../cifs_all/mp_1218299.cif,-1.128592016
mp-1174674,../cifs_all/mp_1174674.cif,-1.838313084
mp-1192911,../cifs_all/mp_1192911.cif,-1.929141074
mp-1209747,../cifs_all/mp_1209747.cif,-0.677677243
mp-686464,../cifs_all/mp_686464.cif,-3.283828801
mp-983539,../cifs_all/mp_983539.cif,0.080005124
mp-678358,../cifs_all/mp_678358.cif,-0.912036258
mp-560293,../cifs_all/mp_560293.cif,-3.638279349
mp-1025329,../cifs_all/mp_1025329.cif,-0.386404548
mp-1219415,../cifs_all/mp_1219415.cif,-0.536163995
mp-561374,../cifs_all/mp_561374.cif,-2.397524383
mp-754413,../cifs_all/mp_754413.cif,-2.06289298
mp-743965,../cifs_all/mp_743965.cif,-1.17217066
mp-571664,../cifs_all/mp_571664.cif,-0.597941087
mp-850973,../cifs_all/mp_850973.cif,-2.597155219
mp-1272149,../cifs_all/mp_1272149.cif,-1.315157187
mp-1111376,../cifs_all/mp_1111376.cif,-2.84272666
mp-753355,../cifs_all/mp_753355.cif,-3.890404646
mp-1212718,../cifs_all/mp_1212718.cif,-0.736492637
mp-2649045,../cifs_all/mp_2649045.cif,-1.521882931
mp-640054,../cifs_all/mp_640054.cif,-0.647147733
mp-1205298,../cifs_all/mp_1205298.cif,-0.732668469
mp-1277566,../cifs_all/mp_1277566.cif,-2.920554551
mp-772971,../cifs_all/mp_772971.cif,-2.536331334
mp-677073,../cifs_all/mp_677073.cif,-1.083558036
mp-758026,../cifs_all/mp_758026.cif,-2.640093919
mp-1228399,../cifs_all/mp_1228399.cif,-3.008776175
mp-1219721,../cifs_all/mp_1219721.cif,-0.488058627
mp-1096915,../cifs_all/mp_1096915.cif,0.042207972068965
mp-669566,../cifs_all/mp_669566.cif,-0.15800166
mp-2217007,../cifs_all/mp_2217007.cif,-2.33693986
mp-1225352,../cifs_all/mp_1225352.cif,-0.263447672
mp-1184345,../cifs_all/mp_1184345.cif,-0.976852509
mp-1216205,../cifs_all/mp_1216205.cif,-2.909649096
mp-1195729,../cifs_all/mp_1195729.cif,-1.879331149
mp-1195293,../cifs_all/mp_1195293.cif,-1.863519594
mp-771888,../cifs_all/mp_771888.cif,-2.685615095
mp-19070,../cifs_all/mp_19070.cif,-2.596824481
mp-3347313,../cifs_all/mp_3347313.cif,0.0
mp-1221687,../cifs_all/mp_1221687.cif,-0.161280969
mp-1008527,../cifs_all/mp_1008527.cif,-0.423883828
mp-610917,../cifs_all/mp_610917.cif,0.012108549999999
mp-1245720,../cifs_all/mp_1245720.cif,0.203657449666667
mp-1217258,../cifs_all/mp_1217258.cif,0.076185032
mp-1179354,../cifs_all/mp_1179354.cif,-2.654464014
mp-1196330,../cifs_all/mp_1196330.cif,-0.299704427
mp-1233622,../cifs_all/mp_1233622.cif,-1.666803119
mp-1111626,../cifs_all/mp_1111626.cif,-1.425242618
mp-1033637,../cifs_all/mp_1033637.cif,-2.213769148
mp-995,../cifs_all/mp_995.cif,-0.592173927
mp-1208631,../cifs_all/mp_1208631.cif,-3.196539493
mp-758461,../cifs_all/mp_758461.cif,-1.994668163
mp-1173129,../cifs_all/mp_1173129.cif,-2.498860246
mp-988940,../cifs_all/mp_988940.cif,-0.350628891
mp-2712709,../cifs_all/mp_2712709.cif,-2.599252987
mp-738629,../cifs_all/mp_738629.cif,-1.480262882
mp-1234571,../cifs_all/mp_1234571.cif,-2.737026438
mp-555617,../cifs_all/mp_555617.cif,-1.360804182
mp-1179111,../cifs_all/mp_1179111.cif,-0.95093446
mp-615537,../cifs_all/mp_615537.cif,-0.764822595
mp-1104916,../cifs_all/mp_1104916.cif,-2.756030255
mp-1226722,../cifs_all/mp_1226722.cif,-0.19667151
mp-1029718,../cifs_all/mp_1029718.cif,-0.266347457
mp-328,../cifs_all/mp_328.cif,-0.323064968
mp-8594,../cifs_all/mp_8594.cif,-0.165708605
mp-1199714,../cifs_all/mp_1199714.cif,-0.709275471
mp-1214566,../cifs_all/mp_1214566.cif,-2.438738281
mp-754864,../cifs_all/mp_754864.cif,-2.718262754
mp-560924,../cifs_all/mp_560924.cif,-1.68257335
mp-19304,../cifs_all/mp_19304.cif,-2.511375417
mp-556234,../cifs_all/mp_556234.cif,-1.973021489
mp-1189057,../cifs_all/mp_1189057.cif,-0.908609474
mp-1175158,../cifs_all/mp_1175158.cif,-2.066773418
mp-1301550,../cifs_all/mp_1301550.cif,-2.651973654
mp-2716375,../cifs_all/mp_2716375.cif,-2.593870014
mp-642578,../cifs_all/mp_642578.cif,-0.845819609
mp-776237,../cifs_all/mp_776237.cif,-1.895180468
mp-1518658,../cifs_all/mp_1518658.cif,-3.148450719
mp-1195097,../cifs_all/mp_1195097.cif,-0.368165967
mp-1520812,../cifs_all/mp_1520812.cif,-3.38215922
mp-1647269,../cifs_all/mp_1647269.cif,-3.039490658
mp-1517968,../cifs_all/mp_1517968.cif,-2.22430932
mp-752479,../cifs_all/mp_752479.cif,-2.223453045
mp-1219505,../cifs_all/mp_1219505.cif,0.327258434666669
mp-1185582,../cifs_all/mp_1185582.cif,-0.001471624
mp-770128,../cifs_all/mp_770128.cif,-2.488192722
mp-734394,../cifs_all/mp_734394.cif,-2.347075086
mp-758367,../cifs_all/mp_758367.cif,-2.458567043
mp-556926,../cifs_all/mp_556926.cif,-1.984851547
mp-36063,../cifs_all/mp_36063.cif,-0.462576056
mp-1174329,../cifs_all/mp_1174329.cif,-2.031857849
mp-556053,../cifs_all/mp_556053.cif,-1.457890568
mp-1102955,../cifs_all/mp_1102955.cif,-1.059191783
mp-571075,../cifs_all/mp_571075.cif,0.167536087604162
mp-1069044,../cifs_all/mp_1069044.cif,-0.623396499
mp-1517467,../cifs_all/mp_1517467.cif,-2.928022711
mp-5168,../cifs_all/mp_5168.cif,-0.37311004
mp-1203715,../cifs_all/mp_1203715.cif,-2.824654427
mp-1215318,../cifs_all/mp_1215318.cif,-0.402913398
mp-1196785,../cifs_all/mp_1196785.cif,-1.110106755
mp-1036070,../cifs_all/mp_1036070.cif,-2.903837693
mp-1176815,../cifs_all/mp_1176815.cif,-2.059051863
mp-1214342,../cifs_all/mp_1214342.cif,-0.570211728
mp-1187782,../cifs_all/mp_1187782.cif,-0.404261224
mp-2647102,../cifs_all/mp_2647102.cif,-2.001217213
mp-18222,../cifs_all/mp_18222.cif,-0.96193532
mp-1213989,../cifs_all/mp_1213989.cif,-2.837963671
mp-559509,../cifs_all/mp_559509.cif,-2.393317384
mp-4202,../cifs_all/mp_4202.cif,-3.448150932
mp-1522852,../cifs_all/mp_1522852.cif,-1.914299676
mp-695966,../cifs_all/mp_695966.cif,-1.313599341
mp-1192436,../cifs_all/mp_1192436.cif,-3.010597769
mp-778752,../cifs_all/mp_778752.cif,-2.025828728
mp-1199912,../cifs_all/mp_1199912.cif,-0.229453045
mp-1044485,../cifs_all/mp_1044485.cif,-3.145793748
mp-1079321,../cifs_all/mp_1079321.cif,-1.550268208
mp-1228268,../cifs_all/mp_1228268.cif,-2.337931915
mp-1227578,../cifs_all/mp_1227578.cif,-2.350252686
mp-1186548,../cifs_all/mp_1186548.cif,-0.439253014
mp-1204272,../cifs_all/mp_1204272.cif,-0.745166925
mp-1075456,../cifs_all/mp_1075456.cif,0.25407551
mp-1185167,../cifs_all/mp_1185167.cif,-0.678187581
mp-505187,../cifs_all/mp_505187.cif,-1.506997865
mp-624187,../cifs_all/mp_624187.cif,-0.841128737
mp-705516,../cifs_all/mp_705516.cif,-1.041735386
mp-753965,../cifs_all/mp_753965.cif,-2.591069187
mp-1203490,../cifs_all/mp_1203490.cif,0.290504036818182
mp-22787,../cifs_all/mp_22787.cif,-0.356579688
mp-768606,../cifs_all/mp_768606.cif,-2.324438292
mp-755684,../cifs_all/mp_755684.cif,-1.879215779
mp-1227086,../cifs_all/mp_1227086.cif,0.261787003440789
mp-1093782,../cifs_all/mp_1093782.cif,1.8878352793749984
mp-22936,../cifs_all/mp_22936.cif,-1.79658763
mp-1190579,../cifs_all/mp_1190579.cif,-0.676598794
mp-570880,../cifs_all/mp_570880.cif,-1.004559564
mp-1224957,../cifs_all/mp_1224957.cif,-0.234712161
mp-27161,../cifs_all/mp_27161.cif,-0.872176586
mp-1213754,../cifs_all/mp_1213754.cif,-0.474904787
mp-31746,../cifs_all/mp_31746.cif,-2.618714484
mp-558514,../cifs_all/mp_558514.cif,-3.423179316
mp-645418,../cifs_all/mp_645418.cif,-1.014692086
mp-989639,../cifs_all/mp_989639.cif,-3.008938931
mp-24478,../cifs_all/mp_24478.cif,-1.746702631
mp-1245607,../cifs_all/mp_1245607.cif,-0.051104016
mp-1210105,../cifs_all/mp_1210105.cif,0.484256118999998
mp-1245427,../cifs_all/mp_1245427.cif,0.112220288
mp-753508,../cifs_all/mp_753508.cif,-0.85320568
mp-1190816,../cifs_all/mp_1190816.cif,-0.637902077
mp-569790,../cifs_all/mp_569790.cif,-0.948601903
mp-777716,../cifs_all/mp_777716.cif,-2.072246143
mp-1250278,../cifs_all/mp_1250278.cif,-2.901605205
mp-1359814,../cifs_all/mp_1359814.cif,-1.850922564
mp-754085,../cifs_all/mp_754085.cif,-1.025532081
mp-30910,../cifs_all/mp_30910.cif,-0.180746144
mp-1222144,../cifs_all/mp_1222144.cif,-0.480583705
mp-1214051,../cifs_all/mp_1214051.cif,-2.892656903
mp-624889,../cifs_all/mp_624889.cif,1.256077986249998
mp-1188010,../cifs_all/mp_1188010.cif,-2.109845753
mp-2716101,../cifs_all/mp_2716101.cif,-2.52777375
mp-42599,../cifs_all/mp_42599.cif,-3.36651565
mp-1035772,../cifs_all/mp_1035772.cif,-2.853101276
mp-643123,../cifs_all/mp_643123.cif,-0.18685247
mp-1018684,../cifs_all/mp_1018684.cif,-0.223826271
mp-753109,../cifs_all/mp_753109.cif,-2.274393964
mp-542120,../cifs_all/mp_542120.cif,-2.392583402
mp-1211098,../cifs_all/mp_1211098.cif,-2.91125776
mp-1218281,../cifs_all/mp_1218281.cif,-2.375336448
mp-1045799,../cifs_all/mp_1045799.cif,-2.219396271
mp-1076360,../cifs_all/mp_1076360.cif,-1.557712125
mp-541040,../cifs_all/mp_541040.cif,-3.264689293
mp-1205758,../cifs_all/mp_1205758.cif,-2.868653988
mp-16992,../cifs_all/mp_16992.cif,-0.453487911
mp-5601,../cifs_all/mp_5601.cif,-0.478056388
mp-1481,../cifs_all/mp_1481.cif,-0.037459155
mp-27465,../cifs_all/mp_27465.cif,-0.195857535
mp-1234884,../cifs_all/mp_1234884.cif,-1.626939391
mp-1208163,../cifs_all/mp_1208163.cif,-2.130824645
mp-28278,../cifs_all/mp_28278.cif,-0.987196638
mp-1197289,../cifs_all/mp_1197289.cif,-0.721857809
mp-865991,../cifs_all/mp_865991.cif,-0.374345901
mp-1227729,../cifs_all/mp_1227729.cif,-0.57909188
mp-1208548,../cifs_all/mp_1208548.cif,-0.685107791
mp-1045584,../cifs_all/mp_1045584.cif,-1.641273063
mp-1203665,../cifs_all/mp_1203665.cif,-1.557658803
mp-1203522,../cifs_all/mp_1203522.cif,-1.765513983
mp-632927,../cifs_all/mp_632927.cif,-3.39984373
mp-568018,../cifs_all/mp_568018.cif,-0.409100008
mp-1177139,../cifs_all/mp_1177139.cif,-2.550750014
mp-2716491,../cifs_all/mp_2716491.cif,-3.052345486
mp-1111284,../cifs_all/mp_1111284.cif,-1.908436425
mp-1187387,../cifs_all/mp_1187387.cif,0.159754245000002
mp-1018121,../cifs_all/mp_1018121.cif,-0.648081216
mp-780171,../cifs_all/mp_780171.cif,-0.884864914
mp-10699,../cifs_all/mp_10699.cif,-0.55157775
mp-17880,../cifs_all/mp_17880.cif,-0.580931908
mp-569512,../cifs_all/mp_569512.cif,-0.962014075
mp-2714631,../cifs_all/mp_2714631.cif,-2.650688744
mp-1174884,../cifs_all/mp_1174884.cif,-1.883993914
mp-1211573,../cifs_all/mp_1211573.cif,-0.509808952
mp-1102698,../cifs_all/mp_1102698.cif,-1.01514732
mp-759319,../cifs_all/mp_759319.cif,-1.454905722
mp-725491,../cifs_all/mp_725491.cif,-3.206018535
mp-1110866,../cifs_all/mp_1110866.cif,-2.27504883
mp-759858,../cifs_all/mp_759858.cif,-3.001487652
mp-1111727,../cifs_all/mp_1111727.cif,-2.187830372
mp-1111629,../cifs_all/mp_1111629.cif,-1.546812579
mp-504613,../cifs_all/mp_504613.cif,-0.586186115
mp-1094107,../cifs_all/mp_1094107.cif,-1.115347805
mp-1198297,../cifs_all/mp_1198297.cif,-0.616335655
mp-761162,../cifs_all/mp_761162.cif,-2.79060726
mp-1097231,../cifs_all/mp_1097231.cif,2.265244749
mp-720406,../cifs_all/mp_720406.cif,-2.07960306
mp-1176674,../cifs_all/mp_1176674.cif,-2.417798809
mp-1223967,../cifs_all/mp_1223967.cif,-0.613229056
mp-1200894,../cifs_all/mp_1200894.cif,-0.74302218
mp-1192249,../cifs_all/mp_1192249.cif,-2.156791549
mp-1040080,../cifs_all/mp_1040080.cif,-2.902777402
mp-2577,../cifs_all/mp_2577.cif,-0.095413903
mp-10284,../cifs_all/mp_10284.cif,-0.638041398
mp-1041219,../cifs_all/mp_1041219.cif,-2.474818805
mp-1176270,../cifs_all/mp_1176270.cif,-1.78145425
mp-2015,../cifs_all/mp_2015.cif,-0.822470561
mp-22959,../cifs_all/mp_22959.cif,-0.228775525
mp-674947,../cifs_all/mp_674947.cif,-2.335520417
mp-1192355,../cifs_all/mp_1192355.cif,-0.427646819
mp-1212326,../cifs_all/mp_1212326.cif,-1.005797908
mp-1183755,../cifs_all/mp_1183755.cif,0.082933626
mp-758845,../cifs_all/mp_758845.cif,-3.150172921
mp-2382752,../cifs_all/mp_2382752.cif,-0.131124137
mp-1093968,../cifs_all/mp_1093968.cif,1.742266853
mp-17875,../cifs_all/mp_17875.cif,-0.984456618
mp-1313454,../cifs_all/mp_1313454.cif,-1.45325277
mp-676467,../cifs_all/mp_676467.cif,-3.066307082
mp-1223856,../cifs_all/mp_1223856.cif,-0.357866566
mp-1093606,../cifs_all/mp_1093606.cif,1.479297441
mp-1227285,../cifs_all/mp_1227285.cif,-0.209013891
mp-1340758,../cifs_all/mp_1340758.cif,-2.408082226
mp-976971,../cifs_all/mp_976971.cif,0.000252915
mp-10436,../cifs_all/mp_10436.cif,-0.423678226
mp-1234027,../cifs_all/mp_1234027.cif,-3.095411892
mp-1185787,../cifs_all/mp_1185787.cif,-0.014777
mp-1214874,../cifs_all/mp_1214874.cif,-1.468165586
mp-1187881,../cifs_all/mp_1187881.cif,-0.378389568
mp-1201907,../cifs_all/mp_1201907.cif,-0.300702961
mp-1187432,../cifs_all/mp_1187432.cif,-0.194178946
mp-504350,../cifs_all/mp_504350.cif,-2.365554115
mp-1099100,../cifs_all/mp_1099100.cif,0.2468851540625
mp-1521200,../cifs_all/mp_1521200.cif,-2.812806633
mp-1222238,../cifs_all/mp_1222238.cif,-1.239906058
mp-730074,../cifs_all/mp_730074.cif,-0.692415186
mp-755472,../cifs_all/mp_755472.cif,-1.880057545
mp-756557,../cifs_all/mp_756557.cif,-3.190923625
mp-1079880,../cifs_all/mp_1079880.cif,-0.713594438
mp-1220685,../cifs_all/mp_1220685.cif,-0.156691826
mp-1180715,../cifs_all/mp_1180715.cif,-1.194861744
mp-1179407,../cifs_all/mp_1179407.cif,-1.319082141
mp-1215590,../cifs_all/mp_1215590.cif,-1.00111666
mp-541995,../cifs_all/mp_541995.cif,-3.780507211
mp-1233755,../cifs_all/mp_1233755.cif,-3.527360666
mp-1228544,../cifs_all/mp_1228544.cif,-1.674919764
mp-1211755,../cifs_all/mp_1211755.cif,-3.075756242
mp-1216161,../cifs_all/mp_1216161.cif,-0.054263792
mp-1028371,../cifs_all/mp_1028371.cif,0.337228698020832
mp-12549,../cifs_all/mp_12549.cif,-0.361068278
mp-675371,../cifs_all/mp_675371.cif,-0.100460754
mp-559584,../cifs_all/mp_559584.cif,-2.984132798
mp-1195845,../cifs_all/mp_1195845.cif,-2.304812568
mp-1235157,../cifs_all/mp_1235157.cif,-2.913730448
mp-1228867,../cifs_all/mp_1228867.cif,-0.523774123
mp-2716313,../cifs_all/mp_2716313.cif,-2.942698585
mp-1212946,../cifs_all/mp_1212946.cif,-2.533210768
mp-726265,../cifs_all/mp_726265.cif,-0.431709864
mp-28606,../cifs_all/mp_28606.cif,-0.388998012
mp-1003312,../cifs_all/mp_1003312.cif,-1.936672634
mp-1245664,../cifs_all/mp_1245664.cif,-1.456142244
mp-972914,../cifs_all/mp_972914.cif,-0.38722378
mp-1213783,../cifs_all/mp_1213783.cif,-2.450034732
mp-19728,../cifs_all/mp_19728.cif,-1.014358393
mp-557640,../cifs_all/mp_557640.cif,-1.329280985
mp-1096377,../cifs_all/mp_1096377.cif,2.852797232708332
mp-2712890,../cifs_all/mp_2712890.cif,-2.988886747
mp-695307,../cifs_all/mp_695307.cif,-0.742403073
mp-757285,../cifs_all/mp_757285.cif,-1.030208711
mp-1245429,../cifs_all/mp_1245429.cif,-1.501836266
mp-850362,../cifs_all/mp_850362.cif,-2.372542989
mp-19271,../cifs_all/mp_19271.cif,-2.325464904
mp-1226802,../cifs_all/mp_1226802.cif,0.07353444
mp-1186156,../cifs_all/mp_1186156.cif,0.549172922
mp-1184794,../cifs_all/mp_1184794.cif,-0.019203883
mp-734426,../cifs_all/mp_734426.cif,-1.649331887
mp-676975,../cifs_all/mp_676975.cif,-2.999493046
mp-1110742,../cifs_all/mp_1110742.cif,-2.093176948
mp-1103848,../cifs_all/mp_1103848.cif,-0.801395683
mp-19023,../cifs_all/mp_19023.cif,-2.864950179
mp-5982,../cifs_all/mp_5982.cif,-0.833892024
mp-17008,../cifs_all/mp_17008.cif,-2.395319489
mp-542776,../cifs_all/mp_542776.cif,-0.337477213
mp-771940,../cifs_all/mp_771940.cif,-2.045584464
mp-774870,../cifs_all/mp_774870.cif,-1.711824267
mp-1246187,../cifs_all/mp_1246187.cif,0.243838951666666
mp-1201537,../cifs_all/mp_1201537.cif,-1.464620644
mp-1004532,../cifs_all/mp_1004532.cif,-0.165710175
mp-1192409,../cifs_all/mp_1192409.cif,-0.249262678
mp-29738,../cifs_all/mp_29738.cif,-0.720069276
mp-1173891,../cifs_all/mp_1173891.cif,-1.582961038
mp-1245740,../cifs_all/mp_1245740.cif,-0.675736407
mp-26883,../cifs_all/mp_26883.cif,-2.869104414
mp-1233611,../cifs_all/mp_1233611.cif,-1.590824895
mp-1016254,../cifs_all/mp_1016254.cif,0.05824120625
mp-754419,../cifs_all/mp_754419.cif,-2.095242284
mp-1009755,../cifs_all/mp_1009755.cif,-0.714947137
mp-1192660,../cifs_all/mp_1192660.cif,-0.263110988
mp-4037,../cifs_all/mp_4037.cif,-0.34481952
mp-1038860,../cifs_all/mp_1038860.cif,0.048008159
mp-12453,../cifs_all/mp_12453.cif,-1.591673613
mp-1342139,../cifs_all/mp_1342139.cif,-1.391393459
mp-1080231,../cifs_all/mp_1080231.cif,-1.651985443
mp-8799,../cifs_all/mp_8799.cif,-1.212117724
mp-1113076,../cifs_all/mp_1113076.cif,-1.62486626
mp-1278182,../cifs_all/mp_1278182.cif,-1.839307457
mp-1099665,../cifs_all/mp_1099665.cif,-2.192679667
mp-775764,../cifs_all/mp_775764.cif,-2.872009981
mp-11709,../cifs_all/mp_11709.cif,-3.167531318
mp-1099328,../cifs_all/mp_1099328.cif,0.115558848
mp-1218848,../cifs_all/mp_1218848.cif,-2.786486721
mp-1037677,../cifs_all/mp_1037677.cif,-2.967817585
mp-1225241,../cifs_all/mp_1225241.cif,-0.58781459
mp-2218358,../cifs_all/mp_2218358.cif,-2.026988153
mp-560029,../cifs_all/mp_560029.cif,-3.711852547
mp-2072,../cifs_all/mp_2072.cif,-1.013552613
mp-1019559,../cifs_all/mp_1019559.cif,-3.242719861
mp-1208721,../cifs_all/mp_1208721.cif,-0.487651008
mp-3664,../cifs_all/mp_3664.cif,-1.699453494
mp-1219974,../cifs_all/mp_1219974.cif,-0.685830151
mp-32795,../cifs_all/mp_32795.cif,-1.880316325
mp-1190721,../cifs_all/mp_1190721.cif,-1.854139825
mp-1412519,../cifs_all/mp_1412519.cif,1.138886043168685
mp-26892,../cifs_all/mp_26892.cif,-1.910374996
mp-777571,../cifs_all/mp_777571.cif,-2.212798863
mp-759360,../cifs_all/mp_759360.cif,-2.472832946
mp-1027786,../cifs_all/mp_1027786.cif,0.054870888124999
mp-1103280,../cifs_all/mp_1103280.cif,-0.859547149
mp-1183542,../cifs_all/mp_1183542.cif,0.024284360000002
mp-1217630,../cifs_all/mp_1217630.cif,-0.415128023
mp-1208508,../cifs_all/mp_1208508.cif,-0.573283351
mp-695477,../cifs_all/mp_695477.cif,-3.304265289
mp-2226952,../cifs_all/mp_2226952.cif,-2.501093358
mp-30218,../cifs_all/mp_30218.cif,-1.128354834
mp-1520000,../cifs_all/mp_1520000.cif,-2.862160304
mp-1103120,../cifs_all/mp_1103120.cif,0.6535928172916651
mp-1186300,../cifs_all/mp_1186300.cif,0.057211018125002
mp-1101938,../cifs_all/mp_1101938.cif,-0.296046875
mp-1031091,../cifs_all/mp_1031091.cif,-2.323385209
mp-1228113,../cifs_all/mp_1228113.cif,-3.384426029
mp-1206277,../cifs_all/mp_1206277.cif,1.873412569866668
mp-680343,../cifs_all/mp_680343.cif,-0.40781611
mp-759917,../cifs_all/mp_759917.cif,-2.453038444
mp-15026,../cifs_all/mp_15026.cif,-0.325206335
mp-1209672,../cifs_all/mp_1209672.cif,-0.377487751
mp-1191552,../cifs_all/mp_1191552.cif,-0.505374525
mp-2232384,../cifs_all/mp_2232384.cif,-1.478625819
mp-21090,../cifs_all/mp_21090.cif,-0.228921208
mp-1208037,../cifs_all/mp_1208037.cif,-0.612763339
mp-1078125,../cifs_all/mp_1078125.cif,-0.338741262
mp-1102921,../cifs_all/mp_1102921.cif,0.193725396666659
mp-1184857,../cifs_all/mp_1184857.cif,-0.113426457
mp-1234575,../cifs_all/mp_1234575.cif,-2.086298244
mp-7506,../cifs_all/mp_7506.cif,-0.121995867
mp-1186538,../cifs_all/mp_1186538.cif,-0.712734602
mp-1186471,../cifs_all/mp_1186471.cif,-1.980562581
mp-1206258,../cifs_all/mp_1206258.cif,-0.639980923
mp-1174543,../cifs_all/mp_1174543.cif,-1.887975187
mp-561998,../cifs_all/mp_561998.cif,-2.078096941
mp-27081,../cifs_all/mp_27081.cif,-2.518418691
mp-1226683,../cifs_all/mp_1226683.cif,-0.431696075
mp-779250,../cifs_all/mp_779250.cif,-2.251344829
mp-850230,../cifs_all/mp_850230.cif,-2.291742062
mp-1097530,../cifs_all/mp_1097530.cif,2.027407327499999
mp-1177788,../cifs_all/mp_1177788.cif,-2.199489731
mp-1078428,../cifs_all/mp_1078428.cif,-0.971113419
mp-556999,../cifs_all/mp_556999.cif,-2.82045181
mp-1516790,../cifs_all/mp_1516790.cif,-3.635092758
mp-780188,../cifs_all/mp_780188.cif,-1.809945742
mp-757870,../cifs_all/mp_757870.cif,-2.686758524
mp-1246969,../cifs_all/mp_1246969.cif,-1.390979803
mp-1198148,../cifs_all/mp_1198148.cif,-0.419180022
mp-2714566,../cifs_all/mp_2714566.cif,-2.620040794
mp-849560,../cifs_all/mp_849560.cif,-2.482456531
mp-620569,../cifs_all/mp_620569.cif,-0.226304691
mp-1398363,../cifs_all/mp_1398363.cif,-1.672081425
mp-757838,../cifs_all/mp_757838.cif,-2.470341922
mp-2714919,../cifs_all/mp_2714919.cif,-2.899283424
mp-4185,../cifs_all/mp_4185.cif,-3.505929072
mp-759562,../cifs_all/mp_759562.cif,-2.049891648
mp-850216,../cifs_all/mp_850216.cif,-2.401492988
mp-1210947,../cifs_all/mp_1210947.cif,-2.375720084
mp-1026849,../cifs_all/mp_1026849.cif,0.16164299
mp-1516644,../cifs_all/mp_1516644.cif,-3.392388726
mp-35078,../cifs_all/mp_35078.cif,-2.476717523
mp-1096349,../cifs_all/mp_1096349.cif,1.543530517183906
mp-1045827,../cifs_all/mp_1045827.cif,-2.972084659
mp-752511,../cifs_all/mp_752511.cif,-2.019283939
mp-770528,../cifs_all/mp_770528.cif,-2.00243297
mp-34376,../cifs_all/mp_34376.cif,-1.843084071
mp-980660,../cifs_all/mp_980660.cif,0.006878162
mp-2219968,../cifs_all/mp_2219968.cif,-3.174721302
mp-1203841,../cifs_all/mp_1203841.cif,-2.035024844
mp-1201570,../cifs_all/mp_1201570.cif,-2.724508541
mp-1183971,../cifs_all/mp_1183971.cif,-1.267780487
mp-36031,../cifs_all/mp_36031.cif,-1.844963189
mp-637599,../cifs_all/mp_637599.cif,-1.28364648
mp-2215908,../cifs_all/mp_2215908.cif,-1.813155802
mp-704198,../cifs_all/mp_704198.cif,-2.405083329
mp-861902,../cifs_all/mp_861902.cif,-0.322450771
mp-6120,../cifs_all/mp_6120.cif,-3.294082419
mp-982008,../cifs_all/mp_982008.cif,-0.496565321
mp-1247448,../cifs_all/mp_1247448.cif,-0.095950942
mp-691,../cifs_all/mp_691.cif,-0.453546308
mp-1037258,../cifs_all/mp_1037258.cif,-2.871462532
mp-1022384,../cifs_all/mp_1022384.cif,0.16035602875
mp-23969,../cifs_all/mp_23969.cif,-1.350304374
mp-1234698,../cifs_all/mp_1234698.cif,-4.083813443
mp-761797,../cifs_all/mp_761797.cif,-1.936551737
mp-530184,../cifs_all/mp_530184.cif,-2.790265028
mp-1195220,../cifs_all/mp_1195220.cif,-0.967481336
mp-1222780,../cifs_all/mp_1222780.cif,0.007874764
mp-778470,../cifs_all/mp_778470.cif,-1.935068422
mp-10224,../cifs_all/mp_10224.cif,-1.261412239
mp-1111346,../cifs_all/mp_1111346.cif,-2.258890116
mp-23119,../cifs_all/mp_23119.cif,-1.027197615
mp-1236333,../cifs_all/mp_1236333.cif,-2.273904242
mp-26971,../cifs_all/mp_26971.cif,-2.667456581
mp-1342532,../cifs_all/mp_1342532.cif,0.003513756
mp-1037710,../cifs_all/mp_1037710.cif,-2.972268801
mp-1190170,../cifs_all/mp_1190170.cif,-0.975096196
mp-1232396,../cifs_all/mp_1232396.cif,-0.033146649
mp-1218380,../cifs_all/mp_1218380.cif,-0.283145797
mp-559645,../cifs_all/mp_559645.cif,-3.081015656
mp-1226959,../cifs_all/mp_1226959.cif,-0.4654609
mp-504607,../cifs_all/mp_504607.cif,-2.9694
mp-570270,../cifs_all/mp_570270.cif,-1.245848913
mp-1187261,../cifs_all/mp_1187261.cif,0.453028579208332
mp-1183665,../cifs_all/mp_1183665.cif,-0.141592978
mp-1218297,../cifs_all/mp_1218297.cif,-2.617585715
mp-9848,../cifs_all/mp_9848.cif,-0.640912732
mp-1392784,../cifs_all/mp_1392784.cif,-2.823032162
mp-1204390,../cifs_all/mp_1204390.cif,-1.820544219
mp-1113826,../cifs_all/mp_1113826.cif,-2.954742557
mp-1188033,../cifs_all/mp_1188033.cif,-0.174886119
mp-725561,../cifs_all/mp_725561.cif,-2.772738089
mp-1078315,../cifs_all/mp_1078315.cif,-0.579871508
mp-1099278,../cifs_all/mp_1099278.cif,0.2816090375
mp-1225808,../cifs_all/mp_1225808.cif,0.221841545642857
mp-25907,../cifs_all/mp_25907.cif,-2.501561326
mp-925,../cifs_all/mp_925.cif,-1.162422889
mp-31097,../cifs_all/mp_31097.cif,-0.27599497
mp-2714878,../cifs_all/mp_2714878.cif,-2.663756737
mp-1197648,../cifs_all/mp_1197648.cif,-1.19303454
mp-1303805,../cifs_all/mp_1303805.cif,-2.215164764
mp-560560,../cifs_all/mp_560560.cif,-2.535608516
mp-571323,../cifs_all/mp_571323.cif,-1.41735574
mp-531130,../cifs_all/mp_531130.cif,-1.595509663
mp-1198272,../cifs_all/mp_1198272.cif,-0.258436744
mp-1212335,../cifs_all/mp_1212335.cif,-0.12456923
mp-542332,../cifs_all/mp_542332.cif,-1.854281311
mp-1283577,../cifs_all/mp_1283577.cif,-1.966387002
mp-2715698,../cifs_all/mp_2715698.cif,-2.706860824
mp-1047945,../cifs_all/mp_1047945.cif,-3.242570979
mp-2713136,../cifs_all/mp_2713136.cif,-2.512043082
mp-1233419,../cifs_all/mp_1233419.cif,-2.564153265
mp-12049,../cifs_all/mp_12049.cif,-1.013258747
mp-558610,../cifs_all/mp_558610.cif,-2.518813405
mp-1383701,../cifs_all/mp_1383701.cif,-1.939057969
mp-1201493,../cifs_all/mp_1201493.cif,-1.761280761
mp-1210093,../cifs_all/mp_1210093.cif,-2.016019664
mp-1209928,../cifs_all/mp_1209928.cif,-0.469399118
mp-1101772,../cifs_all/mp_1101772.cif,-0.399744242
mp-1075217,../cifs_all/mp_1075217.cif,0.253272049
mp-557257,../cifs_all/mp_557257.cif,-3.039071322
mp-2713956,../cifs_all/mp_2713956.cif,-2.698969209
mp-752459,../cifs_all/mp_752459.cif,-3.916968407
mp-1220133,../cifs_all/mp_1220133.cif,-0.022269793
mp-769535,../cifs_all/mp_769535.cif,-2.49039805
mp-685935,../cifs_all/mp_685935.cif,-1.761561389
mp-20530,../cifs_all/mp_20530.cif,-2.970420415
mp-976972,../cifs_all/mp_976972.cif,-0.285095616
mp-28070,../cifs_all/mp_28070.cif,-1.02965768
mp-1235156,../cifs_all/mp_1235156.cif,-1.813699698
mp-7289,../cifs_all/mp_7289.cif,-0.863097973
mp-1201354,../cifs_all/mp_1201354.cif,-0.214894223
mp-1183100,../cifs_all/mp_1183100.cif,-0.081378242
mp-757839,../cifs_all/mp_757839.cif,-2.328099351
mp-541611,../cifs_all/mp_541611.cif,-2.318610323
mp-729405,../cifs_all/mp_729405.cif,-2.064149355
mp-1224573,../cifs_all/mp_1224573.cif,-2.812855176
mp-640950,../cifs_all/mp_640950.cif,-0.516334924
mp-113,../cifs_all/mp_113.cif,0.0
mp-1074917,../cifs_all/mp_1074917.cif,0.127395772
mp-1228831,../cifs_all/mp_1228831.cif,-0.206290146
mp-27828,../cifs_all/mp_27828.cif,-2.061580076
mp-889216,../cifs_all/mp_889216.cif,-0.576312139
mp-1095607,../cifs_all/mp_1095607.cif,-1.122292926
mp-1223901,../cifs_all/mp_1223901.cif,0.064154071
mp-1215094,../cifs_all/mp_1215094.cif,1.099221675177083
mp-27565,../cifs_all/mp_27565.cif,-1.284708727
mp-1283001,../cifs_all/mp_1283001.cif,-2.959505823
mp-1212560,../cifs_all/mp_1212560.cif,-0.100704017
mp-1039582,../cifs_all/mp_1039582.cif,0.031242845833332
mp-1248269,../cifs_all/mp_1248269.cif,-1.747218494
mp-1094800,../cifs_all/mp_1094800.cif,-0.063347605
mp-1245913,../cifs_all/mp_1245913.cif,-0.2895167
mp-1229087,../cifs_all/mp_1229087.cif,-0.212816297
mp-1302395,../cifs_all/mp_1302395.cif,-2.538975051
mp-541856,../cifs_all/mp_541856.cif,-0.547752478
mp-1213130,../cifs_all/mp_1213130.cif,-0.443406983
mp-1368283,../cifs_all/mp_1368283.cif,-1.674109301
mp-39933,../cifs_all/mp_39933.cif,-2.631961718
mp-1247546,../cifs_all/mp_1247546.cif,0.159937883
mp-777465,../cifs_all/mp_777465.cif,-2.497922332
mp-778485,../cifs_all/mp_778485.cif,-2.528609639
mp-1200205,../cifs_all/mp_1200205.cif,-3.774073271
mp-1246072,../cifs_all/mp_1246072.cif,-0.950598493
mp-1221050,../cifs_all/mp_1221050.cif,-1.777527179
mp-849733,../cifs_all/mp_849733.cif,-2.650059743
mp-999138,../cifs_all/mp_999138.cif,-1.714360571
mp-1203775,../cifs_all/mp_1203775.cif,-0.505457637
mp-1201317,../cifs_all/mp_1201317.cif,-1.521713995
mp-1239057,../cifs_all/mp_1239057.cif,-0.893693138
mp-1246672,../cifs_all/mp_1246672.cif,0.055143479
mp-756500,../cifs_all/mp_756500.cif,-1.877707103
mp-1102132,../cifs_all/mp_1102132.cif,-0.610186082
mp-643086,../cifs_all/mp_643086.cif,-0.650051957
mp-1216830,../cifs_all/mp_1216830.cif,-0.064858548
mp-753653,../cifs_all/mp_753653.cif,-2.612677451
mp-2224271,../cifs_all/mp_2224271.cif,-2.067450808
mp-1523321,../cifs_all/mp_1523321.cif,-3.577855642
mp-753359,../cifs_all/mp_753359.cif,-2.40402215
mp-1047381,../cifs_all/mp_1047381.cif,-1.802603557
mp-32959,../cifs_all/mp_32959.cif,-1.254777948
mp-1174479,../cifs_all/mp_1174479.cif,-1.797673771
mp-1030726,../cifs_all/mp_1030726.cif,-2.621072878
mp-2228488,../cifs_all/mp_2228488.cif,-1.958137707
mp-11540,../cifs_all/mp_11540.cif,0.205989293
mp-423,../cifs_all/mp_423.cif,-0.538801526
mp-772179,../cifs_all/mp_772179.cif,-1.590227402
mp-728416,../cifs_all/mp_728416.cif,-2.382367943
mp-646733,../cifs_all/mp_646733.cif,-0.311907209
mp-768144,../cifs_all/mp_768144.cif,-2.247123654
mp-23182,../cifs_all/mp_23182.cif,-0.677352266
mp-2219348,../cifs_all/mp_2219348.cif,-1.677318232
mp-1218144,../cifs_all/mp_1218144.cif,-0.609749234
mp-979283,../cifs_all/mp_979283.cif,0.15853136
mp-1101774,../cifs_all/mp_1101774.cif,-0.816800571
mp-997553,../cifs_all/mp_997553.cif,-1.46050461
mp-1110878,../cifs_all/mp_1110878.cif,-2.292235718
mp-1080531,../cifs_all/mp_1080531.cif,-0.769995493
mp-17208,../cifs_all/mp_17208.cif,-2.569991884
mp-14069,../cifs_all/mp_14069.cif,-2.84665471
mp-752778,../cifs_all/mp_752778.cif,-2.49365863
mp-754952,../cifs_all/mp_754952.cif,-2.144663164
mp-1570562,../cifs_all/mp_1570562.cif,-1.886893446
mp-758241,../cifs_all/mp_758241.cif,-2.739682486
mp-2220692,../cifs_all/mp_2220692.cif,-1.777401304
mp-1219781,../cifs_all/mp_1219781.cif,-2.57199654
mp-1045787,../cifs_all/mp_1045787.cif,-2.688315324
mp-1095781,../cifs_all/mp_1095781.cif,1.249476489583334
mp-774814,../cifs_all/mp_774814.cif,-2.304638569
mp-1214472,../cifs_all/mp_1214472.cif,-1.834266693
mp-1225100,../cifs_all/mp_1225100.cif,-1.784829937
mp-1184793,../cifs_all/mp_1184793.cif,0.5358863234374951
mp-734411,../cifs_all/mp_734411.cif,-0.600836086
mp-1308819,../cifs_all/mp_1308819.cif,-1.889141819
mp-971740,../cifs_all/mp_971740.cif,-0.453963362
mp-1520853,../cifs_all/mp_1520853.cif,-2.63867642
mp-1046077,../cifs_all/mp_1046077.cif,-2.765322911
mp-1224716,../cifs_all/mp_1224716.cif,-0.50252706
mp-1185385,../cifs_all/mp_1185385.cif,-0.279264757
mp-1226311,../cifs_all/mp_1226311.cif,-2.798176959
mp-974581,../cifs_all/mp_974581.cif,-1.210774598
mp-626496,../cifs_all/mp_626496.cif,-2.036477309
mp-1234904,../cifs_all/mp_1234904.cif,-3.155811088
mp-6694,../cifs_all/mp_6694.cif,-3.222271184
mp-1206033,../cifs_all/mp_1206033.cif,-1.970647114
mp-1210811,../cifs_all/mp_1210811.cif,0.628066935
mp-1521547,../cifs_all/mp_1521547.cif,-2.524028654
mp-863,../cifs_all/mp_863.cif,-0.09970724
mp-1518146,../cifs_all/mp_1518146.cif,-2.892390279
mp-1217308,../cifs_all/mp_1217308.cif,-1.351454464
mp-1187614,../cifs_all/mp_1187614.cif,-0.563064799
mp-3109,../cifs_all/mp_3109.cif,-0.646070269
mp-22315,../cifs_all/mp_22315.cif,-0.429928539
mp-1097512,../cifs_all/mp_1097512.cif,0.7143176066666731
mp-1147752,../cifs_all/mp_1147752.cif,-1.987107098
mp-1093739,../cifs_all/mp_1093739.cif,1.627000633
mp-798790,../cifs_all/mp_798790.cif,-0.667909899
mp-1214892,../cifs_all/mp_1214892.cif,-1.852153381
mp-777684,../cifs_all/mp_777684.cif,-2.656140248
mp-1094505,../cifs_all/mp_1094505.cif,-0.035028392
mp-23093,../cifs_all/mp_23093.cif,-2.785175978
mp-1187305,../cifs_all/mp_1187305.cif,0.061187999
mp-622693,../cifs_all/mp_622693.cif,-1.728142117
mp-757695,../cifs_all/mp_757695.cif,-2.191068709
mp-757958,../cifs_all/mp_757958.cif,-2.781965528
mp-1263670,../cifs_all/mp_1263670.cif,-3.221428657
mp-1175830,../cifs_all/mp_1175830.cif,-1.82854743
mp-721161,../cifs_all/mp_721161.cif,-1.503423509
mp-754586,../cifs_all/mp_754586.cif,-1.971293514
mp-21112,../cifs_all/mp_21112.cif,-0.727174286
mp-1342585,../cifs_all/mp_1342585.cif,-2.120716507
mp-1235349,../cifs_all/mp_1235349.cif,-2.482915641
mp-867306,../cifs_all/mp_867306.cif,-0.25772352
mp-1097097,../cifs_all/mp_1097097.cif,3.741259154375
mp-14665,../cifs_all/mp_14665.cif,-2.549136385
mp-1193709,../cifs_all/mp_1193709.cif,-2.703903053
mp-14433,../cifs_all/mp_14433.cif,-0.383335663
mp-13554,../cifs_all/mp_13554.cif,-1.453517255
mp-1185883,../cifs_all/mp_1185883.cif,-0.049137691
mp-1100492,../cifs_all/mp_1100492.cif,-2.142876165
mp-1040029,../cifs_all/mp_1040029.cif,-2.9137971
mp-1208677,../cifs_all/mp_1208677.cif,-0.601790591
mp-27477,../cifs_all/mp_27477.cif,-2.317763471
mp-1218481,../cifs_all/mp_1218481.cif,-2.604321083
mp-1189956,../cifs_all/mp_1189956.cif,-2.72341528
mp-2223686,../cifs_all/mp_2223686.cif,-0.766023383
mp-1520808,../cifs_all/mp_1520808.cif,-3.324963373
mp-768413,../cifs_all/mp_768413.cif,-1.312056718
mp-1215816,../cifs_all/mp_1215816.cif,-0.802801495
mp-1180507,../cifs_all/mp_1180507.cif,0.113220592
mp-690978,../cifs_all/mp_690978.cif,-3.349891609
mp-859135,../cifs_all/mp_859135.cif,-1.880999555
mp-759552,../cifs_all/mp_759552.cif,-1.875647157
mp-1222409,../cifs_all/mp_1222409.cif,-2.055774552
mp-983407,../cifs_all/mp_983407.cif,0.483931709062503
mp-1221504,../cifs_all/mp_1221504.cif,-0.350421301
mp-1187505,../cifs_all/mp_1187505.cif,-0.577585985
mp-1188757,../cifs_all/mp_1188757.cif,-0.261390014
mp-1516635,../cifs_all/mp_1516635.cif,-3.172259868
mp-1226811,../cifs_all/mp_1226811.cif,-0.672325077
mp-24742,../cifs_all/mp_24742.cif,-1.837940556
mp-756385,../cifs_all/mp_756385.cif,-1.791629911
mp-2712551,../cifs_all/mp_2712551.cif,-2.48315357
mp-1239155,../cifs_all/mp_1239155.cif,-0.77411632
mp-1213912,../cifs_all/mp_1213912.cif,-0.428710398
mp-1215301,../cifs_all/mp_1215301.cif,-0.144864318
mp-14207,../cifs_all/mp_14207.cif,-0.608855087
mp-1103082,../cifs_all/mp_1103082.cif,-0.273456496
mp-16481,../cifs_all/mp_16481.cif,-0.558657072
mp-1646256,../cifs_all/mp_1646256.cif,-2.394675863
mp-1176591,../cifs_all/mp_1176591.cif,-1.2380651
mp-976159,../cifs_all/mp_976159.cif,-0.575244141
mp-755292,../cifs_all/mp_755292.cif,-2.017852933
mp-1194787,../cifs_all/mp_1194787.cif,-2.485058669
mp-573495,../cifs_all/mp_573495.cif,-0.363403541
mp-534901,../cifs_all/mp_534901.cif,-3.3612139
mp-19834,../cifs_all/mp_19834.cif,-0.28605081
mp-1044616,../cifs_all/mp_1044616.cif,-1.710844096
mp-504821,../cifs_all/mp_504821.cif,-0.920841691
mp-567246,../cifs_all/mp_567246.cif,-0.921001801
mp-556541,../cifs_all/mp_556541.cif,-0.78621249
mp-1234235,../cifs_all/mp_1234235.cif,-2.515705529
mp-1177531,../cifs_all/mp_1177531.cif,-2.674819579
mp-1193402,../cifs_all/mp_1193402.cif,-0.430099931
mp-1177618,../cifs_all/mp_1177618.cif,-2.306694291
mp-27318,../cifs_all/mp_27318.cif,-2.324827284
mp-2228575,../cifs_all/mp_2228575.cif,-1.95633385
mp-29605,../cifs_all/mp_29605.cif,-3.496288963
mp-2217696,../cifs_all/mp_2217696.cif,-2.049657137
mp-1246233,../cifs_all/mp_1246233.cif,-0.06348326
mp-1038484,../cifs_all/mp_1038484.cif,-2.80942366
mp-1187285,../cifs_all/mp_1187285.cif,0.039947349
mp-1246095,../cifs_all/mp_1246095.cif,-0.54675502
mp-1194036,../cifs_all/mp_1194036.cif,-0.200873163
mp-2230862,../cifs_all/mp_2230862.cif,-1.867671493
mp-759056,../cifs_all/mp_759056.cif,-2.590988336
mp-18881,../cifs_all/mp_18881.cif,-2.148050575
mp-1174626,../cifs_all/mp_1174626.cif,-1.843663862
mp-1178063,../cifs_all/mp_1178063.cif,-2.074610382
mp-1029331,../cifs_all/mp_1029331.cif,-1.749723572
mp-1026461,../cifs_all/mp_1026461.cif,0.121127835
mp-17236,../cifs_all/mp_17236.cif,-0.311095252
mp-763114,../cifs_all/mp_763114.cif,-1.881619051
mp-1229221,../cifs_all/mp_1229221.cif,-1.382846811
mp-1210431,../cifs_all/mp_1210431.cif,-2.373618289
mp-2226684,../cifs_all/mp_2226684.cif,-2.601298585
mp-1340007,../cifs_all/mp_1340007.cif,-1.554952473
mp-777361,../cifs_all/mp_777361.cif,-2.947401718
mp-11472,../cifs_all/mp_11472.cif,-0.483182255
mp-15642,../cifs_all/mp_15642.cif,-0.358533394
mp-756532,../cifs_all/mp_756532.cif,-2.4793317
mp-1189517,../cifs_all/mp_1189517.cif,0.082261266
mp-1099889,../cifs_all/mp_1099889.cif,-3.218924705
mp-1045680,../cifs_all/mp_1045680.cif,-2.598692519
mp-1245462,../cifs_all/mp_1245462.cif,0.292495261
mp-614964,../cifs_all/mp_614964.cif,-2.020367622
mp-1022997,../cifs_all/mp_1022997.cif,0.173137552341954
mp-1065860,../cifs_all/mp_1065860.cif,-0.156671731
mp-1294897,../cifs_all/mp_1294897.cif,-1.451632638
mp-849672,../cifs_all/mp_849672.cif,-2.830976626
mp-1639368,../cifs_all/mp_1639368.cif,-2.069497589
mp-1205390,../cifs_all/mp_1205390.cif,-0.433420468
mp-2220433,../cifs_all/mp_2220433.cif,-2.406137711
mp-510608,../cifs_all/mp_510608.cif,-1.48863524
mp-1371062,../cifs_all/mp_1371062.cif,0.148449101
mp-2227028,../cifs_all/mp_2227028.cif,-2.17720631
mp-1211031,../cifs_all/mp_1211031.cif,-2.743583677
mp-2224748,../cifs_all/mp_2224748.cif,-2.451848226
mp-1017022,../cifs_all/mp_1017022.cif,0.270082734
mp-1080605,../cifs_all/mp_1080605.cif,-0.427557534
mp-24570,../cifs_all/mp_24570.cif,-2.008922608
mp-754135,../cifs_all/mp_754135.cif,-2.896742682
mp-1023266,../cifs_all/mp_1023266.cif,0.0109870040625
mp-27615,../cifs_all/mp_27615.cif,-2.830480846
mp-1097591,../cifs_all/mp_1097591.cif,1.142579010416667
mp-2226703,../cifs_all/mp_2226703.cif,-1.346081489
mp-1245643,../cifs_all/mp_1245643.cif,-0.669710915
mp-1093938,../cifs_all/mp_1093938.cif,1.7988462120833342
mp-755474,../cifs_all/mp_755474.cif,-2.665471211
mp-26379,../cifs_all/mp_26379.cif,-2.554750186
mp-752850,../cifs_all/mp_752850.cif,-1.487490075
mp-2224846,../cifs_all/mp_2224846.cif,-1.834556532
mp-695592,../cifs_all/mp_695592.cif,-1.398868988
mp-19868,../cifs_all/mp_19868.cif,-1.326427736
mp-1224706,../cifs_all/mp_1224706.cif,-2.904838637
mp-1233490,../cifs_all/mp_1233490.cif,-2.104069927
mp-753115,../cifs_all/mp_753115.cif,-2.899204666
mp-26245,../cifs_all/mp_26245.cif,-2.434741949
mp-1214836,../cifs_all/mp_1214836.cif,-0.234124804
mp-11261,../cifs_all/mp_11261.cif,-0.92867078
mp-554887,../cifs_all/mp_554887.cif,-3.225167477
mp-753775,../cifs_all/mp_753775.cif,-1.87538266
mp-21440,../cifs_all/mp_21440.cif,-0.266267419
mp-20451,../cifs_all/mp_20451.cif,-1.117896087
mp-2222872,../cifs_all/mp_2222872.cif,-2.692706409
mp-776264,../cifs_all/mp_776264.cif,-2.825005161
mp-26519,../cifs_all/mp_26519.cif,-2.589889256
mp-1182901,../cifs_all/mp_1182901.cif,-2.691190371
mp-2241019,../cifs_all/mp_2241019.cif,-2.211494766
mp-1185806,../cifs_all/mp_1185806.cif,-0.167091416
mp-1210218,../cifs_all/mp_1210218.cif,1.748144430765306
mp-1017258,../cifs_all/mp_1017258.cif,0.281312483
mp-1211139,../cifs_all/mp_1211139.cif,-0.442499694
mp-1209581,../cifs_all/mp_1209581.cif,-2.79477242
mp-1096328,../cifs_all/mp_1096328.cif,1.789647513750004
mp-1291,../cifs_all/mp_1291.cif,-0.485002693
mp-1206024,../cifs_all/mp_1206024.cif,-0.393140594
mp-1217570,../cifs_all/mp_1217570.cif,-0.286165471
mp-1203291,../cifs_all/mp_1203291.cif,-2.465994902
mp-1212927,../cifs_all/mp_1212927.cif,-0.36154739
mp-1209616,../cifs_all/mp_1209616.cif,-3.736280181
mp-1222977,../cifs_all/mp_1222977.cif,-0.624687965
mp-1201323,../cifs_all/mp_1201323.cif,-1.80375114
mp-23702,../cifs_all/mp_23702.cif,-0.590535693
mp-1210591,../cifs_all/mp_1210591.cif,-0.036019424
mp-2210624,../cifs_all/mp_2210624.cif,-1.773818544
mp-1104761,../cifs_all/mp_1104761.cif,-1.240107288
mp-1225787,../cifs_all/mp_1225787.cif,-0.344819412
mp-1095792,../cifs_all/mp_1095792.cif,1.624122335
mp-1100471,../cifs_all/mp_1100471.cif,0.154197068
mp-680552,../cifs_all/mp_680552.cif,-0.569561618
mp-1235167,../cifs_all/mp_1235167.cif,-2.55625315
mp-764428,../cifs_all/mp_764428.cif,-2.142771227
mp-504616,../cifs_all/mp_504616.cif,-0.382057031
mp-972899,../cifs_all/mp_972899.cif,-0.805335052
mp-1216901,../cifs_all/mp_1216901.cif,-0.713871627
mp-1194748,../cifs_all/mp_1194748.cif,-2.748948005
mp-1022465,../cifs_all/mp_1022465.cif,0.107804614999999
mp-2218663,../cifs_all/mp_2218663.cif,-1.952957131
mp-1211730,../cifs_all/mp_1211730.cif,-2.192009798
mp-3245,../cifs_all/mp_3245.cif,-0.13375595
mp-1183202,../cifs_all/mp_1183202.cif,0.094391999
mp-2230111,../cifs_all/mp_2230111.cif,-1.114679569
mp-1378195,../cifs_all/mp_1378195.cif,-2.214164667
mp-29704,../cifs_all/mp_29704.cif,-1.803247493
mp-1019802,../cifs_all/mp_1019802.cif,-2.796808548
mp-569126,../cifs_all/mp_569126.cif,-0.465881065
mp-1078861,../cifs_all/mp_1078861.cif,-0.936358713
mp-1246982,../cifs_all/mp_1246982.cif,-1.022509909
mp-1202541,../cifs_all/mp_1202541.cif,-1.830011278
mp-1035484,../cifs_all/mp_1035484.cif,-2.738763421
mp-1103467,../cifs_all/mp_1103467.cif,-0.051006634
mp-1111704,../cifs_all/mp_1111704.cif,-1.437805189
mp-1446026,../cifs_all/mp_1446026.cif,-0.13640431
mp-1353996,../cifs_all/mp_1353996.cif,-1.20804408
mp-1182612,../cifs_all/mp_1182612.cif,-0.424167626
mp-1013703,../cifs_all/mp_1013703.cif,-0.46905776
mp-1206185,../cifs_all/mp_1206185.cif,-0.214314085
mp-10528,../cifs_all/mp_10528.cif,-0.77108946
mp-541318,../cifs_all/mp_541318.cif,-3.002185567
mp-772839,../cifs_all/mp_772839.cif,-2.025954632
mp-1078726,../cifs_all/mp_1078726.cif,-2.11735409
mp-760257,../cifs_all/mp_760257.cif,-2.259597208
mp-759672,../cifs_all/mp_759672.cif,-2.903824701
mp-1185613,../cifs_all/mp_1185613.cif,-1.195977605
mp-1026880,../cifs_all/mp_1026880.cif,0.144371909
mp-975138,../cifs_all/mp_975138.cif,-2.040945845
mp-651311,../cifs_all/mp_651311.cif,-1.299200774
mp-1209935,../cifs_all/mp_1209935.cif,-1.528955019
mp-759741,../cifs_all/mp_759741.cif,-2.704172187
mp-559530,../cifs_all/mp_559530.cif,-3.132662161
mp-683987,../cifs_all/mp_683987.cif,-1.112259982
mp-1520006,../cifs_all/mp_1520006.cif,-3.044106634
mp-1205599,../cifs_all/mp_1205599.cif,-3.342785365
mp-559061,../cifs_all/mp_559061.cif,-1.61420318
mp-1517092,../cifs_all/mp_1517092.cif,-2.711769452
mp-1184546,../cifs_all/mp_1184546.cif,-2.685989058
mp-1188440,../cifs_all/mp_1188440.cif,-3.140046547
mp-1176221,../cifs_all/mp_1176221.cif,-1.791749383
mp-1520951,../cifs_all/mp_1520951.cif,-1.956773241
mp-1303200,../cifs_all/mp_1303200.cif,-1.259692058
mp-643708,../cifs_all/mp_643708.cif,-1.343059262
mp-1110608,../cifs_all/mp_1110608.cif,-2.621729162
mp-1219705,../cifs_all/mp_1219705.cif,0.053876099
mp-1186716,../cifs_all/mp_1186716.cif,-0.194385367
mp-866072,../cifs_all/mp_866072.cif,-0.555790711
mp-1216081,../cifs_all/mp_1216081.cif,-0.594998485
mp-756139,../cifs_all/mp_756139.cif,-0.197513051
mp-1094121,../cifs_all/mp_1094121.cif,-0.064587542
mp-571222,../cifs_all/mp_571222.cif,-2.046601577
mp-1197598,../cifs_all/mp_1197598.cif,-1.709086492
mp-1114105,../cifs_all/mp_1114105.cif,-2.440692214
mp-14901,../cifs_all/mp_14901.cif,-1.93149491
mp-2217949,../cifs_all/mp_2217949.cif,-1.647161622
mp-28519,../cifs_all/mp_28519.cif,-1.654980923
mp-978508,../cifs_all/mp_978508.cif,0.288234313749995
mp-776584,../cifs_all/mp_776584.cif,-2.424200093
mp-1225154,../cifs_all/mp_1225154.cif,0.128022244
mp-1078399,../cifs_all/mp_1078399.cif,0.270592377284481
mp-19906,../cifs_all/mp_19906.cif,-0.502212657
mp-505794,../cifs_all/mp_505794.cif,-1.223806307
mp-761188,../cifs_all/mp_761188.cif,-1.826613975
mp-1215426,../cifs_all/mp_1215426.cif,-0.98921748
mp-1019889,../cifs_all/mp_1019889.cif,-3.051882603
mp-1211586,../cifs_all/mp_1211586.cif,-2.516057846
mp-1095614,../cifs_all/mp_1095614.cif,-1.698066471
mp-2230008,../cifs_all/mp_2230008.cif,-2.157436773
mp-1221922,../cifs_all/mp_1221922.cif,-0.0390851
mp-698476,../cifs_all/mp_698476.cif,-0.32328967
mp-1227476,../cifs_all/mp_1227476.cif,-2.892719701
mp-1043526,../cifs_all/mp_1043526.cif,-3.051494175
mp-1218473,../cifs_all/mp_1218473.cif,-2.445590899
mp-2232779,../cifs_all/mp_2232779.cif,-1.769937081
mp-1235564,../cifs_all/mp_1235564.cif,-1.336315498
mp-6662,../cifs_all/mp_6662.cif,-2.464987474
mp-1204226,../cifs_all/mp_1204226.cif,-0.735505105
mp-1376600,../cifs_all/mp_1376600.cif,-0.858217342
mp-1524481,../cifs_all/mp_1524481.cif,-1.274885594
mp-1111632,../cifs_all/mp_1111632.cif,-2.181767257
mp-14246,../cifs_all/mp_14246.cif,-1.75476552
mp-1200058,../cifs_all/mp_1200058.cif,-2.581967055
mp-766225,../cifs_all/mp_766225.cif,-1.502138286
mp-1200314,../cifs_all/mp_1200314.cif,-2.520806615
mp-541709,../cifs_all/mp_541709.cif,-1.259257073
mp-2716392,../cifs_all/mp_2716392.cif,-2.722717827
mp-1106197,../cifs_all/mp_1106197.cif,-2.362331641
mp-1106376,../cifs_all/mp_1106376.cif,-1.700670652
mp-1638745,../cifs_all/mp_1638745.cif,-2.348544327
mp-771123,../cifs_all/mp_771123.cif,-2.779514111
mp-662792,../cifs_all/mp_662792.cif,-0.960825781
mp-1094137,../cifs_all/mp_1094137.cif,-0.284321506
mp-755536,../cifs_all/mp_755536.cif,-1.772249117
mp-2217953,../cifs_all/mp_2217953.cif,-2.374226004
mp-722860,../cifs_all/mp_722860.cif,-1.857445582
mp-649704,../cifs_all/mp_649704.cif,-0.813119651
mp-1216091,../cifs_all/mp_1216091.cif,-0.619428847
mp-22952,../cifs_all/mp_22952.cif,-3.405125033
mp-1189672,../cifs_all/mp_1189672.cif,-0.911514092
mp-4334,../cifs_all/mp_4334.cif,-0.596627511
mp-558010,../cifs_all/mp_558010.cif,-2.685445925
mp-1210379,../cifs_all/mp_1210379.cif,-0.50760697
mp-759975,../cifs_all/mp_759975.cif,-2.597456578
mp-1226671,../cifs_all/mp_1226671.cif,-1.354256253
mp-16124,../cifs_all/mp_16124.cif,-2.038351963
mp-1245935,../cifs_all/mp_1245935.cif,-0.785955489
mp-1224341,../cifs_all/mp_1224341.cif,-0.673387211
mp-866016,../cifs_all/mp_866016.cif,-0.703839426
mp-27454,../cifs_all/mp_27454.cif,-0.257458163
mp-33746,../cifs_all/mp_33746.cif,-2.662804632
mp-561173,../cifs_all/mp_561173.cif,-1.80112141
mp-567351,../cifs_all/mp_567351.cif,-0.417249649
mp-1205436,../cifs_all/mp_1205436.cif,0.160689516
mp-1214899,../cifs_all/mp_1214899.cif,1.217763792222222
mp-1516332,../cifs_all/mp_1516332.cif,-2.723628214
mp-1522228,../cifs_all/mp_1522228.cif,-2.742957874
mp-1224242,../cifs_all/mp_1224242.cif,-1.745704894
mp-753418,../cifs_all/mp_753418.cif,-3.547404761
mp-1191214,../cifs_all/mp_1191214.cif,-2.119530889
mp-1185409,../cifs_all/mp_1185409.cif,-0.493660411
mp-1202314,../cifs_all/mp_1202314.cif,-0.52842021
mp-570759,../cifs_all/mp_570759.cif,-0.899282206
mp-571123,../cifs_all/mp_571123.cif,0.093913721
mp-685069,../cifs_all/mp_685069.cif,-1.480490959
mp-1186055,../cifs_all/mp_1186055.cif,0.026316565
mp-752706,../cifs_all/mp_752706.cif,-3.806580555
mp-1207690,../cifs_all/mp_1207690.cif,-0.224176508
mp-1244946,../cifs_all/mp_1244946.cif,-0.839953947
mp-1521506,../cifs_all/mp_1521506.cif,-2.595830415
mp-1101151,../cifs_all/mp_1101151.cif,-3.154525667
mp-1235366,../cifs_all/mp_1235366.cif,-1.006548426
mp-1639240,../cifs_all/mp_1639240.cif,-2.465608234
mp-1094610,../cifs_all/mp_1094610.cif,-0.034564074
mp-1215905,../cifs_all/mp_1215905.cif,-0.637781568
mp-2714655,../cifs_all/mp_2714655.cif,-3.194376904
mp-1079320,../cifs_all/mp_1079320.cif,-1.988987681
mp-1027382,../cifs_all/mp_1027382.cif,-0.5205469
mp-1039443,../cifs_all/mp_1039443.cif,0.041808304166667
mp-17240,../cifs_all/mp_17240.cif,-2.623642914
mp-555022,../cifs_all/mp_555022.cif,-2.823080667
mp-1103105,../cifs_all/mp_1103105.cif,-1.126322077
mp-1033042,../cifs_all/mp_1033042.cif,-2.452932155
mp-1192373,../cifs_all/mp_1192373.cif,-1.01071427
mp-769321,../cifs_all/mp_769321.cif,-1.261168915
mp-1102131,../cifs_all/mp_1102131.cif,-0.43869586
mp-864887,../cifs_all/mp_864887.cif,-1.31949336
mp-646895,../cifs_all/mp_646895.cif,-3.252928618
mp-1209264,../cifs_all/mp_1209264.cif,0.024728159404768
mp-1028255,../cifs_all/mp_1028255.cif,-0.002265607
mp-2712893,../cifs_all/mp_2712893.cif,-2.66606677
mp-2219082,../cifs_all/mp_2219082.cif,-2.464979845
mp-1185419,../cifs_all/mp_1185419.cif,-0.707263086
mp-1196375,../cifs_all/mp_1196375.cif,0.177602440000002
mp-8708,../cifs_all/mp_8708.cif,-2.026663796
mp-568196,../cifs_all/mp_568196.cif,-0.764162009
mp-1039694,../cifs_all/mp_1039694.cif,-2.85892794
mp-1013710,../cifs_all/mp_1013710.cif,0.618596263
mp-1367296,../cifs_all/mp_1367296.cif,-1.959974081
mp-569095,../cifs_all/mp_569095.cif,-0.319145696
mp-675286,../cifs_all/mp_675286.cif,-1.52988633
mp-867281,../cifs_all/mp_867281.cif,-0.310300715
mp-1216795,../cifs_all/mp_1216795.cif,-0.299291883
mp-680133,../cifs_all/mp_680133.cif,-0.825193075
mp-5835,../cifs_all/mp_5835.cif,-0.791646015
mp-1234707,../cifs_all/mp_1234707.cif,-1.276493767
mp-1200813,../cifs_all/mp_1200813.cif,-0.36252727
mp-1212781,../cifs_all/mp_1212781.cif,-3.341644417
mp-1388393,../cifs_all/mp_1388393.cif,-2.649898929
mp-1239221,../cifs_all/mp_1239221.cif,-0.881036746
mp-1045717,../cifs_all/mp_1045717.cif,-2.441239134
mp-542974,../cifs_all/mp_542974.cif,-1.347028521
mp-1228688,../cifs_all/mp_1228688.cif,-3.622599527
mp-752495,../cifs_all/mp_752495.cif,-2.284280733
mp-1077185,../cifs_all/mp_1077185.cif,-0.380426969
mp-1174387,../cifs_all/mp_1174387.cif,-2.125433107
mp-1223826,../cifs_all/mp_1223826.cif,-0.451998051
mp-1209878,../cifs_all/mp_1209878.cif,-1.54364077
mp-581913,../cifs_all/mp_581913.cif,-0.70082117
mp-1036258,../cifs_all/mp_1036258.cif,-2.762471084
mp-581449,../cifs_all/mp_581449.cif,-1.097119505
mp-2713513,../cifs_all/mp_2713513.cif,-2.484595216
mp-22516,../cifs_all/mp_22516.cif,-1.038798672
mp-2714464,../cifs_all/mp_2714464.cif,-2.658003974
mp-1195872,../cifs_all/mp_1195872.cif,-0.600051543
mp-1205213,../cifs_all/mp_1205213.cif,-3.195442282
mp-1245755,../cifs_all/mp_1245755.cif,-0.119867847
mp-8919,../cifs_all/mp_8919.cif,-1.273204667
mp-20794,../cifs_all/mp_20794.cif,-2.59750971
mp-757661,../cifs_all/mp_757661.cif,-2.286899005
mp-1402738,../cifs_all/mp_1402738.cif,-1.027684783
mp-20059,../cifs_all/mp_20059.cif,-0.570862542
mp-585516,../cifs_all/mp_585516.cif,-3.462348215
mp-1214285,../cifs_all/mp_1214285.cif,-2.062230145
mp-780898,../cifs_all/mp_780898.cif,-2.561099347
mp-1362204,../cifs_all/mp_1362204.cif,-2.373003384
mp-2239883,../cifs_all/mp_2239883.cif,-0.536791985
mp-601,../cifs_all/mp_601.cif,-1.742946235
mp-779877,../cifs_all/mp_779877.cif,-2.356875708
mp-973256,../cifs_all/mp_973256.cif,-0.298147689
mp-753690,../cifs_all/mp_753690.cif,-1.807251558
mp-1030605,../cifs_all/mp_1030605.cif,-0.518554687
mp-766097,../cifs_all/mp_766097.cif,-2.127653983
mp-616481,../cifs_all/mp_616481.cif,-0.53649858
mp-20529,../cifs_all/mp_20529.cif,-2.146700871
mp-697708,../cifs_all/mp_697708.cif,-0.887268344
mp-560586,../cifs_all/mp_560586.cif,-3.024244806
mp-638049,../cifs_all/mp_638049.cif,-1.528070699
mp-1210080,../cifs_all/mp_1210080.cif,-3.096820669
mp-721610,../cifs_all/mp_721610.cif,-1.256256467
mp-1221409,../cifs_all/mp_1221409.cif,-2.372518834
mp-776059,../cifs_all/mp_776059.cif,-2.757854984
mp-776158,../cifs_all/mp_776158.cif,-2.40509386
mp-557858,../cifs_all/mp_557858.cif,-2.845272235
mp-1205031,../cifs_all/mp_1205031.cif,-0.416584838
mp-2217716,../cifs_all/mp_2217716.cif,-2.549959368
mp-542625,../cifs_all/mp_542625.cif,-0.949634734
mp-1220530,../cifs_all/mp_1220530.cif,-0.086049079
mp-866289,../cifs_all/mp_866289.cif,-0.344163451
mp-759392,../cifs_all/mp_759392.cif,-2.942548405
mp-554400,../cifs_all/mp_554400.cif,-2.439375908
mp-1035948,../cifs_all/mp_1035948.cif,-2.816433921
mp-1201591,../cifs_all/mp_1201591.cif,-0.131373057
mp-2716399,../cifs_all/mp_2716399.cif,-2.955820314
mp-866181,../cifs_all/mp_866181.cif,-0.411125193
mp-20647,../cifs_all/mp_20647.cif,-0.773008105
mp-772448,../cifs_all/mp_772448.cif,-1.451856102
mp-1079255,../cifs_all/mp_1079255.cif,-0.744524818
mp-1244988,../cifs_all/mp_1244988.cif,-1.959584985
mp-1175488,../cifs_all/mp_1175488.cif,-1.709993213
mp-1339695,../cifs_all/mp_1339695.cif,0.286443491178572
mp-1195990,../cifs_all/mp_1195990.cif,-2.439487175
mp-982064,../cifs_all/mp_982064.cif,-0.398957553
mp-1234517,../cifs_all/mp_1234517.cif,-2.778271787
mp-759100,../cifs_all/mp_759100.cif,-2.643498009
mp-2714889,../cifs_all/mp_2714889.cif,-2.455432481
mp-540703,../cifs_all/mp_540703.cif,-1.192438348
mp-772622,../cifs_all/mp_772622.cif,-2.501904419
mp-2214497,../cifs_all/mp_2214497.cif,-2.424857221
mp-1220199,../cifs_all/mp_1220199.cif,-0.15800412
mp-680401,../cifs_all/mp_680401.cif,-0.064824489
mp-1233496,../cifs_all/mp_1233496.cif,-3.06023702
mp-11992,../cifs_all/mp_11992.cif,-2.774933724
mp-729170,../cifs_all/mp_729170.cif,-2.528822931
mp-1220990,../cifs_all/mp_1220990.cif,-1.38487535
mp-1188529,../cifs_all/mp_1188529.cif,-1.937203649
mp-1206161,../cifs_all/mp_1206161.cif,-0.363923848
mp-756753,../cifs_all/mp_756753.cif,-3.064262542
mp-1037247,../cifs_all/mp_1037247.cif,-2.873734105
mp-1227939,../cifs_all/mp_1227939.cif,-2.832684704
mp-777350,../cifs_all/mp_777350.cif,-1.835546872
mp-1202105,../cifs_all/mp_1202105.cif,-1.111277912
mp-765394,../cifs_all/mp_765394.cif,-2.303536163
mp-758459,../cifs_all/mp_758459.cif,-2.396897065
mp-14355,../cifs_all/mp_14355.cif,-2.902520476
mp-1282288,../cifs_all/mp_1282288.cif,-2.762719481
mp-1201482,../cifs_all/mp_1201482.cif,-0.698338476
mp-1186740,../cifs_all/mp_1186740.cif,-0.031000876
mp-1212931,../cifs_all/mp_1212931.cif,-2.506151887
mp-1216800,../cifs_all/mp_1216800.cif,-0.082438358
mp-862700,../cifs_all/mp_862700.cif,-0.60377356
mp-1182631,../cifs_all/mp_1182631.cif,-1.003178834
mp-770763,../cifs_all/mp_770763.cif,-2.58364238
mp-1197733,../cifs_all/mp_1197733.cif,-0.95980806
mp-31463,../cifs_all/mp_31463.cif,-0.84621088
mp-1026577,../cifs_all/mp_1026577.cif,-0.019976195
mp-607371,../cifs_all/mp_607371.cif,0.124913672
mp-1212332,../cifs_all/mp_1212332.cif,1.305243726666664
mp-1105597,../cifs_all/mp_1105597.cif,-1.280820102
mp-1184885,../cifs_all/mp_1184885.cif,0.089930395
mp-1228402,../cifs_all/mp_1228402.cif,-2.180424118
mp-1073227,../cifs_all/mp_1073227.cif,0.190158084
mp-759623,../cifs_all/mp_759623.cif,-2.864565262
mp-557397,../cifs_all/mp_557397.cif,-2.888768717
mp-766229,../cifs_all/mp_766229.cif,-2.677602925
mp-1032493,../cifs_all/mp_1032493.cif,-2.590880259
mp-1195562,../cifs_all/mp_1195562.cif,-1.866556463
mp-1180575,../cifs_all/mp_1180575.cif,0.103665228928571
mp-675723,../cifs_all/mp_675723.cif,-2.345333692
mp-555214,../cifs_all/mp_555214.cif,-0.948980155
mp-1246549,../cifs_all/mp_1246549.cif,-1.701012383
mp-1181934,../cifs_all/mp_1181934.cif,-1.17028511
mp-1212775,../cifs_all/mp_1212775.cif,-2.309999132
mp-643697,../cifs_all/mp_643697.cif,-0.163841714
mp-756459,../cifs_all/mp_756459.cif,-2.231061926
mp-2232578,../cifs_all/mp_2232578.cif,-3.021126638
mp-1079149,../cifs_all/mp_1079149.cif,-0.95065891
mp-1016600,../cifs_all/mp_1016600.cif,0.151756713
mp-20948,../cifs_all/mp_20948.cif,-0.729331512
mp-1080306,../cifs_all/mp_1080306.cif,-1.727255462
mp-1516265,../cifs_all/mp_1516265.cif,-1.903751758
mp-1079742,../cifs_all/mp_1079742.cif,-0.208247814
mp-865505,../cifs_all/mp_865505.cif,-0.462731855
mp-557757,../cifs_all/mp_557757.cif,-3.104928619
mp-12194,../cifs_all/mp_12194.cif,-2.04318253
mp-1419175,../cifs_all/mp_1419175.cif,-1.450723497
mp-555320,../cifs_all/mp_555320.cif,-2.052687846
mp-1219069,../cifs_all/mp_1219069.cif,0.011203383
mp-558412,../cifs_all/mp_558412.cif,-1.169273781
mp-1183095,../cifs_all/mp_1183095.cif,0.032081053125004
mp-1216847,../cifs_all/mp_1216847.cif,-0.431529107
mp-989588,../cifs_all/mp_989588.cif,-0.575558562
mp-1095135,../cifs_all/mp_1095135.cif,-0.644322788
mp-972147,../cifs_all/mp_972147.cif,0.148289248750001
mp-486,../cifs_all/mp_486.cif,-0.401355699
mp-975059,../cifs_all/mp_975059.cif,0.390205288
mp-754145,../cifs_all/mp_754145.cif,-3.986720299
mp-1025397,../cifs_all/mp_1025397.cif,-0.27132097
mp-541766,../cifs_all/mp_541766.cif,-0.318241765
mp-754268,../cifs_all/mp_754268.cif,-1.379654605
mp-694085,../cifs_all/mp_694085.cif,-0.933036958
mp-667283,../cifs_all/mp_667283.cif,-2.774143396
mp-20241,../cifs_all/mp_20241.cif,-0.752423875
mp-1209443,../cifs_all/mp_1209443.cif,-2.506741294
mp-1232181,../cifs_all/mp_1232181.cif,-2.213014863
mp-10228,../cifs_all/mp_10228.cif,-0.931772326
mp-1208407,../cifs_all/mp_1208407.cif,-1.099325836
mp-29100,../cifs_all/mp_29100.cif,-0.929009246
mp-18433,../cifs_all/mp_18433.cif,-3.661364407
mp-1212513,../cifs_all/mp_1212513.cif,-0.538926038
mp-1200958,../cifs_all/mp_1200958.cif,-3.462434517
mp-735596,../cifs_all/mp_735596.cif,-1.663219581
mp-554328,../cifs_all/mp_554328.cif,-1.733957048
mp-866203,../cifs_all/mp_866203.cif,-0.485260694
mp-1177881,../cifs_all/mp_1177881.cif,-2.40495227
mp-38950,../cifs_all/mp_38950.cif,-3.87131247
mp-556392,../cifs_all/mp_556392.cif,-0.961798177
mp-1204914,../cifs_all/mp_1204914.cif,-0.922870764
mp-11800,../cifs_all/mp_11800.cif,-0.304040632
mp-1203987,../cifs_all/mp_1203987.cif,-0.180065702
mp-1208896,../cifs_all/mp_1208896.cif,-1.060131104
mp-762439,../cifs_all/mp_762439.cif,-2.333269034
mp-1221235,../cifs_all/mp_1221235.cif,0.040541970540539
mp-1213400,../cifs_all/mp_1213400.cif,-0.531625185
mp-504567,../cifs_all/mp_504567.cif,-1.516291252
mp-753662,../cifs_all/mp_753662.cif,-2.264156578
mp-1185418,../cifs_all/mp_1185418.cif,-0.586664303
mp-621825,../cifs_all/mp_621825.cif,-3.514431159
mp-1220165,../cifs_all/mp_1220165.cif,-0.652395336
mp-1193494,../cifs_all/mp_1193494.cif,-2.118772164
mp-32566,../cifs_all/mp_32566.cif,-0.776401148
mp-1094219,../cifs_all/mp_1094219.cif,-0.021906592
mp-28465,../cifs_all/mp_28465.cif,-2.225081295
mp-2715817,../cifs_all/mp_2715817.cif,-2.604749154
mp-1208374,../cifs_all/mp_1208374.cif,-0.973434811
mp-755826,../cifs_all/mp_755826.cif,-1.655145788
mp-16159,../cifs_all/mp_16159.cif,-3.235089367
mp-1035090,../cifs_all/mp_1035090.cif,-2.833332824
mp-1221176,../cifs_all/mp_1221176.cif,-1.848877406
mp-1100405,../cifs_all/mp_1100405.cif,-1.218275754
mp-1216586,../cifs_all/mp_1216586.cif,-3.49889186
mp-758117,../cifs_all/mp_758117.cif,-1.855112278
mp-1217437,../cifs_all/mp_1217437.cif,-0.43007945
mp-2759477,../cifs_all/mp_2759477.cif,-2.279680539
mp-26133,../cifs_all/mp_26133.cif,-2.631152198
mp-909339,../cifs_all/mp_909339.cif,0.169886165
mp-22504,../cifs_all/mp_22504.cif,-1.76774843
mp-1029625,../cifs_all/mp_1029625.cif,-1.304259891
mp-1183502,../cifs_all/mp_1183502.cif,0.480922082
mp-1039943,../cifs_all/mp_1039943.cif,-2.875873311
mp-11843,../cifs_all/mp_11843.cif,-0.444183152
mp-1198723,../cifs_all/mp_1198723.cif,-2.084475934
mp-1200720,../cifs_all/mp_1200720.cif,-1.153762355
mp-1227074,../cifs_all/mp_1227074.cif,-0.508248183
mp-699317,../cifs_all/mp_699317.cif,-1.267509707
mp-754739,../cifs_all/mp_754739.cif,-3.091127486
mp-8781,../cifs_all/mp_8781.cif,-0.393861536
mp-866169,../cifs_all/mp_866169.cif,-0.187777006
mp-1179681,../cifs_all/mp_1179681.cif,-0.724069387
mp-1246684,../cifs_all/mp_1246684.cif,0.195228268500002
mp-1223831,../cifs_all/mp_1223831.cif,-0.69494446
mp-29680,../cifs_all/mp_29680.cif,-2.406476838
mp-776483,../cifs_all/mp_776483.cif,-2.683760708
mp-1212206,../cifs_all/mp_1212206.cif,-1.050691224
mp-975057,../cifs_all/mp_975057.cif,0.636716139
mp-1217069,../cifs_all/mp_1217069.cif,-0.281172837
mp-1217934,../cifs_all/mp_1217934.cif,-0.227594688
mp-1211305,../cifs_all/mp_1211305.cif,-1.575889043
mp-27845,../cifs_all/mp_27845.cif,-1.914507959
mp-2123,../cifs_all/mp_2123.cif,-0.185682602
mp-2713675,../cifs_all/mp_2713675.cif,-2.330861045
mp-1219198,../cifs_all/mp_1219198.cif,-0.931278337
mp-776467,../cifs_all/mp_776467.cif,-2.042417117
mp-6834,../cifs_all/mp_6834.cif,-2.335828393
mp-777258,../cifs_all/mp_777258.cif,-4.184544535
mp-1247747,../cifs_all/mp_1247747.cif,-1.000829578
mp-1043807,../cifs_all/mp_1043807.cif,-2.187170042
mp-29560,../cifs_all/mp_29560.cif,-1.155719276
mp-1369275,../cifs_all/mp_1369275.cif,-0.966320953
mp-1216803,../cifs_all/mp_1216803.cif,-0.236289625
mp-774525,../cifs_all/mp_774525.cif,-2.336138355
mp-1188009,../cifs_all/mp_1188009.cif,-0.101971911
mp-1197255,../cifs_all/mp_1197255.cif,1.114539727166665
mp-1092291,../cifs_all/mp_1092291.cif,-0.904771357
mp-19280,../cifs_all/mp_19280.cif,-1.903775241
mp-1225902,../cifs_all/mp_1225902.cif,0.041265274534483
mp-2220651,../cifs_all/mp_2220651.cif,-2.970560095
mp-31078,../cifs_all/mp_31078.cif,-0.995723801
mp-1022043,../cifs_all/mp_1022043.cif,0.207777565
mp-621619,../cifs_all/mp_621619.cif,-0.620449328
mp-1204503,../cifs_all/mp_1204503.cif,-0.65473805
mp-1245975,../cifs_all/mp_1245975.cif,-0.736879598
mp-560637,../cifs_all/mp_560637.cif,-0.175464373
mp-1208794,../cifs_all/mp_1208794.cif,-1.674650825
mp-1211196,../cifs_all/mp_1211196.cif,-0.344105259
mp-2756056,../cifs_all/mp_2756056.cif,-1.368475175
mp-1201084,../cifs_all/mp_1201084.cif,-1.277819508
mp-1180996,../cifs_all/mp_1180996.cif,-2.39658178
mp-758495,../cifs_all/mp_758495.cif,-1.790428833
mp-541824,../cifs_all/mp_541824.cif,-2.364414597
mp-1112980,../cifs_all/mp_1112980.cif,-1.694286086
mp-1443175,../cifs_all/mp_1443175.cif,0.6594887406666671
mp-1374313,../cifs_all/mp_1374313.cif,-1.687985286
mp-555495,../cifs_all/mp_555495.cif,-2.828260482
mp-775855,../cifs_all/mp_775855.cif,-2.572038827
mp-1027278,../cifs_all/mp_1027278.cif,-0.299757906
mp-662818,../cifs_all/mp_662818.cif,-0.389056416
mp-1278550,../cifs_all/mp_1278550.cif,-2.28458581
mp-703492,../cifs_all/mp_703492.cif,-0.564864848
mp-1202795,../cifs_all/mp_1202795.cif,-0.631370272
mp-758305,../cifs_all/mp_758305.cif,-1.884719399
mp-1093605,../cifs_all/mp_1093605.cif,4.1402426101130985
mp-5141,../cifs_all/mp_5141.cif,-1.750063777
mp-2219351,../cifs_all/mp_2219351.cif,-1.007256199
mp-2230280,../cifs_all/mp_2230280.cif,-1.530238609
mp-766360,../cifs_all/mp_766360.cif,-2.451357166
mp-23498,../cifs_all/mp_23498.cif,-1.261325605
mp-2647154,../cifs_all/mp_2647154.cif,-0.255359978
mp-1043757,../cifs_all/mp_1043757.cif,-2.812786354
mp-567969,../cifs_all/mp_567969.cif,-0.58012061
mp-1111873,../cifs_all/mp_1111873.cif,-1.932168768
mp-764754,../cifs_all/mp_764754.cif,-2.68294563
mp-2224849,../cifs_all/mp_2224849.cif,-1.698611716
mp-861595,../cifs_all/mp_861595.cif,-0.229155999
mp-1196207,../cifs_all/mp_1196207.cif,-1.582733727
mp-550172,../cifs_all/mp_550172.cif,-2.105231148
mp-1192307,../cifs_all/mp_1192307.cif,-1.808147181
mp-1208158,../cifs_all/mp_1208158.cif,-1.091202965
mp-775448,../cifs_all/mp_775448.cif,-2.853324169
mp-2226884,../cifs_all/mp_2226884.cif,-2.241357021
mp-1041056,../cifs_all/mp_1041056.cif,-1.485948
mp-1087496,../cifs_all/mp_1087496.cif,-1.700199693
mp-1205830,../cifs_all/mp_1205830.cif,0.346823448888888
mp-1045718,../cifs_all/mp_1045718.cif,-2.437900281
mp-150,../cifs_all/mp_150.cif,0.1483645
mp-1176134,../cifs_all/mp_1176134.cif,-1.784331232
mp-1187901,../cifs_all/mp_1187901.cif,-0.453736303
mp-29972,../cifs_all/mp_29972.cif,-1.020948189
mp-1245190,../cifs_all/mp_1245190.cif,1.014946403599999
mp-771130,../cifs_all/mp_771130.cif,-2.387592358
mp-773418,../cifs_all/mp_773418.cif,-1.959586208
mp-1211257,../cifs_all/mp_1211257.cif,-1.831071994
mp-1192510,../cifs_all/mp_1192510.cif,-0.197656901
mp-825626,../cifs_all/mp_825626.cif,-3.032182209
mp-569333,../cifs_all/mp_569333.cif,-0.395594653
mp-1185265,../cifs_all/mp_1185265.cif,-0.385153931
mp-7439,../cifs_all/mp_7439.cif,-0.40728552
mp-2230416,../cifs_all/mp_2230416.cif,-1.710896343
mp-1101266,../cifs_all/mp_1101266.cif,-3.271226042
mp-1203208,../cifs_all/mp_1203208.cif,-0.987801719
mp-758505,../cifs_all/mp_758505.cif,-1.457602618
mp-569515,../cifs_all/mp_569515.cif,0.017991144
mp-568105,../cifs_all/mp_568105.cif,-2.324829703
mp-973831,../cifs_all/mp_973831.cif,-0.721525079
mp-1120760,../cifs_all/mp_1120760.cif,-2.413265474
mp-542979,../cifs_all/mp_542979.cif,-1.884298761
mp-1220944,../cifs_all/mp_1220944.cif,-0.162584825
mp-803039,../cifs_all/mp_803039.cif,0.581024015
mp-1233975,../cifs_all/mp_1233975.cif,-2.521525503
mp-1193674,../cifs_all/mp_1193674.cif,-0.352097433
mp-1517520,../cifs_all/mp_1517520.cif,-3.385635119
mp-865728,../cifs_all/mp_865728.cif,-0.426863662
mp-1221967,../cifs_all/mp_1221967.cif,-2.65244754
mp-31012,../cifs_all/mp_31012.cif,-1.50859582
mp-849772,../cifs_all/mp_849772.cif,-2.502685172
mp-1222437,../cifs_all/mp_1222437.cif,-1.858030225
mp-1094378,../cifs_all/mp_1094378.cif,0.077695895
mp-2712847,../cifs_all/mp_2712847.cif,-2.711621606
mp-1246636,../cifs_all/mp_1246636.cif,-0.319770671
mp-961725,../cifs_all/mp_961725.cif,-0.014577055
mp-709432,../cifs_all/mp_709432.cif,-1.75574196
mp-1193272,../cifs_all/mp_1193272.cif,-0.91747338
mp-767589,../cifs_all/mp_767589.cif,-3.020439103
mp-2714718,../cifs_all/mp_2714718.cif,-2.7433306
mp-1210561,../cifs_all/mp_1210561.cif,-2.550042817
mp-985562,../cifs_all/mp_985562.cif,-0.475514359
mp-30787,../cifs_all/mp_30787.cif,-0.260839311
mp-1247786,../cifs_all/mp_1247786.cif,-1.655903347
mp-1102035,../cifs_all/mp_1102035.cif,-0.113328666
mp-756391,../cifs_all/mp_756391.cif,-2.314926793
mp-1197167,../cifs_all/mp_1197167.cif,-0.017849353
mp-1218081,../cifs_all/mp_1218081.cif,-3.495696936
mp-760013,../cifs_all/mp_760013.cif,-2.65752102
mp-29504,../cifs_all/mp_29504.cif,-0.340964216
mp-2219038,../cifs_all/mp_2219038.cif,-1.356765677
mp-1520595,../cifs_all/mp_1520595.cif,-2.44126022
mp-7897,../cifs_all/mp_7897.cif,-0.335066865
mp-2217275,../cifs_all/mp_2217275.cif,-2.471717752
mp-753146,../cifs_all/mp_753146.cif,-2.259444314
mp-550468,../cifs_all/mp_550468.cif,-2.250671191
mp-801740,../cifs_all/mp_801740.cif,-1.708537335
mp-2230452,../cifs_all/mp_2230452.cif,-3.631546508
mp-1663218,../cifs_all/mp_1663218.cif,-1.85302021
mp-2714021,../cifs_all/mp_2714021.cif,-2.715957719
mp-1182583,../cifs_all/mp_1182583.cif,0.254205127
mp-10877,../cifs_all/mp_10877.cif,-0.290848722
mp-779312,../cifs_all/mp_779312.cif,-2.428498759
mp-1223703,../cifs_all/mp_1223703.cif,-1.052911075
mp-1216149,../cifs_all/mp_1216149.cif,-0.045414424
mp-746817,../cifs_all/mp_746817.cif,-1.969113689
mp-1179013,../cifs_all/mp_1179013.cif,-0.385804617
mp-766470,../cifs_all/mp_766470.cif,-2.42380195
mp-1216890,../cifs_all/mp_1216890.cif,-0.099394568
mp-1026568,../cifs_all/mp_1026568.cif,0.165022147
mp-572,../cifs_all/mp_572.cif,-0.300894657
mp-757292,../cifs_all/mp_757292.cif,-2.815464473
mp-15416,../cifs_all/mp_15416.cif,-0.471711064
mp-29163,../cifs_all/mp_29163.cif,-0.078949781
mp-1196217,../cifs_all/mp_1196217.cif,0.553765741
mp-754877,../cifs_all/mp_754877.cif,-2.204730194
mp-1026852,../cifs_all/mp_1026852.cif,0.118600542
mp-1234663,../cifs_all/mp_1234663.cif,-2.432697107
mp-1211050,../cifs_all/mp_1211050.cif,-1.467519231
mp-1228138,../cifs_all/mp_1228138.cif,-3.15341427
mp-776596,../cifs_all/mp_776596.cif,-2.853608847
mp-1186892,../cifs_all/mp_1186892.cif,0.200862429166666
mp-13630,../cifs_all/mp_13630.cif,-3.299471242
mp-2228369,../cifs_all/mp_2228369.cif,-2.502088261
mp-757887,../cifs_all/mp_757887.cif,-2.836666924
mp-754232,../cifs_all/mp_754232.cif,-1.897879435
mp-1211609,../cifs_all/mp_1211609.cif,-2.249417933
mp-758342,../cifs_all/mp_758342.cif,-2.563170504
mp-2761543,../cifs_all/mp_2761543.cif,-1.45425634
mp-864639,../cifs_all/mp_864639.cif,-0.353501544
mp-698468,../cifs_all/mp_698468.cif,-0.856292704
mp-865888,../cifs_all/mp_865888.cif,-0.643453017
mp-996943,../cifs_all/mp_996943.cif,-1.716573457
mp-27659,../cifs_all/mp_27659.cif,-0.30761688
mp-1197685,../cifs_all/mp_1197685.cif,1.172170145249992
mp-570054,../cifs_all/mp_570054.cif,-0.826816413
mp-1181075,../cifs_all/mp_1181075.cif,-0.24329761
mp-1214720,../cifs_all/mp_1214720.cif,-2.044584542
mp-16475,../cifs_all/mp_16475.cif,-1.066274682
mp-755961,../cifs_all/mp_755961.cif,-2.054092541
mp-6099,../cifs_all/mp_6099.cif,-3.340805023
mp-555812,../cifs_all/mp_555812.cif,-2.499565318
mp-976876,../cifs_all/mp_976876.cif,-0.183952175
mp-2715943,../cifs_all/mp_2715943.cif,-2.474108799
mp-1185441,../cifs_all/mp_1185441.cif,-0.352197914
mp-1212077,../cifs_all/mp_1212077.cif,-0.554956882
mp-1214447,../cifs_all/mp_1214447.cif,-0.512596387
mp-763317,../cifs_all/mp_763317.cif,-2.245416934
mp-30164,../cifs_all/mp_30164.cif,-1.39084366
mp-28077,../cifs_all/mp_28077.cif,-1.266197595
mp-675402,../cifs_all/mp_675402.cif,-0.555386913
mp-2230624,../cifs_all/mp_2230624.cif,-2.234347903
mp-1022654,../cifs_all/mp_1022654.cif,-0.046882018
mp-1202849,../cifs_all/mp_1202849.cif,-1.211950161
mp-2230186,../cifs_all/mp_2230186.cif,-2.475730688
mp-722896,../cifs_all/mp_722896.cif,-2.92544017
mp-1073638,../cifs_all/mp_1073638.cif,0.200497129999999
mp-1178374,../cifs_all/mp_1178374.cif,-1.353237661
mp-555960,../cifs_all/mp_555960.cif,-3.010651052
mp-1185380,../cifs_all/mp_1185380.cif,-0.052212873
mp-1219944,../cifs_all/mp_1219944.cif,-0.472768914
mp-568116,../cifs_all/mp_568116.cif,-0.986249739
mp-1233206,../cifs_all/mp_1233206.cif,-2.203211811
mp-1026452,../cifs_all/mp_1026452.cif,0.23846309875
mp-1041705,../cifs_all/mp_1041705.cif,-2.131498397
mp-1199770,../cifs_all/mp_1199770.cif,-2.450676233
mp-770271,../cifs_all/mp_770271.cif,-2.846027856
mp-1215744,../cifs_all/mp_1215744.cif,-2.510830499
mp-864937,../cifs_all/mp_864937.cif,-0.014488393
mp-2228477,../cifs_all/mp_2228477.cif,-1.408332467
mp-1022037,../cifs_all/mp_1022037.cif,0.207768183
mp-760061,../cifs_all/mp_760061.cif,-1.800753482
mp-984612,../cifs_all/mp_984612.cif,-0.310025888
mp-2230911,../cifs_all/mp_2230911.cif,-2.688387544
mp-7126,../cifs_all/mp_7126.cif,-0.323630076
mp-505042,../cifs_all/mp_505042.cif,-1.451445688
mp-1211256,../cifs_all/mp_1211256.cif,-2.744250561
mp-1522558,../cifs_all/mp_1522558.cif,-2.331821444
mp-1206845,../cifs_all/mp_1206845.cif,-0.046701992
mp-754703,../cifs_all/mp_754703.cif,-1.857377605
mp-1216402,../cifs_all/mp_1216402.cif,-0.468293546
mp-542754,../cifs_all/mp_542754.cif,-0.806109499
mp-6509,../cifs_all/mp_6509.cif,-3.112585205
mp-2712595,../cifs_all/mp_2712595.cif,-2.319390754
mp-558128,../cifs_all/mp_558128.cif,-3.361011512
mp-1179454,../cifs_all/mp_1179454.cif,-3.25399227
mp-756832,../cifs_all/mp_756832.cif,-2.207114989
mp-540997,../cifs_all/mp_540997.cif,-1.15650793
mp-2713704,../cifs_all/mp_2713704.cif,-2.816764972
mp-1212847,../cifs_all/mp_1212847.cif,0.343410562
mp-642811,../cifs_all/mp_642811.cif,-1.07621949
mp-680636,../cifs_all/mp_680636.cif,-0.137102161
mp-13312,../cifs_all/mp_13312.cif,-1.616428806
mp-768866,../cifs_all/mp_768866.cif,-2.516066303
mp-1343548,../cifs_all/mp_1343548.cif,-0.742478545
mp-27288,../cifs_all/mp_27288.cif,-1.636639636
mp-1302313,../cifs_all/mp_1302313.cif,-1.987939444
mp-1029562,../cifs_all/mp_1029562.cif,-0.485028835
mp-2713858,../cifs_all/mp_2713858.cif,-2.459064164
mp-1405110,../cifs_all/mp_1405110.cif,-1.725862032
mp-1183773,../cifs_all/mp_1183773.cif,-0.812056888
mp-1225085,../cifs_all/mp_1225085.cif,-0.078230974
mp-1234326,../cifs_all/mp_1234326.cif,-1.918199639
mp-1219890,../cifs_all/mp_1219890.cif,-1.520149693
mp-571030,../cifs_all/mp_571030.cif,-0.231510725
mp-17913,../cifs_all/mp_17913.cif,-3.409131529
mp-1201758,../cifs_all/mp_1201758.cif,-0.192743126
mp-807935,../cifs_all/mp_807935.cif,-1.15135659
mp-1103997,../cifs_all/mp_1103997.cif,-0.111644137
mp-1235392,../cifs_all/mp_1235392.cif,-2.568675322
mp-552547,../cifs_all/mp_552547.cif,-2.19682843
mp-1021279,../cifs_all/mp_1021279.cif,0.491795074
mp-766416,../cifs_all/mp_766416.cif,-1.966729092
mp-1110916,../cifs_all/mp_1110916.cif,-1.806384439
mp-1196371,../cifs_all/mp_1196371.cif,-1.112080918
mp-1185400,../cifs_all/mp_1185400.cif,-0.305659707
mp-758756,../cifs_all/mp_758756.cif,-2.733276879
mp-2646928,../cifs_all/mp_2646928.cif,-0.931345535
mp-1104742,../cifs_all/mp_1104742.cif,-0.320965839
mp-849079,../cifs_all/mp_849079.cif,-0.399649065
mp-558283,../cifs_all/mp_558283.cif,-2.464878791
mp-867822,../cifs_all/mp_867822.cif,-0.758837809
mp-1187861,../cifs_all/mp_1187861.cif,-0.876609634
mp-766680,../cifs_all/mp_766680.cif,-1.3473786
mp-1245658,../cifs_all/mp_1245658.cif,-0.566672752
mp-1094862,../cifs_all/mp_1094862.cif,-0.052997437
mp-1014462,../cifs_all/mp_1014462.cif,0.064973723
mp-25400,../cifs_all/mp_25400.cif,-2.573216753
mp-752550,../cifs_all/mp_752550.cif,-2.630748495
mp-1078791,../cifs_all/mp_1078791.cif,0.558960954
mp-1111041,../cifs_all/mp_1111041.cif,-0.99273547
mp-768079,../cifs_all/mp_768079.cif,-1.264148073
mp-1202858,../cifs_all/mp_1202858.cif,-1.594750054
mp-1220374,../cifs_all/mp_1220374.cif,-0.00667133
mp-755053,../cifs_all/mp_755053.cif,-2.431330257
mp-1094076,../cifs_all/mp_1094076.cif,-3.488594569
mp-1186049,../cifs_all/mp_1186049.cif,0.52946465
mp-1226367,../cifs_all/mp_1226367.cif,0.114287671750001
mp-1246230,../cifs_all/mp_1246230.cif,0.045291536111109
mp-8130,../cifs_all/mp_8130.cif,-2.64260604
mp-8982,../cifs_all/mp_8982.cif,-1.061573698
mp-555497,../cifs_all/mp_555497.cif,-3.017226562
mp-758865,../cifs_all/mp_758865.cif,-2.564414352
mp-1516590,../cifs_all/mp_1516590.cif,-2.94339611
mp-672342,../cifs_all/mp_672342.cif,-0.890358478
mp-754900,../cifs_all/mp_754900.cif,-2.357793393
mp-2902968,../cifs_all/mp_2902968.cif,-2.370667423
mp-1093756,../cifs_all/mp_1093756.cif,2.455366804
mp-777400,../cifs_all/mp_777400.cif,-2.671717013
mp-1102499,../cifs_all/mp_1102499.cif,-0.550059024
mp-1194692,../cifs_all/mp_1194692.cif,-2.677793573
mp-1503976,../cifs_all/mp_1503976.cif,-2.313288763
mp-1202159,../cifs_all/mp_1202159.cif,-1.653132045
mp-1188073,../cifs_all/mp_1188073.cif,0.025593662499999
mp-976414,../cifs_all/mp_976414.cif,-0.085030139
mp-1205736,../cifs_all/mp_1205736.cif,-1.906041885
mp-863111,../cifs_all/mp_863111.cif,-2.386926616
mp-6623,../cifs_all/mp_6623.cif,-2.001402374
mp-976187,../cifs_all/mp_976187.cif,-0.396776309
mp-570456,../cifs_all/mp_570456.cif,-0.64493245
mp-667379,../cifs_all/mp_667379.cif,-3.44788862
mp-1229244,../cifs_all/mp_1229244.cif,-2.0024648
mp-758341,../cifs_all/mp_758341.cif,-2.02419298
mp-1210525,../cifs_all/mp_1210525.cif,0.088681007
mp-1105310,../cifs_all/mp_1105310.cif,-0.626482363
mp-1190040,../cifs_all/mp_1190040.cif,-0.390565109
mp-628782,../cifs_all/mp_628782.cif,-2.061256765
mp-1233577,../cifs_all/mp_1233577.cif,-2.605586335
mp-1198404,../cifs_all/mp_1198404.cif,-0.743737048
mp-7790,../cifs_all/mp_7790.cif,-1.433421929
mp-1210678,../cifs_all/mp_1210678.cif,-4.232078622
mp-1103115,../cifs_all/mp_1103115.cif,-0.653258454
mp-1209401,../cifs_all/mp_1209401.cif,-2.715030644
mp-2713939,../cifs_all/mp_2713939.cif,-2.451660114
mp-1211876,../cifs_all/mp_1211876.cif,-2.180692597
mp-1222345,../cifs_all/mp_1222345.cif,-1.795668528
mp-865459,../cifs_all/mp_865459.cif,-0.437481451
mp-1570811,../cifs_all/mp_1570811.cif,-2.279794307
mp-1239269,../cifs_all/mp_1239269.cif,-0.852414797
mp-1025637,../cifs_all/mp_1025637.cif,-0.469242719
mp-1095747,../cifs_all/mp_1095747.cif,1.84485839
mp-732348,../cifs_all/mp_732348.cif,-2.361777769
mp-1102658,../cifs_all/mp_1102658.cif,-0.697793013
mp-1210468,../cifs_all/mp_1210468.cif,-2.068069848
mp-29877,../cifs_all/mp_29877.cif,-0.325097188
mp-2579,../cifs_all/mp_2579.cif,-1.212884793
mp-1199521,../cifs_all/mp_1199521.cif,-0.669065311
mp-1206102,../cifs_all/mp_1206102.cif,-0.539012768
mp-1518028,../cifs_all/mp_1518028.cif,0.307991167249999
mp-15724,../cifs_all/mp_15724.cif,-0.580791711
mp-8843,../cifs_all/mp_8843.cif,-0.731894328
mp-767384,../cifs_all/mp_767384.cif,-3.456971631
mp-1036825,../cifs_all/mp_1036825.cif,-2.91670443
mp-1200185,../cifs_all/mp_1200185.cif,-2.033301211
mp-1195957,../cifs_all/mp_1195957.cif,-0.857498074
mp-767711,../cifs_all/mp_767711.cif,-2.889119507
mp-977363,../cifs_all/mp_977363.cif,-0.375108204
mp-788130,../cifs_all/mp_788130.cif,2.23402518
mp-766310,../cifs_all/mp_766310.cif,-1.89209705
mp-5599,../cifs_all/mp_5599.cif,-0.358754555
mp-819,../cifs_all/mp_819.cif,0.084681143
mp-1210632,../cifs_all/mp_1210632.cif,-0.100850194
mp-557433,../cifs_all/mp_557433.cif,-3.289220284
mp-1105500,../cifs_all/mp_1105500.cif,-0.315102979
mp-676391,../cifs_all/mp_676391.cif,-0.625328705
mp-1217555,../cifs_all/mp_1217555.cif,-0.390578106
mp-2228996,../cifs_all/mp_2228996.cif,-1.720748664
mp-1215138,../cifs_all/mp_1215138.cif,-1.836510164
mp-1181636,../cifs_all/mp_1181636.cif,-1.583694282
mp-4007,../cifs_all/mp_4007.cif,-0.783672959
mp-9746,../cifs_all/mp_9746.cif,-2.373929212
mp-1035311,../cifs_all/mp_1035311.cif,-2.828532273
mp-1207917,../cifs_all/mp_1207917.cif,-0.121449539
mp-7483,../cifs_all/mp_7483.cif,-2.198555533
mp-1193153,../cifs_all/mp_1193153.cif,-1.501856055
mp-1044215,../cifs_all/mp_1044215.cif,-2.003717669
mp-1227130,../cifs_all/mp_1227130.cif,-0.556598012
mp-1356436,../cifs_all/mp_1356436.cif,-1.822521413
mp-1217230,../cifs_all/mp_1217230.cif,-2.28472348
mp-2856,../cifs_all/mp_2856.cif,-0.276990867
mp-1061865,../cifs_all/mp_1061865.cif,1.522047584444443
mp-861903,../cifs_all/mp_861903.cif,-0.301772305
mp-1204251,../cifs_all/mp_1204251.cif,-0.869469727
mp-961732,../cifs_all/mp_961732.cif,0.48987042
mp-10584,../cifs_all/mp_10584.cif,-2.442012323
mp-1029420,../cifs_all/mp_1029420.cif,-0.103491926
mp-1272866,../cifs_all/mp_1272866.cif,-3.00154486
mp-41795,../cifs_all/mp_41795.cif,-3.125710195
mp-1111404,../cifs_all/mp_1111404.cif,-2.228802435
mp-696998,../cifs_all/mp_696998.cif,-2.110048941
mp-560265,../cifs_all/mp_560265.cif,-2.679476143
mp-12271,../cifs_all/mp_12271.cif,-2.024735936
mp-1214968,../cifs_all/mp_1214968.cif,-0.766754028
mp-771393,../cifs_all/mp_771393.cif,-2.115342865
mp-1194481,../cifs_all/mp_1194481.cif,-0.56287802
mp-778814,../cifs_all/mp_778814.cif,-3.341016665
mp-567776,../cifs_all/mp_567776.cif,-1.447464452
mp-16807,../cifs_all/mp_16807.cif,-0.562937674
mp-757797,../cifs_all/mp_757797.cif,-2.840646448
mp-761146,../cifs_all/mp_761146.cif,-2.367799767
mp-1175099,../cifs_all/mp_1175099.cif,-1.83919837
mp-865816,../cifs_all/mp_865816.cif,-0.755650089
mp-1216563,../cifs_all/mp_1216563.cif,-0.304373604
mp-865671,../cifs_all/mp_865671.cif,-0.498313816
mp-1217742,../cifs_all/mp_1217742.cif,-0.513927743
mp-697767,../cifs_all/mp_697767.cif,-2.547430233
mp-21469,../cifs_all/mp_21469.cif,-0.079599019
mp-1380484,../cifs_all/mp_1380484.cif,-2.008004053
mp-555419,../cifs_all/mp_555419.cif,-1.718586524
mp-1024989,../cifs_all/mp_1024989.cif,-0.486654697
mp-1097018,../cifs_all/mp_1097018.cif,-0.13496716
mp-20579,../cifs_all/mp_20579.cif,-0.365997099
mp-1147526,../cifs_all/mp_1147526.cif,-1.235696422
mp-1225475,../cifs_all/mp_1225475.cif,-3.492578397
mp-1017579,../cifs_all/mp_1017579.cif,-0.224129884
mp-781624,../cifs_all/mp_781624.cif,-1.732994565
mp-2226159,../cifs_all/mp_2226159.cif,-2.464062018
mp-755103,../cifs_all/mp_755103.cif,-2.722693698
mp-1214284,../cifs_all/mp_1214284.cif,-0.212193529
mp-776011,../cifs_all/mp_776011.cif,-2.308824655
mp-25460,../cifs_all/mp_25460.cif,-2.207437915
mp-686540,../cifs_all/mp_686540.cif,-3.07366364
mp-764556,../cifs_all/mp_764556.cif,-2.444812079
mp-1028595,../cifs_all/mp_1028595.cif,-0.208262688
mp-1034850,../cifs_all/mp_1034850.cif,-2.776947256
mp-8956,../cifs_all/mp_8956.cif,-2.365832606
mp-560592,../cifs_all/mp_560592.cif,-1.29446624
mp-2715427,../cifs_all/mp_2715427.cif,-2.981850323
mp-1520852,../cifs_all/mp_1520852.cif,-2.565340857
mp-1176292,../cifs_all/mp_1176292.cif,-1.837005685
mp-1247371,../cifs_all/mp_1247371.cif,0.063730409
mp-1237171,../cifs_all/mp_1237171.cif,0.853701062
mp-1008558,../cifs_all/mp_1008558.cif,1.540296207499999
mp-558,../cifs_all/mp_558.cif,0.16176838
mp-1227883,../cifs_all/mp_1227883.cif,-3.004402577
mp-758207,../cifs_all/mp_758207.cif,-2.507015331
mp-1100910,../cifs_all/mp_1100910.cif,1.352160831666666
mp-1222520,../cifs_all/mp_1222520.cif,-2.189281721
mp-1211211,../cifs_all/mp_1211211.cif,-0.852825981
mp-2037681,../cifs_all/mp_2037681.cif,-1.010515682
mp-757957,../cifs_all/mp_757957.cif,-1.980378417
mp-2712646,../cifs_all/mp_2712646.cif,-2.550478913
mp-1218261,../cifs_all/mp_1218261.cif,-2.75053171
mp-756236,../cifs_all/mp_756236.cif,-1.944477469
mp-3316,../cifs_all/mp_3316.cif,-3.589194142
mp-134,../cifs_all/mp_134.cif,0.0
mp-1043879,../cifs_all/mp_1043879.cif,-1.366358213
mp-1203369,../cifs_all/mp_1203369.cif,-0.884593656
mp-22473,../cifs_all/mp_22473.cif,-1.009197115
mp-684766,../cifs_all/mp_684766.cif,-0.808471071
mp-1304288,../cifs_all/mp_1304288.cif,-2.021611271
mp-1173705,../cifs_all/mp_1173705.cif,-2.458226466
mp-505424,../cifs_all/mp_505424.cif,-1.730580808
mp-1234210,../cifs_all/mp_1234210.cif,-1.315102638
mp-1206632,../cifs_all/mp_1206632.cif,-1.583375393
mp-555463,../cifs_all/mp_555463.cif,-4.349201232
mp-1205732,../cifs_all/mp_1205732.cif,-0.186793258
mp-1099227,../cifs_all/mp_1099227.cif,-1.732234813
mp-1201873,../cifs_all/mp_1201873.cif,-0.3480008
mp-1522984,../cifs_all/mp_1522984.cif,-3.63169507
mp-704988,../cifs_all/mp_704988.cif,-2.268514454
mp-680113,../cifs_all/mp_680113.cif,-0.825025978
mp-1232083,../cifs_all/mp_1232083.cif,-1.95351327
mp-1096606,../cifs_all/mp_1096606.cif,4.500806255
mp-1260096,../cifs_all/mp_1260096.cif,-2.486248817
mp-604,../cifs_all/mp_604.cif,-3.017570597
mp-1205067,../cifs_all/mp_1205067.cif,-1.624358552
mp-1226077,../cifs_all/mp_1226077.cif,0.151584931
mp-1020683,../cifs_all/mp_1020683.cif,-2.858141193
mp-29956,../cifs_all/mp_29956.cif,-0.467214152
mp-686583,../cifs_all/mp_686583.cif,-3.132339601
mp-761255,../cifs_all/mp_761255.cif,-2.224105267
mp-1206407,../cifs_all/mp_1206407.cif,-0.180178576
mp-10343,../cifs_all/mp_10343.cif,-0.693268271
mp-1101197,../cifs_all/mp_1101197.cif,-2.365602973
mp-1186630,../cifs_all/mp_1186630.cif,-0.31241009
mp-570136,../cifs_all/mp_570136.cif,-0.34307306
mp-1067,../cifs_all/mp_1067.cif,-0.208478788
mp-1224965,../cifs_all/mp_1224965.cif,0.01600861
mp-1101891,../cifs_all/mp_1101891.cif,-1.73460813
mp-1188578,../cifs_all/mp_1188578.cif,-0.505821901
mp-1222628,../cifs_all/mp_1222628.cif,-1.899586408
mp-756559,../cifs_all/mp_756559.cif,-2.198678462
mp-775950,../cifs_all/mp_775950.cif,-2.057615936
mp-744025,../cifs_all/mp_744025.cif,-2.777958632
mp-2458,../cifs_all/mp_2458.cif,-3.187126932
mp-1229041,../cifs_all/mp_1229041.cif,0.023143023
mp-554845,../cifs_all/mp_554845.cif,-1.705382089
mp-2901864,../cifs_all/mp_2901864.cif,-0.006859908
mp-653981,../cifs_all/mp_653981.cif,-2.058757752
mp-1198706,../cifs_all/mp_1198706.cif,-0.917846491
mp-1188158,../cifs_all/mp_1188158.cif,-1.256475268
mp-989526,../cifs_all/mp_989526.cif,-2.724906555
mp-695020,../cifs_all/mp_695020.cif,-1.782884988
mp-1185985,../cifs_all/mp_1185985.cif,-0.225344529
mp-1102752,../cifs_all/mp_1102752.cif,-0.307346585
mp-1022820,../cifs_all/mp_1022820.cif,0.21055275025862
mp-1247558,../cifs_all/mp_1247558.cif,0.034421486
mp-980188,../cifs_all/mp_980188.cif,0.6892160484374971
mp-799417,../cifs_all/mp_799417.cif,-0.823371619
mp-775324,../cifs_all/mp_775324.cif,-2.327073124
mp-776439,../cifs_all/mp_776439.cif,-3.924406718
mp-1221931,../cifs_all/mp_1221931.cif,-2.110901428
mp-1196739,../cifs_all/mp_1196739.cif,-2.544873243
mp-864883,../cifs_all/mp_864883.cif,-0.67218239
mp-779060,../cifs_all/mp_779060.cif,-2.484330716
mp-1221843,../cifs_all/mp_1221843.cif,-0.291158298
mp-755067,../cifs_all/mp_755067.cif,-2.879360391
mp-1185705,../cifs_all/mp_1185705.cif,-0.206312685
mp-5215,../cifs_all/mp_5215.cif,-0.744844491
mp-2218503,../cifs_all/mp_2218503.cif,-1.628598291
mp-1038412,../cifs_all/mp_1038412.cif,-2.879909931
mp-1236169,../cifs_all/mp_1236169.cif,-1.328689009
mp-1215241,../cifs_all/mp_1215241.cif,-0.169408712
mp-755177,../cifs_all/mp_755177.cif,-2.250813653
mp-28355,../cifs_all/mp_28355.cif,-1.014689077
mp-1046244,../cifs_all/mp_1046244.cif,-2.582580438
mp-755134,../cifs_all/mp_755134.cif,-2.344421494
mp-1207594,../cifs_all/mp_1207594.cif,0.053154388
mp-754083,../cifs_all/mp_754083.cif,-1.361559742
mp-756545,../cifs_all/mp_756545.cif,-3.860530744
mp-759121,../cifs_all/mp_759121.cif,-2.469789734
mp-1185163,../cifs_all/mp_1185163.cif,0.533002301
mp-1043537,../cifs_all/mp_1043537.cif,-2.804901812
mp-757204,../cifs_all/mp_757204.cif,-2.558082257
mp-550898,../cifs_all/mp_550898.cif,-2.537662895
mp-1233580,../cifs_all/mp_1233580.cif,-1.778647177
mp-2240255,../cifs_all/mp_2240255.cif,-2.18279217
mp-1246760,../cifs_all/mp_1246760.cif,-0.210759235
mp-761088,../cifs_all/mp_761088.cif,-2.540280141
mp-1175043,../cifs_all/mp_1175043.cif,-1.852870031
mp-2242240,../cifs_all/mp_2242240.cif,-1.248531135
mp-707377,../cifs_all/mp_707377.cif,-1.928126661
mp-756351,../cifs_all/mp_756351.cif,-2.003871953
mp-631564,../cifs_all/mp_631564.cif,0.694095131
mp-1236161,../cifs_all/mp_1236161.cif,-1.849201647
mp-1188032,../cifs_all/mp_1188032.cif,0.111122070625004
mp-961724,../cifs_all/mp_961724.cif,-0.002021967
mp-29362,../cifs_all/mp_29362.cif,-1.025192512
mp-773197,../cifs_all/mp_773197.cif,-1.694630444
mp-1233743,../cifs_all/mp_1233743.cif,-0.802106045
mp-707135,../cifs_all/mp_707135.cif,-3.284969743
mp-1198083,../cifs_all/mp_1198083.cif,-0.841158565
mp-2911,../cifs_all/mp_2911.cif,-0.763328996
mp-540586,../cifs_all/mp_540586.cif,-1.497404128
mp-757740,../cifs_all/mp_757740.cif,-2.390050378
mp-1076444,../cifs_all/mp_1076444.cif,-2.412227983
mp-774787,../cifs_all/mp_774787.cif,-2.046626812
mp-754641,../cifs_all/mp_754641.cif,-2.249550922
mp-1186909,../cifs_all/mp_1186909.cif,0.265428729166661
mp-561536,../cifs_all/mp_561536.cif,-2.745665774
mp-771191,../cifs_all/mp_771191.cif,-1.47717053
mp-984351,../cifs_all/mp_984351.cif,0.085707808
mp-6231,../cifs_all/mp_6231.cif,-3.108728319
mp-768583,../cifs_all/mp_768583.cif,-2.672951963
mp-2714965,../cifs_all/mp_2714965.cif,-2.846812376
mp-530701,../cifs_all/mp_530701.cif,-0.523323808
mp-680680,../cifs_all/mp_680680.cif,-2.307923671
mp-1220119,../cifs_all/mp_1220119.cif,-1.191473845
mp-550553,../cifs_all/mp_550553.cif,-1.597906265
mp-977182,../cifs_all/mp_977182.cif,0.740278413
mp-1228093,../cifs_all/mp_1228093.cif,-2.082532822
mp-1120769,../cifs_all/mp_1120769.cif,0.07581536
mp-1187090,../cifs_all/mp_1187090.cif,-0.040448729
mp-9380,../cifs_all/mp_9380.cif,-2.3387529
mp-1183846,../cifs_all/mp_1183846.cif,0.001344011
mp-559760,../cifs_all/mp_559760.cif,-2.891758847
mp-1234366,../cifs_all/mp_1234366.cif,-0.598988888
mp-1212527,../cifs_all/mp_1212527.cif,-0.600631986
mp-1195104,../cifs_all/mp_1195104.cif,-1.761558756
mp-567314,../cifs_all/mp_567314.cif,-0.482307294
mp-531717,../cifs_all/mp_531717.cif,-3.162474783
mp-4393,../cifs_all/mp_4393.cif,-3.338413403
mp-861394,../cifs_all/mp_861394.cif,-2.592158462
mp-867869,../cifs_all/mp_867869.cif,-0.281729993
mp-976596,../cifs_all/mp_976596.cif,-0.361883632
mp-757758,../cifs_all/mp_757758.cif,-2.980011907
mp-776688,../cifs_all/mp_776688.cif,-2.439165585
mp-1189828,../cifs_all/mp_1189828.cif,-1.466940753
mp-568348,../cifs_all/mp_568348.cif,0.0
mp-1350717,../cifs_all/mp_1350717.cif,-1.116865756
mp-1197743,../cifs_all/mp_1197743.cif,-2.180901611
mp-1211762,../cifs_all/mp_1211762.cif,-0.968726657
mp-867324,../cifs_all/mp_867324.cif,-0.535355728
mp-1212259,../cifs_all/mp_1212259.cif,-1.669140227
mp-1273769,../cifs_all/mp_1273769.cif,-2.959400331
mp-1032986,../cifs_all/mp_1032986.cif,-2.505731093
mp-1177925,../cifs_all/mp_1177925.cif,-2.466460257
mp-1200454,../cifs_all/mp_1200454.cif,-0.865146244
mp-865535,../cifs_all/mp_865535.cif,-0.378247717
mp-849516,../cifs_all/mp_849516.cif,-1.847707208
mp-17475,../cifs_all/mp_17475.cif,-2.391064246
mp-752780,../cifs_all/mp_752780.cif,-1.711596781
mp-557136,../cifs_all/mp_557136.cif,-1.053057823
mp-1215200,../cifs_all/mp_1215200.cif,0.079636073
mp-769965,../cifs_all/mp_769965.cif,-1.940310578
mp-20974,../cifs_all/mp_20974.cif,-2.424950548
mp-1233801,../cifs_all/mp_1233801.cif,-1.975758397
mp-1201702,../cifs_all/mp_1201702.cif,-1.36949306
mp-1224188,../cifs_all/mp_1224188.cif,-0.17487706
mp-1192622,../cifs_all/mp_1192622.cif,-2.662303932
mp-850984,../cifs_all/mp_850984.cif,-2.338815134
mp-695699,../cifs_all/mp_695699.cif,-0.870984738
mp-1147668,../cifs_all/mp_1147668.cif,-0.714042245
mp-1180844,../cifs_all/mp_1180844.cif,-0.53619199
mp-1079984,../cifs_all/mp_1079984.cif,-0.12189161
mp-554909,../cifs_all/mp_554909.cif,-2.321280814
mp-1029952,../cifs_all/mp_1029952.cif,-0.300663935
mp-561299,../cifs_all/mp_561299.cif,-0.747617498
mp-761030,../cifs_all/mp_761030.cif,-2.144770537
mp-2225371,../cifs_all/mp_2225371.cif,-1.656382699
mp-1078473,../cifs_all/mp_1078473.cif,-1.98268527
mp-721324,../cifs_all/mp_721324.cif,-2.635280987
mp-1040093,../cifs_all/mp_1040093.cif,-2.937133015
mp-1073688,../cifs_all/mp_1073688.cif,0.1247379275
mp-1191294,../cifs_all/mp_1191294.cif,-2.13161575
mp-1221561,../cifs_all/mp_1221561.cif,-0.84625915
mp-757065,../cifs_all/mp_757065.cif,-1.729143318
mp-554747,../cifs_all/mp_554747.cif,-2.848526562
mp-1235381,../cifs_all/mp_1235381.cif,-1.075410928
mp-753917,../cifs_all/mp_753917.cif,-3.949675898
mp-561117,../cifs_all/mp_561117.cif,-1.321600842
mp-1236671,../cifs_all/mp_1236671.cif,-2.714814713
mp-684710,../cifs_all/mp_684710.cif,-0.177552687
mp-776590,../cifs_all/mp_776590.cif,-2.584244107
mp-757935,../cifs_all/mp_757935.cif,-2.256657991
mp-1233245,../cifs_all/mp_1233245.cif,-2.859381148
mp-1094047,../cifs_all/mp_1094047.cif,-3.254802269
mp-1518084,../cifs_all/mp_1518084.cif,-2.806332302
mp-1233204,../cifs_all/mp_1233204.cif,-1.916144898
mp-12921,../cifs_all/mp_12921.cif,-1.269222547
mp-571507,../cifs_all/mp_571507.cif,-0.472995332
mp-772084,../cifs_all/mp_772084.cif,-2.252028148
mp-570414,../cifs_all/mp_570414.cif,-0.083845355
mp-1031148,../cifs_all/mp_1031148.cif,-2.615669878
mp-1188367,../cifs_all/mp_1188367.cif,-0.395599821
mp-777998,../cifs_all/mp_777998.cif,-2.461647377
mp-982017,../cifs_all/mp_982017.cif,-0.478961765
mp-1177734,../cifs_all/mp_1177734.cif,-2.631888204
mp-22387,../cifs_all/mp_22387.cif,-1.747005365
mp-1047862,../cifs_all/mp_1047862.cif,-3.516194082
mp-2231787,../cifs_all/mp_2231787.cif,-1.687457461
mp-31059,../cifs_all/mp_31059.cif,-0.390856129
mp-567322,../cifs_all/mp_567322.cif,-1.247280547
mp-1223737,../cifs_all/mp_1223737.cif,-0.999237826
mp-1233308,../cifs_all/mp_1233308.cif,-2.966102502
mp-2230969,../cifs_all/mp_2230969.cif,-1.719203792
mp-1394,../cifs_all/mp_1394.cif,-1.129998787
mp-1205397,../cifs_all/mp_1205397.cif,-1.878695495
mp-780159,../cifs_all/mp_780159.cif,-1.530752427
mp-1179754,../cifs_all/mp_1179754.cif,-0.702209433
mp-1246685,../cifs_all/mp_1246685.cif,-1.029110761
mp-1112594,../cifs_all/mp_1112594.cif,-2.03775259
mp-1522661,../cifs_all/mp_1522661.cif,-1.437205492
mp-626006,../cifs_all/mp_626006.cif,-0.260476131
mp-753731,../cifs_all/mp_753731.cif,-1.958713952
mp-1022844,../cifs_all/mp_1022844.cif,-0.088227723
mp-1176915,../cifs_all/mp_1176915.cif,-2.657610595
mp-865028,../cifs_all/mp_865028.cif,-1.251402645
mp-1223840,../cifs_all/mp_1223840.cif,-1.09113619
mp-1233288,../cifs_all/mp_1233288.cif,-2.503062575
mp-1075486,../cifs_all/mp_1075486.cif,0.110359034090908
mp-1203441,../cifs_all/mp_1203441.cif,-1.079264123
mp-540757,../cifs_all/mp_540757.cif,-1.979166852
mp-867914,../cifs_all/mp_867914.cif,-0.279746168
mp-1189925,../cifs_all/mp_1189925.cif,-0.58716685
mp-1103625,../cifs_all/mp_1103625.cif,-1.311017613
mp-631474,../cifs_all/mp_631474.cif,0.7353753435416761
mp-705336,../cifs_all/mp_705336.cif,-2.348797691
mp-1187973,../cifs_all/mp_1187973.cif,0.04334737
mp-754817,../cifs_all/mp_754817.cif,-2.205787614
mp-1078672,../cifs_all/mp_1078672.cif,-0.137159072
mp-1092281,../cifs_all/mp_1092281.cif,-0.667710487
mp-759224,../cifs_all/mp_759224.cif,-2.749719759
mp-23162,../cifs_all/mp_23162.cif,-1.87860569
mp-1173424,../cifs_all/mp_1173424.cif,-2.041292814
mp-703299,../cifs_all/mp_703299.cif,-1.163120539
mp-686442,../cifs_all/mp_686442.cif,-2.792387391
mp-582984,../cifs_all/mp_582984.cif,-0.050007052
mp-16318,../cifs_all/mp_16318.cif,-1.520087966
mp-1183739,../cifs_all/mp_1183739.cif,0.227998222187498
mp-12451,../cifs_all/mp_12451.cif,-2.877080271
mp-1385961,../cifs_all/mp_1385961.cif,-2.841906891
mp-1206987,../cifs_all/mp_1206987.cif,-2.992862922
mp-1369774,../cifs_all/mp_1369774.cif,-2.375763976
mp-1078690,../cifs_all/mp_1078690.cif,-0.497496259
mp-1179445,../cifs_all/mp_1179445.cif,-2.828851189
mp-974038,../cifs_all/mp_974038.cif,-0.056308183
mp-1209967,../cifs_all/mp_1209967.cif,-0.572874631
mp-1212827,../cifs_all/mp_1212827.cif,-3.250951524
mp-1219325,../cifs_all/mp_1219325.cif,-2.518829429
mp-1197379,../cifs_all/mp_1197379.cif,-0.540454639
mp-8998,../cifs_all/mp_8998.cif,-0.595825512
mp-1042407,../cifs_all/mp_1042407.cif,-1.702551614
mp-755905,../cifs_all/mp_755905.cif,-1.921701986
mp-1234075,../cifs_all/mp_1234075.cif,-2.371334017
mp-1177464,../cifs_all/mp_1177464.cif,-2.433167435
mp-2218956,../cifs_all/mp_2218956.cif,-0.374341804
mp-1226314,../cifs_all/mp_1226314.cif,-2.179991382
mp-756306,../cifs_all/mp_756306.cif,-2.293455158
mp-1245316,../cifs_all/mp_1245316.cif,-0.490611816
mp-1212640,../cifs_all/mp_1212640.cif,-2.948039821
mp-768257,../cifs_all/mp_768257.cif,-1.911881587
mp-26937,../cifs_all/mp_26937.cif,-2.588604768
mp-2241358,../cifs_all/mp_2241358.cif,-2.813490653
mp-2241076,../cifs_all/mp_2241076.cif,-2.08311623
mp-1196653,../cifs_all/mp_1196653.cif,0.260422476
mp-559653,../cifs_all/mp_559653.cif,-2.684146306
mp-1073033,../cifs_all/mp_1073033.cif,0.160837487
mp-862329,../cifs_all/mp_862329.cif,-1.261712532
mp-1308768,../cifs_all/mp_1308768.cif,-2.011733966
mp-1186058,../cifs_all/mp_1186058.cif,-0.137825918
mp-1033034,../cifs_all/mp_1033034.cif,-2.707922677
mp-37496,../cifs_all/mp_37496.cif,-2.305294415
mp-756484,../cifs_all/mp_756484.cif,-2.501614507
mp-862888,../cifs_all/mp_862888.cif,-0.308236734
mp-12436,../cifs_all/mp_12436.cif,-2.147584803
mp-1222887,../cifs_all/mp_1222887.cif,-2.728217191
mp-1106089,../cifs_all/mp_1106089.cif,-2.570699569
mp-803041,../cifs_all/mp_803041.cif,3.242143380228908
mp-2714692,../cifs_all/mp_2714692.cif,-2.687820371
mp-752606,../cifs_all/mp_752606.cif,-2.339410712
mp-505235,../cifs_all/mp_505235.cif,-2.350182174
mp-2205912,../cifs_all/mp_2205912.cif,-1.598384835
mp-556783,../cifs_all/mp_556783.cif,-2.165979774
mp-1096902,../cifs_all/mp_1096902.cif,-2.571056977
mp-559154,../cifs_all/mp_559154.cif,-2.964461738
mp-1095181,../cifs_all/mp_1095181.cif,0.575281134
mp-1191076,../cifs_all/mp_1191076.cif,-1.317543311
mp-23635,../cifs_all/mp_23635.cif,-0.872134955
mp-1224806,../cifs_all/mp_1224806.cif,-2.188899905
mp-30224,../cifs_all/mp_30224.cif,-2.086439217
mp-1098107,../cifs_all/mp_1098107.cif,-2.245863521
mp-1226278,../cifs_all/mp_1226278.cif,-1.873557977
mp-1175015,../cifs_all/mp_1175015.cif,-1.86173175
mp-1073623,../cifs_all/mp_1073623.cif,0.174673794999999
mp-616327,../cifs_all/mp_616327.cif,-0.608504546
mp-1176240,../cifs_all/mp_1176240.cif,-1.830569941
mp-850908,../cifs_all/mp_850908.cif,-2.436652322
mp-1245471,../cifs_all/mp_1245471.cif,-0.052876395
mp-11382,../cifs_all/mp_11382.cif,0.039665015416665
mp-1521909,../cifs_all/mp_1521909.cif,-3.46432889
mp-1235827,../cifs_all/mp_1235827.cif,-2.067369092
mp-1219565,../cifs_all/mp_1219565.cif,0.031629491
mp-1105001,../cifs_all/mp_1105001.cif,-1.388354681
mp-1039846,../cifs_all/mp_1039846.cif,-2.861030197
mp-672341,../cifs_all/mp_672341.cif,-3.479685991
mp-1523737,../cifs_all/mp_1523737.cif,-0.391199275
mp-774263,../cifs_all/mp_774263.cif,-3.255802615
mp-772183,../cifs_all/mp_772183.cif,-2.029554274
mp-569702,../cifs_all/mp_569702.cif,-0.799751222
mp-1093595,../cifs_all/mp_1093595.cif,1.202159606249999
mp-1040943,../cifs_all/mp_1040943.cif,-2.70166329
mp-1073570,../cifs_all/mp_1073570.cif,0.185542569999999
mp-1216921,../cifs_all/mp_1216921.cif,-1.057114504
mp-570572,../cifs_all/mp_570572.cif,0.147267648
mp-1216668,../cifs_all/mp_1216668.cif,-2.127316361
mp-541844,../cifs_all/mp_541844.cif,-0.37851821
mp-1218708,../cifs_all/mp_1218708.cif,-0.858216125
mp-3368,../cifs_all/mp_3368.cif,-2.980640704
mp-1221740,../cifs_all/mp_1221740.cif,-0.25653154
mp-1195149,../cifs_all/mp_1195149.cif,-0.379649889
mp-780096,../cifs_all/mp_780096.cif,-2.412551196
mp-1191949,../cifs_all/mp_1191949.cif,2.339229939318182
mp-542084,../cifs_all/mp_542084.cif,-2.552240395
mp-560164,../cifs_all/mp_560164.cif,-2.178927473
mp-1371409,../cifs_all/mp_1371409.cif,-1.731856844
mp-21893,../cifs_all/mp_21893.cif,-0.422639708
mp-19295,../cifs_all/mp_19295.cif,-3.177418631
mp-2222895,../cifs_all/mp_2222895.cif,-2.067861911
mp-505391,../cifs_all/mp_505391.cif,-1.778330867
mp-1214539,../cifs_all/mp_1214539.cif,-0.813437367
mp-1026465,../cifs_all/mp_1026465.cif,0.2102900940625
mp-1147608,../cifs_all/mp_1147608.cif,-1.114006463
mp-753400,../cifs_all/mp_753400.cif,-2.039136785
mp-973865,../cifs_all/mp_973865.cif,-0.246414172
mp-17612,../cifs_all/mp_17612.cif,-3.361976853
mp-759364,../cifs_all/mp_759364.cif,-2.127000334
mp-39215,../cifs_all/mp_39215.cif,-2.40093031
mp-2714730,../cifs_all/mp_2714730.cif,-3.022693555
mp-1217837,../cifs_all/mp_1217837.cif,-2.586894538
mp-31144,../cifs_all/mp_31144.cif,-0.276466496
mp-1228605,../cifs_all/mp_1228605.cif,-0.868660636
mp-1246291,../cifs_all/mp_1246291.cif,-1.377703755
mp-1323652,../cifs_all/mp_1323652.cif,1.087259672689824
mp-780733,../cifs_all/mp_780733.cif,-2.338162013
mp-1104458,../cifs_all/mp_1104458.cif,-0.361313485
mp-601867,../cifs_all/mp_601867.cif,-0.763914564
mp-1110726,../cifs_all/mp_1110726.cif,-2.432512824
mp-1196015,../cifs_all/mp_1196015.cif,-1.039485426
mp-28683,../cifs_all/mp_28683.cif,-1.301190007
mp-1246810,../cifs_all/mp_1246810.cif,-0.850943825
mp-2231066,../cifs_all/mp_2231066.cif,-2.151294387
mp-631503,../cifs_all/mp_631503.cif,0.683934473
mp-17678,../cifs_all/mp_17678.cif,-2.282851446
mp-779056,../cifs_all/mp_779056.cif,-2.570515454
mp-1206829,../cifs_all/mp_1206829.cif,-0.076175469
mp-1186450,../cifs_all/mp_1186450.cif,-0.035304807
mp-4763,../cifs_all/mp_4763.cif,-0.391656841
mp-1247301,../cifs_all/mp_1247301.cif,0.393399674722222
mp-756247,../cifs_all/mp_756247.cif,-2.387066079
mp-766501,../cifs_all/mp_766501.cif,-2.370979738
mp-1233546,../cifs_all/mp_1233546.cif,-2.124180718
mp-761886,../cifs_all/mp_761886.cif,-2.277717131
mp-1644867,../cifs_all/mp_1644867.cif,-2.140839373
mp-1232314,../cifs_all/mp_1232314.cif,0.327832629
mp-1012740,../cifs_all/mp_1012740.cif,-0.246227209
mp-559754,../cifs_all/mp_559754.cif,-0.589062897
mp-1185642,../cifs_all/mp_1185642.cif,0.002265532
mp-2217318,../cifs_all/mp_2217318.cif,-2.457778337
mp-1191115,../cifs_all/mp_1191115.cif,-0.631017964
mp-753012,../cifs_all/mp_753012.cif,-2.011237426
mp-752601,../cifs_all/mp_752601.cif,-1.98349941
mp-985545,../cifs_all/mp_985545.cif,-0.733957116
mp-1203783,../cifs_all/mp_1203783.cif,-0.666739371
mp-1224794,../cifs_all/mp_1224794.cif,-0.049028609
mp-765601,../cifs_all/mp_765601.cif,-2.381022063
mp-1199164,../cifs_all/mp_1199164.cif,-1.957299284
mp-1076296,../cifs_all/mp_1076296.cif,-1.866239637
mp-555524,../cifs_all/mp_555524.cif,-0.552722943
mp-555521,../cifs_all/mp_555521.cif,-3.257314074
mp-26751,../cifs_all/mp_26751.cif,-2.622539825
mp-27515,../cifs_all/mp_27515.cif,-0.560926528
mp-1182643,../cifs_all/mp_1182643.cif,-0.877274643
mp-694988,../cifs_all/mp_694988.cif,-2.708884589
mp-1523088,../cifs_all/mp_1523088.cif,-2.428301885
mp-2712599,../cifs_all/mp_2712599.cif,-2.97340846
mp-22797,../cifs_all/mp_22797.cif,-0.9526669
mp-5940,../cifs_all/mp_5940.cif,-0.508995821
mp-1180297,../cifs_all/mp_1180297.cif,-1.717726796
mp-729075,../cifs_all/mp_729075.cif,-0.13996805
mp-1343204,../cifs_all/mp_1343204.cif,-2.221459446
mp-17745,../cifs_all/mp_17745.cif,-2.207428643
mp-1200682,../cifs_all/mp_1200682.cif,-0.47394312
mp-541696,../cifs_all/mp_541696.cif,-1.7669609
mp-1199099,../cifs_all/mp_1199099.cif,-1.049046428
mp-1216551,../cifs_all/mp_1216551.cif,-0.442840159
mp-10474,../cifs_all/mp_10474.cif,-2.907488105
mp-2219819,../cifs_all/mp_2219819.cif,-1.80237563
mp-1041554,../cifs_all/mp_1041554.cif,-1.016352089
mp-1193761,../cifs_all/mp_1193761.cif,-1.107070781
mp-1178896,../cifs_all/mp_1178896.cif,-1.638132681
mp-1100519,../cifs_all/mp_1100519.cif,-2.138186002
mp-2218909,../cifs_all/mp_2218909.cif,-2.494928903
mp-1523185,../cifs_all/mp_1523185.cif,-2.602906441
mp-542943,../cifs_all/mp_542943.cif,0.036686184151785
mp-625994,../cifs_all/mp_625994.cif,-0.272837372
mp-1211227,../cifs_all/mp_1211227.cif,-4.215849034
mp-776519,../cifs_all/mp_776519.cif,-2.475815009
mp-1101864,../cifs_all/mp_1101864.cif,-2.994646357
mp-2715569,../cifs_all/mp_2715569.cif,-2.379242994
mp-849498,../cifs_all/mp_849498.cif,-2.469368636
mp-628680,../cifs_all/mp_628680.cif,-1.297974447
mp-1207477,../cifs_all/mp_1207477.cif,0.6672498564137921
mp-776091,../cifs_all/mp_776091.cif,-3.032313438
mp-1032503,../cifs_all/mp_1032503.cif,-2.230055822
mp-1518659,../cifs_all/mp_1518659.cif,-2.397663674
mp-1077177,../cifs_all/mp_1077177.cif,0.064661997
mp-1026895,../cifs_all/mp_1026895.cif,0.026657314374999
mp-2230242,../cifs_all/mp_2230242.cif,-2.421664332
mp-850513,../cifs_all/mp_850513.cif,-0.84441578
mp-1192204,../cifs_all/mp_1192204.cif,0.171724686
mp-1093885,../cifs_all/mp_1093885.cif,2.151895718749999
mp-1233307,../cifs_all/mp_1233307.cif,-3.232082622
mp-1220799,../cifs_all/mp_1220799.cif,-0.203423712
mp-7622,../cifs_all/mp_7622.cif,-1.791406417
mp-1208476,../cifs_all/mp_1208476.cif,-0.433752911
mp-1110634,../cifs_all/mp_1110634.cif,-2.560326734
mp-776604,../cifs_all/mp_776604.cif,-2.752761169
mp-761759,../cifs_all/mp_761759.cif,-2.258702519
mp-1104961,../cifs_all/mp_1104961.cif,-0.364278605
mp-36007,../cifs_all/mp_36007.cif,-2.185455702
mp-1245039,../cifs_all/mp_1245039.cif,-2.783964548
mp-505307,../cifs_all/mp_505307.cif,-2.829751909
mp-1645499,../cifs_all/mp_1645499.cif,-1.783239911
mp-1228926,../cifs_all/mp_1228926.cif,-0.63607031
mp-1212121,../cifs_all/mp_1212121.cif,-2.474835307
mp-1183952,../cifs_all/mp_1183952.cif,0.171510612385056
mp-1220602,../cifs_all/mp_1220602.cif,0.018378243750003
mp-1043455,../cifs_all/mp_1043455.cif,-2.577476222
mp-1180021,../cifs_all/mp_1180021.cif,-1.780454491
mp-1096880,../cifs_all/mp_1096880.cif,-0.377030583
mp-29933,../cifs_all/mp_29933.cif,-0.886945574
mp-10918,../cifs_all/mp_10918.cif,0.038577119
mp-1195344,../cifs_all/mp_1195344.cif,-1.445290526
mp-756859,../cifs_all/mp_756859.cif,-1.942575745
mp-1221743,../cifs_all/mp_1221743.cif,-0.56968725
mp-753511,../cifs_all/mp_753511.cif,-3.05836091
mp-1232849,../cifs_all/mp_1232849.cif,-0.592895088
mp-2462,../cifs_all/mp_2462.cif,-0.145316334
mp-6667,../cifs_all/mp_6667.cif,-3.086029207
mp-1245910,../cifs_all/mp_1245910.cif,-0.307745646
mp-621667,../cifs_all/mp_621667.cif,-0.26552842
mp-1096968,../cifs_all/mp_1096968.cif,-0.131829163
mp-572892,../cifs_all/mp_572892.cif,-0.663362431
mp-1097532,../cifs_all/mp_1097532.cif,1.607026336250001
mp-556047,../cifs_all/mp_556047.cif,-1.040416694
mp-1247193,../cifs_all/mp_1247193.cif,-1.147725926
mp-1517725,../cifs_all/mp_1517725.cif,-2.118581172
mp-1017186,../cifs_all/mp_1017186.cif,-0.057456054
mp-1219035,../cifs_all/mp_1219035.cif,-0.187992131
mp-1028035,../cifs_all/mp_1028035.cif,0.0417050503125
mp-757386,../cifs_all/mp_757386.cif,-2.50882903
mp-1229315,../cifs_all/mp_1229315.cif,-3.849013956
mp-764731,../cifs_all/mp_764731.cif,-1.964161019
mp-1245980,../cifs_all/mp_1245980.cif,-0.078446325
mp-729138,../cifs_all/mp_729138.cif,-1.825010514
mp-1043303,../cifs_all/mp_1043303.cif,-1.144172718
mp-1021321,../cifs_all/mp_1021321.cif,0.005445421
mp-556515,../cifs_all/mp_556515.cif,-2.175274091
mp-1314680,../cifs_all/mp_1314680.cif,-2.019364621
mp-1227685,../cifs_all/mp_1227685.cif,-0.305917127
mp-1183062,../cifs_all/mp_1183062.cif,0.076281077
mp-861995,../cifs_all/mp_861995.cif,-0.391738926
mp-1302307,../cifs_all/mp_1302307.cif,-1.855163219
mp-1031708,../cifs_all/mp_1031708.cif,-2.372120527
mp-510475,../cifs_all/mp_510475.cif,-2.575295285
mp-773672,../cifs_all/mp_773672.cif,-2.309739849
mp-1024957,../cifs_all/mp_1024957.cif,-0.327926033
mp-1195642,../cifs_all/mp_1195642.cif,-3.331173156
mp-3828,../cifs_all/mp_3828.cif,-3.446832076
mp-1075577,../cifs_all/mp_1075577.cif,0.121889745
mp-1183578,../cifs_all/mp_1183578.cif,-0.195465657
mp-2228257,../cifs_all/mp_2228257.cif,-1.412062884
mp-2804,../cifs_all/mp_2804.cif,-1.260727531
mp-559104,../cifs_all/mp_559104.cif,-3.187343081
mp-1239225,../cifs_all/mp_1239225.cif,-2.645849364
mp-778489,../cifs_all/mp_778489.cif,-2.593108933
mp-1095432,../cifs_all/mp_1095432.cif,0.180053644166669
mp-1114031,../cifs_all/mp_1114031.cif,-1.810011364
mp-1221752,../cifs_all/mp_1221752.cif,-0.938700049
mp-504667,../cifs_all/mp_504667.cif,-2.145657781
mp-2230918,../cifs_all/mp_2230918.cif,-3.061087923
mp-1211336,../cifs_all/mp_1211336.cif,-1.862388785
mp-1025559,../cifs_all/mp_1025559.cif,-0.643008197
mp-541867,../cifs_all/mp_541867.cif,-2.514888289
mp-727395,../cifs_all/mp_727395.cif,-2.817834598
mp-1184722,../cifs_all/mp_1184722.cif,0.042877670000002
mp-1226354,../cifs_all/mp_1226354.cif,-0.595041649
mp-1232096,../cifs_all/mp_1232096.cif,-2.084623851
mp-1218158,../cifs_all/mp_1218158.cif,-2.709500348
mp-510598,../cifs_all/mp_510598.cif,-2.633742017
mp-531409,../cifs_all/mp_531409.cif,-2.846337747
mp-20001,../cifs_all/mp_20001.cif,-0.853353862
mp-2715576,../cifs_all/mp_2715576.cif,-2.612049407
mp-758615,../cifs_all/mp_758615.cif,-2.727876356
mp-1093943,../cifs_all/mp_1093943.cif,0.9943846135416652
mp-2715720,../cifs_all/mp_2715720.cif,-2.953776938
mp-1111621,../cifs_all/mp_1111621.cif,-2.240232138
mp-864616,../cifs_all/mp_864616.cif,-0.398620445
mp-5377,../cifs_all/mp_5377.cif,-3.707996334
mp-1227993,../cifs_all/mp_1227993.cif,-1.330769892
mp-1218744,../cifs_all/mp_1218744.cif,-2.895267624
mp-1204232,../cifs_all/mp_1204232.cif,-3.077682839
mp-21273,../cifs_all/mp_21273.cif,-0.270042538
mp-971928,../cifs_all/mp_971928.cif,0.187027941249999
mp-2715016,../cifs_all/mp_2715016.cif,-2.567681739
mp-975958,../cifs_all/mp_975958.cif,-2.546651937
mp-22775,../cifs_all/mp_22775.cif,-0.442118447
mp-1228219,../cifs_all/mp_1228219.cif,-2.582326949
mp-706492,../cifs_all/mp_706492.cif,-1.830351314
mp-1210268,../cifs_all/mp_1210268.cif,-0.199094288
mp-1077386,../cifs_all/mp_1077386.cif,-0.560991776
mp-27351,../cifs_all/mp_27351.cif,-0.188612633
mp-1215847,../cifs_all/mp_1215847.cif,-0.52236772
mp-1189555,../cifs_all/mp_1189555.cif,-0.812495592
mp-1175387,../cifs_all/mp_1175387.cif,-1.837313492
mp-1232174,../cifs_all/mp_1232174.cif,-1.521386211
mp-755381,../cifs_all/mp_755381.cif,-2.063724037
mp-631497,../cifs_all/mp_631497.cif,0.7127795761111101
mp-977,../cifs_all/mp_977.cif,-0.430421822
mp-675380,../cifs_all/mp_675380.cif,-1.269853603
mp-1106034,../cifs_all/mp_1106034.cif,-0.235092454
mp-1222037,../cifs_all/mp_1222037.cif,-0.029136013
mp-559663,../cifs_all/mp_559663.cif,-2.990113116
mp-1198372,../cifs_all/mp_1198372.cif,0.258299984285713
mp-1025273,../cifs_all/mp_1025273.cif,-0.309177156
mp-1402218,../cifs_all/mp_1402218.cif,-1.727027674
mp-1218023,../cifs_all/mp_1218023.cif,-0.474069925
mp-19031,../cifs_all/mp_19031.cif,-2.409617558
mp-559764,../cifs_all/mp_559764.cif,-3.601466857
mp-2714704,../cifs_all/mp_2714704.cif,-2.784466165
mp-862983,../cifs_all/mp_862983.cif,-1.148539957
mp-1204825,../cifs_all/mp_1204825.cif,-0.166750695
mp-1023593,../cifs_all/mp_1023593.cif,0.008929396
mp-672959,../cifs_all/mp_672959.cif,-2.463637538
mp-1217408,../cifs_all/mp_1217408.cif,0.066014911
mp-1207472,../cifs_all/mp_1207472.cif,0.6051624670000011
mp-1189947,../cifs_all/mp_1189947.cif,-0.336575853
mp-766600,../cifs_all/mp_766600.cif,-1.478538013
mp-19882,../cifs_all/mp_19882.cif,-2.216731743
mp-1211816,../cifs_all/mp_1211816.cif,-0.705088487
mp-1377640,../cifs_all/mp_1377640.cif,-0.468098118
mp-1195419,../cifs_all/mp_1195419.cif,-2.019474426
mp-1224309,../cifs_all/mp_1224309.cif,-0.325649254
mp-1210789,../cifs_all/mp_1210789.cif,-1.306641463
mp-558747,../cifs_all/mp_558747.cif,-1.028406284
mp-1228702,../cifs_all/mp_1228702.cif,-2.061289327
mp-1114229,../cifs_all/mp_1114229.cif,-3.015469
mp-1080475,../cifs_all/mp_1080475.cif,1.474807234
mp-1018690,../cifs_all/mp_1018690.cif,-0.640789178
mp-1175731,../cifs_all/mp_1175731.cif,-1.800395401
mp-1036224,../cifs_all/mp_1036224.cif,-2.771446861
mp-1186755,../cifs_all/mp_1186755.cif,-3.278887796
mp-1177888,../cifs_all/mp_1177888.cif,-2.444538927
mp-961679,../cifs_all/mp_961679.cif,-0.014324576
mp-555133,../cifs_all/mp_555133.cif,-1.832368824
mp-807122,../cifs_all/mp_807122.cif,-0.691336893
mp-1214678,../cifs_all/mp_1214678.cif,-1.016414464
mp-2229337,../cifs_all/mp_2229337.cif,-1.538462056
mp-1174749,../cifs_all/mp_1174749.cif,-1.818367324
mp-1349907,../cifs_all/mp_1349907.cif,-0.891147066
mp-1096341,../cifs_all/mp_1096341.cif,1.081729418
mp-10708,../cifs_all/mp_10708.cif,-0.352597181
mp-9856,../cifs_all/mp_9856.cif,-1.636383312
mp-1182833,../cifs_all/mp_1182833.cif,-1.849390029
mp-2216304,../cifs_all/mp_2216304.cif,-2.379815971
mp-1207271,../cifs_all/mp_1207271.cif,-1.455563881
mp-1201095,../cifs_all/mp_1201095.cif,0.072670971
mp-1100759,../cifs_all/mp_1100759.cif,-1.781955569
mp-755906,../cifs_all/mp_755906.cif,-1.90287882
mp-17187,../cifs_all/mp_17187.cif,-2.96778735
mp-560173,../cifs_all/mp_560173.cif,-3.184763081
mp-761189,../cifs_all/mp_761189.cif,-1.132933876
mp-1194517,../cifs_all/mp_1194517.cif,-3.693970125
mp-556950,../cifs_all/mp_556950.cif,-0.96222424
mp-18479,../cifs_all/mp_18479.cif,-3.182906401
mp-22024,../cifs_all/mp_22024.cif,-3.176594503
mp-1078427,../cifs_all/mp_1078427.cif,-0.637123594
mp-1184778,../cifs_all/mp_1184778.cif,-3.133445372
mp-1111396,../cifs_all/mp_1111396.cif,-2.832430517
mp-1838903,../cifs_all/mp_1838903.cif,-2.317023345
mp-1094736,../cifs_all/mp_1094736.cif,-0.052545445
mp-699599,../cifs_all/mp_699599.cif,-3.160587014
mp-756833,../cifs_all/mp_756833.cif,-1.662672391
mp-560888,../cifs_all/mp_560888.cif,-1.560858073
mp-1185976,../cifs_all/mp_1185976.cif,-0.316107403
mp-10970,../cifs_all/mp_10970.cif,-3.321671447
mp-561185,../cifs_all/mp_561185.cif,-0.784530196
mp-1277516,../cifs_all/mp_1277516.cif,-2.594455077
mp-430,../cifs_all/mp_430.cif,-3.468571951
mp-728959,../cifs_all/mp_728959.cif,-2.075239258
mp-2911771,../cifs_all/mp_2911771.cif,-0.145848061
mp-3158,../cifs_all/mp_3158.cif,-0.762862493
mp-1187595,../cifs_all/mp_1187595.cif,-2.267912244
mp-2224487,../cifs_all/mp_2224487.cif,-2.962078939
mp-1226081,../cifs_all/mp_1226081.cif,-0.133197193
mp-643370,../cifs_all/mp_643370.cif,-0.545818566
mp-1236284,../cifs_all/mp_1236284.cif,-1.115422426
mp-1213846,../cifs_all/mp_1213846.cif,-1.546376217
mp-550320,../cifs_all/mp_550320.cif,-2.054330873
mp-703370,../cifs_all/mp_703370.cif,-3.071413106
mp-13694,../cifs_all/mp_13694.cif,-2.581216355
mp-2715060,../cifs_all/mp_2715060.cif,-2.489669558
mp-1048165,../cifs_all/mp_1048165.cif,-1.521407276
mp-625179,../cifs_all/mp_625179.cif,-1.040605018
mp-1185170,../cifs_all/mp_1185170.cif,0.028703077083335
mp-1211181,../cifs_all/mp_1211181.cif,-1.177737187
mp-1101667,../cifs_all/mp_1101667.cif,-2.175190937
mp-2716459,../cifs_all/mp_2716459.cif,-2.721390635
mp-753340,../cifs_all/mp_753340.cif,-3.094535737
mp-2240000,../cifs_all/mp_2240000.cif,-1.580862452
mp-2217313,../cifs_all/mp_2217313.cif,-2.546210317
mp-1207936,../cifs_all/mp_1207936.cif,-2.024479879
mp-2955,../cifs_all/mp_2955.cif,-3.507023633
mp-555993,../cifs_all/mp_555993.cif,-1.031783739
mp-40778,../cifs_all/mp_40778.cif,-1.458063358
mp-1044100,../cifs_all/mp_1044100.cif,-2.214582261
mp-2689,../cifs_all/mp_2689.cif,-0.05415423
mp-804103,../cifs_all/mp_804103.cif,0.274752372
mp-1188678,../cifs_all/mp_1188678.cif,-1.519237164
mp-1233432,../cifs_all/mp_1233432.cif,-1.940084453
mp-1221547,../cifs_all/mp_1221547.cif,-1.784336841
mp-1215927,../cifs_all/mp_1215927.cif,-0.874979129
mp-1210454,../cifs_all/mp_1210454.cif,-2.277732479
mp-1233283,../cifs_all/mp_1233283.cif,-2.855876948
mp-1188960,../cifs_all/mp_1188960.cif,0.294497997222222
mp-2714386,../cifs_all/mp_2714386.cif,-3.079609523
mp-1200003,../cifs_all/mp_1200003.cif,-0.874978609
mp-1521849,../cifs_all/mp_1521849.cif,-1.873735862
mp-755031,../cifs_all/mp_755031.cif,-2.61853348
mp-1209113,../cifs_all/mp_1209113.cif,3.179495013466669
mp-766543,../cifs_all/mp_766543.cif,-3.196564411
mp-2503,../cifs_all/mp_2503.cif,-0.300688745
mp-18800,../cifs_all/mp_18800.cif,-2.507166293
mp-12920,../cifs_all/mp_12920.cif,-1.211979648
mp-1019322,../cifs_all/mp_1019322.cif,-0.082943287
mp-1009131,../cifs_all/mp_1009131.cif,0.180021127284481
mp-1209233,../cifs_all/mp_1209233.cif,-0.642171629
mp-1221854,../cifs_all/mp_1221854.cif,-0.104490881
mp-761572,../cifs_all/mp_761572.cif,-2.496569244
mp-1105063,../cifs_all/mp_1105063.cif,-0.697997547
mp-1094350,../cifs_all/mp_1094350.cif,0.162417816
mp-4930,../cifs_all/mp_4930.cif,-3.441487001
mp-1211949,../cifs_all/mp_1211949.cif,-2.370408176
mp-1077263,../cifs_all/mp_1077263.cif,-1.603056449
mp-1223027,../cifs_all/mp_1223027.cif,-0.325618135
mp-21950,../cifs_all/mp_21950.cif,-2.706897104
mp-732005,../cifs_all/mp_732005.cif,-0.095571145
mp-26791,../cifs_all/mp_26791.cif,-2.434248113
mp-1208124,../cifs_all/mp_1208124.cif,-0.52376102
mp-1113901,../cifs_all/mp_1113901.cif,-3.231862228
mp-1181422,../cifs_all/mp_1181422.cif,-0.482072633
mp-5866,../cifs_all/mp_5866.cif,-0.085109635
mp-541794,../cifs_all/mp_541794.cif,-2.452077056
mp-2715294,../cifs_all/mp_2715294.cif,-3.01134889
mp-1647042,../cifs_all/mp_1647042.cif,-2.148504062
mp-1040287,../cifs_all/mp_1040287.cif,-2.860800436
mp-1234115,../cifs_all/mp_1234115.cif,-2.208209177
mp-1204179,../cifs_all/mp_1204179.cif,-0.670661905
mp-1220608,../cifs_all/mp_1220608.cif,-0.560446829
mp-1028951,../cifs_all/mp_1028951.cif,-0.417494118
mp-672653,../cifs_all/mp_672653.cif,-0.374652152
mp-1218113,../cifs_all/mp_1218113.cif,-2.125969711
mp-13816,../cifs_all/mp_13816.cif,-3.603906971
mp-1177267,../cifs_all/mp_1177267.cif,-2.537826453
mp-555611,../cifs_all/mp_555611.cif,-0.658772647
mp-1213712,../cifs_all/mp_1213712.cif,-0.79643379
mp-1173213,../cifs_all/mp_1173213.cif,-3.210530435
mp-1036641,../cifs_all/mp_1036641.cif,-2.89499356
mp-1181732,../cifs_all/mp_1181732.cif,0.136517958
mp-1445898,../cifs_all/mp_1445898.cif,-3.261883405
mp-754550,../cifs_all/mp_754550.cif,-3.831561547
mp-2713022,../cifs_all/mp_2713022.cif,-2.280029533
mp-1176620,../cifs_all/mp_1176620.cif,-2.684027465
mp-1106158,../cifs_all/mp_1106158.cif,-0.910212493
mp-1213340,../cifs_all/mp_1213340.cif,-2.339215697
mp-566150,../cifs_all/mp_566150.cif,-2.152990941
mp-1110626,../cifs_all/mp_1110626.cif,-2.481677368
mp-1080470,../cifs_all/mp_1080470.cif,-2.824319392
mp-753275,../cifs_all/mp_753275.cif,-1.468135599
mp-1209821,../cifs_all/mp_1209821.cif,-1.915952463
mp-759542,../cifs_all/mp_759542.cif,-2.921093647
mp-1043781,../cifs_all/mp_1043781.cif,-2.878955562
mp-1519556,../cifs_all/mp_1519556.cif,-1.852486044
mp-696298,../cifs_all/mp_696298.cif,-0.466135536
mp-768565,../cifs_all/mp_768565.cif,-2.625794631
mp-505659,../cifs_all/mp_505659.cif,-0.240615807
mp-755657,../cifs_all/mp_755657.cif,-3.00020874
mp-625397,../cifs_all/mp_625397.cif,-2.209456757
mp-1207123,../cifs_all/mp_1207123.cif,-0.19581844
mp-17288,../cifs_all/mp_17288.cif,-2.641684768
mp-1200829,../cifs_all/mp_1200829.cif,-2.844367295
mp-2228574,../cifs_all/mp_2228574.cif,-2.399349171
mp-1220413,../cifs_all/mp_1220413.cif,-1.250934532
mp-1645663,../cifs_all/mp_1645663.cif,-2.03873608
mp-1245927,../cifs_all/mp_1245927.cif,-1.577989063
mp-2229366,../cifs_all/mp_2229366.cif,-2.784328665
mp-541177,../cifs_all/mp_541177.cif,-3.252683904
mp-1226214,../cifs_all/mp_1226214.cif,-1.463628285
mp-1210640,../cifs_all/mp_1210640.cif,-2.43960123
mp-1047389,../cifs_all/mp_1047389.cif,-2.151575137
mp-759902,../cifs_all/mp_759902.cif,-2.24836217
mp-4788,../cifs_all/mp_4788.cif,-1.618278285
mp-1245192,../cifs_all/mp_1245192.cif,-2.61766585
mp-1245454,../cifs_all/mp_1245454.cif,0.052971115
mp-1361554,../cifs_all/mp_1361554.cif,-3.178916574
mp-1219636,../cifs_all/mp_1219636.cif,-0.974011671
mp-1200226,../cifs_all/mp_1200226.cif,-0.806859844
mp-1639208,../cifs_all/mp_1639208.cif,-1.29684177
mp-4598,../cifs_all/mp_4598.cif,-2.62377622
mp-755698,../cifs_all/mp_755698.cif,-3.174764352
mp-1188577,../cifs_all/mp_1188577.cif,-0.819696374
mp-2230225,../cifs_all/mp_2230225.cif,-1.686748417
mp-22955,../cifs_all/mp_22955.cif,-1.385046749
mp-860959,../cifs_all/mp_860959.cif,-2.573028168
mp-1180246,../cifs_all/mp_1180246.cif,-0.466422017
mp-1045006,../cifs_all/mp_1045006.cif,-3.586997254
mp-27561,../cifs_all/mp_27561.cif,-0.657879894
mp-1214014,../cifs_all/mp_1214014.cif,-1.886015627
mp-1216281,../cifs_all/mp_1216281.cif,-0.213243139
mp-1104887,../cifs_all/mp_1104887.cif,-1.724966507
mp-1204620,../cifs_all/mp_1204620.cif,-0.949647141
mp-1212642,../cifs_all/mp_1212642.cif,-0.528295036
mp-1247122,../cifs_all/mp_1247122.cif,-0.578692892
mp-1202405,../cifs_all/mp_1202405.cif,-0.231255761
mp-2713980,../cifs_all/mp_2713980.cif,-2.643721787
mp-540496,../cifs_all/mp_540496.cif,-2.193952569
mp-1213265,../cifs_all/mp_1213265.cif,-1.831806954
mp-2232436,../cifs_all/mp_2232436.cif,-2.767534345
mp-1030196,../cifs_all/mp_1030196.cif,-0.514259487
mp-32854,../cifs_all/mp_32854.cif,-1.036703904
mp-1101470,../cifs_all/mp_1101470.cif,-3.07575405
mp-1226418,../cifs_all/mp_1226418.cif,-1.214107413
mp-12586,../cifs_all/mp_12586.cif,-0.184469245
mp-981336,../cifs_all/mp_981336.cif,1.045974108124999
mp-1218015,../cifs_all/mp_1218015.cif,-0.322478876
mp-1232992,../cifs_all/mp_1232992.cif,-2.236839345
mp-1105715,../cifs_all/mp_1105715.cif,-1.181045385
mp-756419,../cifs_all/mp_756419.cif,-2.699800308
mp-22667,../cifs_all/mp_22667.cif,-1.241572883
mp-1213169,../cifs_all/mp_1213169.cif,-0.955184139
mp-1028312,../cifs_all/mp_1028312.cif,0.289039468
mp-26998,../cifs_all/mp_26998.cif,-2.213986377
mp-1079348,../cifs_all/mp_1079348.cif,-0.273454192
mp-1202345,../cifs_all/mp_1202345.cif,-2.970776421
mp-759050,../cifs_all/mp_759050.cif,-1.508432069
mp-1521716,../cifs_all/mp_1521716.cif,-2.900372718
mp-1235466,../cifs_all/mp_1235466.cif,-2.996681189
mp-1225636,../cifs_all/mp_1225636.cif,-0.183416263
mp-755395,../cifs_all/mp_755395.cif,-2.47472108
mp-1186956,../cifs_all/mp_1186956.cif,-1.114810417
mp-1208877,../cifs_all/mp_1208877.cif,-2.653560317
mp-1216597,../cifs_all/mp_1216597.cif,-0.355866185
mp-1191401,../cifs_all/mp_1191401.cif,-0.337516832
mp-1192964,../cifs_all/mp_1192964.cif,-1.182826968
mp-978509,../cifs_all/mp_978509.cif,0.196739859687497
mp-1105080,../cifs_all/mp_1105080.cif,-0.189516039
mp-1210563,../cifs_all/mp_1210563.cif,0.093239692
mp-1245286,../cifs_all/mp_1245286.cif,0.014588705
mp-1215377,../cifs_all/mp_1215377.cif,-1.240729299
mp-1101094,../cifs_all/mp_1101094.cif,-2.276860934
mp-1218618,../cifs_all/mp_1218618.cif,-2.695348769
mp-1664,../cifs_all/mp_1664.cif,-0.153891481
mp-1013543,../cifs_all/mp_1013543.cif,0.039797012750001
mp-1080814,../cifs_all/mp_1080814.cif,-0.460950348
mp-541971,../cifs_all/mp_541971.cif,-0.769714851
mp-831160,../cifs_all/mp_831160.cif,-2.449639419
mp-557320,../cifs_all/mp_557320.cif,-1.749195617
mp-1201938,../cifs_all/mp_1201938.cif,-1.234859956
mp-1048742,../cifs_all/mp_1048742.cif,-2.734793196
mp-972924,../cifs_all/mp_972924.cif,-0.051746367
mp-766038,../cifs_all/mp_766038.cif,-2.714002249
mp-2218046,../cifs_all/mp_2218046.cif,-1.579858503
mp-2715387,../cifs_all/mp_2715387.cif,-3.079012484
mp-1038552,../cifs_all/mp_1038552.cif,-2.828230912
mp-1027942,../cifs_all/mp_1027942.cif,0.061802386875
mp-530644,../cifs_all/mp_530644.cif,-2.843045228
mp-755808,../cifs_all/mp_755808.cif,-2.576159324
mp-1232243,../cifs_all/mp_1232243.cif,-2.128608498
mp-1203219,../cifs_all/mp_1203219.cif,-0.764398713
mp-1195151,../cifs_all/mp_1195151.cif,-2.616727376
mp-706531,../cifs_all/mp_706531.cif,-0.327248543
mp-1188389,../cifs_all/mp_1188389.cif,-1.448083682
mp-1201921,../cifs_all/mp_1201921.cif,-2.417231138
mp-555823,../cifs_all/mp_555823.cif,-2.481692341
mp-1097169,../cifs_all/mp_1097169.cif,1.250072041250001
mp-770682,../cifs_all/mp_770682.cif,-2.821727428
mp-1017320,../cifs_all/mp_1017320.cif,0.093193378
mp-8023,../cifs_all/mp_8023.cif,-1.552115638
mp-704810,../cifs_all/mp_704810.cif,-1.856932604
mp-1110883,../cifs_all/mp_1110883.cif,-1.736652194
mp-686370,../cifs_all/mp_686370.cif,-3.014871498
mp-12753,../cifs_all/mp_12753.cif,-0.37121762
mp-766892,../cifs_all/mp_766892.cif,-1.451383832
mp-581143,../cifs_all/mp_581143.cif,-1.794424034
mp-1202649,../cifs_all/mp_1202649.cif,-0.526722775
mp-1096443,../cifs_all/mp_1096443.cif,1.059388659374998
mp-583714,../cifs_all/mp_583714.cif,-3.217433275
mp-1076351,../cifs_all/mp_1076351.cif,-2.188791768
mp-1196092,../cifs_all/mp_1196092.cif,-0.14663736
mp-978016,../cifs_all/mp_978016.cif,-0.788111621
mp-1189987,../cifs_all/mp_1189987.cif,-0.525991329
mp-534778,../cifs_all/mp_534778.cif,-3.127718875
mp-1208391,../cifs_all/mp_1208391.cif,-2.64783109
mp-1217454,../cifs_all/mp_1217454.cif,-0.14107985
mp-865959,../cifs_all/mp_865959.cif,-0.295443146
mp-757476,../cifs_all/mp_757476.cif,-2.296515399
mp-755883,../cifs_all/mp_755883.cif,-3.145256563
mp-1112377,../cifs_all/mp_1112377.cif,-1.56479561
mp-780128,../cifs_all/mp_780128.cif,-2.280176073
mp-2866,../cifs_all/mp_2866.cif,-0.502142687
mp-1036194,../cifs_all/mp_1036194.cif,-2.835522545
mp-1042984,../cifs_all/mp_1042984.cif,-2.012698205
mp-540862,../cifs_all/mp_540862.cif,-4.041768985
mp-1235033,../cifs_all/mp_1235033.cif,-1.673747568
mp-2230496,../cifs_all/mp_2230496.cif,-2.203668426
mp-984776,../cifs_all/mp_984776.cif,0.461126501250001
mp-10659,../cifs_all/mp_10659.cif,0.015270595000004
mp-1018737,../cifs_all/mp_1018737.cif,-0.628996292
mp-567576,../cifs_all/mp_567576.cif,-0.237040386
mp-1220765,../cifs_all/mp_1220765.cif,-2.001977357
mp-1177349,../cifs_all/mp_1177349.cif,-2.691960005
mp-1037605,../cifs_all/mp_1037605.cif,-2.836254311
mp-1077536,../cifs_all/mp_1077536.cif,0.100394155000001
mp-1093607,../cifs_all/mp_1093607.cif,3.348825418017242
mp-1113397,../cifs_all/mp_1113397.cif,-2.005611674
mp-1076193,../cifs_all/mp_1076193.cif,-3.213365128
mp-2220457,../cifs_all/mp_2220457.cif,-2.117632278
mp-1179548,../cifs_all/mp_1179548.cif,-1.579747979
mp-24178,../cifs_all/mp_24178.cif,-1.594668361
mp-560358,../cifs_all/mp_560358.cif,-3.297215262
mp-2715725,../cifs_all/mp_2715725.cif,-2.674662816
mp-774803,../cifs_all/mp_774803.cif,-2.48523396
mp-1043286,../cifs_all/mp_1043286.cif,-1.913814336
mp-1183686,../cifs_all/mp_1183686.cif,-0.220394899
mp-1215561,../cifs_all/mp_1215561.cif,-0.313729967
mp-2713809,../cifs_all/mp_2713809.cif,-3.083459138
mp-570811,../cifs_all/mp_570811.cif,0.098413318
mp-541403,../cifs_all/mp_541403.cif,-0.461261167
mp-761270,../cifs_all/mp_761270.cif,-2.262724668
mp-5327,../cifs_all/mp_5327.cif,-2.679983961
mp-1188702,../cifs_all/mp_1188702.cif,1.178121685086207
mp-758961,../cifs_all/mp_758961.cif,-2.297488161
mp-24350,../cifs_all/mp_24350.cif,-1.562949932
mp-561875,../cifs_all/mp_561875.cif,-1.513366566
mp-1105676,../cifs_all/mp_1105676.cif,-0.709734395
mp-1044516,../cifs_all/mp_1044516.cif,-2.053890794
mp-1220234,../cifs_all/mp_1220234.cif,-0.73202085
mp-22765,../cifs_all/mp_22765.cif,-0.798639995
mp-1206129,../cifs_all/mp_1206129.cif,-0.390420133
mp-1178047,../cifs_all/mp_1178047.cif,-2.335650475
mp-541352,../cifs_all/mp_541352.cif,-0.39570613
mp-1112651,../cifs_all/mp_1112651.cif,-1.725426168
mp-1354468,../cifs_all/mp_1354468.cif,-1.709211596
mp-981391,../cifs_all/mp_981391.cif,0.459668581249999
mp-865466,../cifs_all/mp_865466.cif,-1.857836633
mp-1221774,../cifs_all/mp_1221774.cif,-0.275610575
mp-1235483,../cifs_all/mp_1235483.cif,-2.436204146
mp-1363159,../cifs_all/mp_1363159.cif,-2.279134528
mp-26749,../cifs_all/mp_26749.cif,-2.489713086
mp-1211572,../cifs_all/mp_1211572.cif,-1.258799938
mp-1077498,../cifs_all/mp_1077498.cif,-0.24232963
mp-759318,../cifs_all/mp_759318.cif,-1.466103667
mp-769396,../cifs_all/mp_769396.cif,-3.054602234
mp-1078752,../cifs_all/mp_1078752.cif,-0.654545159
mp-1184639,../cifs_all/mp_1184639.cif,0.10335311
mp-695427,../cifs_all/mp_695427.cif,-3.026415794
mp-1224782,../cifs_all/mp_1224782.cif,-2.297222395
mp-867852,../cifs_all/mp_867852.cif,-0.517229415
mp-865960,../cifs_all/mp_865960.cif,-0.004903001
mp-769030,../cifs_all/mp_769030.cif,-1.695055824
mp-1173563,../cifs_all/mp_1173563.cif,-2.608209021
mp-1220149,../cifs_all/mp_1220149.cif,-0.143458184
mp-1343434,../cifs_all/mp_1343434.cif,-1.734860505
mp-780377,../cifs_all/mp_780377.cif,-3.164557209
mp-10186,../cifs_all/mp_10186.cif,-0.582309403
mp-642661,../cifs_all/mp_642661.cif,-2.094613305
mp-2646967,../cifs_all/mp_2646967.cif,-0.433789772
mp-18761,../cifs_all/mp_18761.cif,-2.428991238
mp-567456,../cifs_all/mp_567456.cif,-0.5554404
mp-31518,../cifs_all/mp_31518.cif,-2.260482805
mp-1101883,../cifs_all/mp_1101883.cif,1.184103161
mp-555363,../cifs_all/mp_555363.cif,-2.615739305
mp-608080,../cifs_all/mp_608080.cif,-2.641377339
mp-1173046,../cifs_all/mp_1173046.cif,-2.302191842
mp-27254,../cifs_all/mp_27254.cif,-1.997902103
mp-1179352,../cifs_all/mp_1179352.cif,0.085330054
mp-1213935,../cifs_all/mp_1213935.cif,-2.411356851
mp-2217217,../cifs_all/mp_2217217.cif,-2.225635934
mp-1217522,../cifs_all/mp_1217522.cif,-3.657415306
mp-1228375,../cifs_all/mp_1228375.cif,-2.186250694
mp-2903109,../cifs_all/mp_2903109.cif,-1.49653896
mp-19052,../cifs_all/mp_19052.cif,-2.256743944
mp-771089,../cifs_all/mp_771089.cif,-1.771486656
mp-555112,../cifs_all/mp_555112.cif,-2.946232729
mp-1408987,../cifs_all/mp_1408987.cif,-0.598052649
mp-1219259,../cifs_all/mp_1219259.cif,-0.220083942
mp-1104660,../cifs_all/mp_1104660.cif,-1.148015225
mp-1111440,../cifs_all/mp_1111440.cif,-2.468909647
mp-1030240,../cifs_all/mp_1030240.cif,-0.537201251
mp-1247585,../cifs_all/mp_1247585.cif,-2.713011456
mp-1185136,../cifs_all/mp_1185136.cif,-0.075186924
mp-1223997,../cifs_all/mp_1223997.cif,-3.227797275
mp-1105683,../cifs_all/mp_1105683.cif,-2.266823004
mp-14790,../cifs_all/mp_14790.cif,-0.033893735
mp-1221717,../cifs_all/mp_1221717.cif,-0.623621202
mp-772208,../cifs_all/mp_772208.cif,-1.724340841
mp-1176969,../cifs_all/mp_1176969.cif,-2.497806696
mp-1245284,../cifs_all/mp_1245284.cif,-1.786039066
mp-759578,../cifs_all/mp_759578.cif,-2.570803415
mp-2230926,../cifs_all/mp_2230926.cif,-1.363176768
mp-2233035,../cifs_all/mp_2233035.cif,-2.114708385
mp-1569036,../cifs_all/mp_1569036.cif,-2.074685599
mp-1174581,../cifs_all/mp_1174581.cif,-1.863510937
mp-1022825,../cifs_all/mp_1022825.cif,0.10237800713362
mp-800301,../cifs_all/mp_800301.cif,-2.449344386
mp-1048143,../cifs_all/mp_1048143.cif,-1.974056644
mp-1228699,../cifs_all/mp_1228699.cif,-1.044429628
mp-1006367,../cifs_all/mp_1006367.cif,-1.940497612
mp-569833,../cifs_all/mp_569833.cif,-0.538984623
mp-1187413,../cifs_all/mp_1187413.cif,-0.047415934
mp-26228,../cifs_all/mp_26228.cif,-2.595495635
mp-1180571,../cifs_all/mp_1180571.cif,-2.699160972
mp-1225054,../cifs_all/mp_1225054.cif,-0.409981353
mp-28511,../cifs_all/mp_28511.cif,-1.078520666
mp-11690,../cifs_all/mp_11690.cif,-0.584608928
mp-1218658,../cifs_all/mp_1218658.cif,-3.467046486
mp-1356567,../cifs_all/mp_1356567.cif,-1.333499394
mp-703542,../cifs_all/mp_703542.cif,-1.147297381
mp-1112924,../cifs_all/mp_1112924.cif,-1.374380666
mp-9198,../cifs_all/mp_9198.cif,-0.281895123
mp-1275121,../cifs_all/mp_1275121.cif,-1.243009334
mp-760251,../cifs_all/mp_760251.cif,-2.349647874
mp-553303,../cifs_all/mp_553303.cif,-0.969435053
mp-881629,../cifs_all/mp_881629.cif,-1.489456687
mp-707942,../cifs_all/mp_707942.cif,-2.276078349
mp-581396,../cifs_all/mp_581396.cif,-3.11092409
mp-1247290,../cifs_all/mp_1247290.cif,-1.550062888
mp-1046553,../cifs_all/mp_1046553.cif,-1.904720873
mp-1208786,../cifs_all/mp_1208786.cif,0.660881128
mp-1178163,../cifs_all/mp_1178163.cif,-1.385889206
mp-1189541,../cifs_all/mp_1189541.cif,-0.866867695
mp-567290,../cifs_all/mp_567290.cif,-1.558962584
mp-774931,../cifs_all/mp_774931.cif,-3.030424921
mp-1181498,../cifs_all/mp_1181498.cif,-0.750510793
mp-759147,../cifs_all/mp_759147.cif,-2.709512099
mp-1214861,../cifs_all/mp_1214861.cif,0.96662642267857
mp-555030,../cifs_all/mp_555030.cif,-2.897459299
mp-677572,../cifs_all/mp_677572.cif,-2.932290642
mp-1095834,../cifs_all/mp_1095834.cif,2.100764768
mp-759968,../cifs_all/mp_759968.cif,-1.725451415
mp-1179358,../cifs_all/mp_1179358.cif,-2.913736122
mp-571235,../cifs_all/mp_571235.cif,-1.227871009
mp-1194514,../cifs_all/mp_1194514.cif,-2.748544378
mp-540984,../cifs_all/mp_540984.cif,-2.232079583
mp-2216574,../cifs_all/mp_2216574.cif,-1.608238444
mp-2217420,../cifs_all/mp_2217420.cif,-2.161094644
mp-1194260,../cifs_all/mp_1194260.cif,-1.106431402
mp-1072399,../cifs_all/mp_1072399.cif,-0.461596844
mp-1194906,../cifs_all/mp_1194906.cif,-0.413530206
mp-971919,../cifs_all/mp_971919.cif,0.112768416
mp-981247,../cifs_all/mp_981247.cif,-0.19614347
mp-1229083,../cifs_all/mp_1229083.cif,-0.191390205
mp-1201766,../cifs_all/mp_1201766.cif,-0.975798589
mp-779338,../cifs_all/mp_779338.cif,-2.248814829
mp-757381,../cifs_all/mp_757381.cif,-2.498937305
mp-774356,../cifs_all/mp_774356.cif,-2.589079784
mp-193,../cifs_all/mp_193.cif,-0.13412213
mp-1329647,../cifs_all/mp_1329647.cif,-2.239515165
mp-579552,../cifs_all/mp_579552.cif,-3.275854046
mp-2241110,../cifs_all/mp_2241110.cif,-1.474788604
mp-1198121,../cifs_all/mp_1198121.cif,-1.183459587
mp-696903,../cifs_all/mp_696903.cif,-1.207374154
mp-1204450,../cifs_all/mp_1204450.cif,-0.540042439
mp-1218330,../cifs_all/mp_1218330.cif,-2.401079551
mp-734,../cifs_all/mp_734.cif,-0.579265096
mp-1190793,../cifs_all/mp_1190793.cif,-1.360325849
mp-1174238,../cifs_all/mp_1174238.cif,-2.023573965
mp-2231839,../cifs_all/mp_2231839.cif,-1.853699174
mp-1184905,../cifs_all/mp_1184905.cif,0.020970776
mp-669594,../cifs_all/mp_669594.cif,-0.52522525
mp-1212840,../cifs_all/mp_1212840.cif,-1.52513762
mp-21689,../cifs_all/mp_21689.cif,-0.695093643
mp-551760,../cifs_all/mp_551760.cif,-1.015896986
mp-2748559,../cifs_all/mp_2748559.cif,-0.880516306
mp-1039121,../cifs_all/mp_1039121.cif,0.495614877500001
mp-1223548,../cifs_all/mp_1223548.cif,-1.386414597
mp-1175889,../cifs_all/mp_1175889.cif,-1.727750944
mp-1048235,../cifs_all/mp_1048235.cif,-2.611653042
mp-1190713,../cifs_all/mp_1190713.cif,-1.740741096
mp-976775,../cifs_all/mp_976775.cif,-1.386468496
mp-1181719,../cifs_all/mp_1181719.cif,-1.376249992
mp-568284,../cifs_all/mp_568284.cif,-1.961197941
mp-1184143,../cifs_all/mp_1184143.cif,0.0017152
mp-1182080,../cifs_all/mp_1182080.cif,-0.236458078
mp-625616,../cifs_all/mp_625616.cif,-1.182045177
mp-774415,../cifs_all/mp_774415.cif,-2.104598991
mp-1245818,../cifs_all/mp_1245818.cif,-0.853698452
mp-1184128,../cifs_all/mp_1184128.cif,0.254686595
mp-1246995,../cifs_all/mp_1246995.cif,-0.147959087
mp-772534,../cifs_all/mp_772534.cif,-2.578819853
mp-1016332,../cifs_all/mp_1016332.cif,0.0309249353125
mp-556675,../cifs_all/mp_556675.cif,-2.333967182
mp-1093576,../cifs_all/mp_1093576.cif,2.040739503333334
mp-556705,../cifs_all/mp_556705.cif,-1.832379641
mp-734495,../cifs_all/mp_734495.cif,-1.936224416
mp-760447,../cifs_all/mp_760447.cif,-1.14095781
mp-1226909,../cifs_all/mp_1226909.cif,-1.474564034
mp-1183777,../cifs_all/mp_1183777.cif,-0.045815538
mp-1111719,../cifs_all/mp_1111719.cif,-1.544626897
mp-1208729,../cifs_all/mp_1208729.cif,-1.048329326
mp-1174274,../cifs_all/mp_1174274.cif,-1.708999681
mp-561518,../cifs_all/mp_561518.cif,-2.305771038
mp-1213117,../cifs_all/mp_1213117.cif,-0.831422014
mp-1193561,../cifs_all/mp_1193561.cif,-2.812717536
mp-1211201,../cifs_all/mp_1211201.cif,-2.945205605
mp-2218018,../cifs_all/mp_2218018.cif,-2.149269013
mp-2745918,../cifs_all/mp_2745918.cif,0.041182183999998
mp-1041868,../cifs_all/mp_1041868.cif,-2.601015606
mp-850231,../cifs_all/mp_850231.cif,-2.146936384
mp-1043644,../cifs_all/mp_1043644.cif,-1.977870984
mp-696886,../cifs_all/mp_696886.cif,0.418287074
mp-1247677,../cifs_all/mp_1247677.cif,-2.763395959
mp-1185198,../cifs_all/mp_1185198.cif,-0.279266988
mp-8153,../cifs_all/mp_8153.cif,-2.10750453
mp-767754,../cifs_all/mp_767754.cif,-2.002622156
mp-1100755,../cifs_all/mp_1100755.cif,-1.78173609
mp-1182484,../cifs_all/mp_1182484.cif,0.5848164510714281
mp-1219337,../cifs_all/mp_1219337.cif,-0.578134487
mp-1222776,../cifs_all/mp_1222776.cif,-2.19226908
mp-1212774,../cifs_all/mp_1212774.cif,-1.798872261
mp-1273559,../cifs_all/mp_1273559.cif,-2.420855568
mp-753838,../cifs_all/mp_753838.cif,-2.39157903
mp-1104209,../cifs_all/mp_1104209.cif,-0.410251471
mp-734713,../cifs_all/mp_734713.cif,-1.869303642
mp-684872,../cifs_all/mp_684872.cif,-3.274081648
mp-753544,../cifs_all/mp_753544.cif,-1.815847074
mp-29376,../cifs_all/mp_29376.cif,-1.221471251
mp-780729,../cifs_all/mp_780729.cif,-1.980339244
mp-562114,../cifs_all/mp_562114.cif,-0.997874919
mp-556487,../cifs_all/mp_556487.cif,-2.966080087
mp-623646,../cifs_all/mp_623646.cif,0.134768281
mp-1101576,../cifs_all/mp_1101576.cif,-2.274785141
mp-30457,../cifs_all/mp_30457.cif,-0.711762661
mp-1180198,../cifs_all/mp_1180198.cif,-1.527548467
mp-1037923,../cifs_all/mp_1037923.cif,-2.952568543
mp-570463,../cifs_all/mp_570463.cif,-0.199585606
mp-1120731,../cifs_all/mp_1120731.cif,-2.972162554
mp-1246707,../cifs_all/mp_1246707.cif,-1.162334823
mp-1222622,../cifs_all/mp_1222622.cif,-0.40065175
mp-753649,../cifs_all/mp_753649.cif,-2.753800557
mp-976930,../cifs_all/mp_976930.cif,-0.10482236
mp-28813,../cifs_all/mp_28813.cif,-1.11050468
mp-1228086,../cifs_all/mp_1228086.cif,-3.054233885
mp-24,../cifs_all/mp_24.cif,0.8349742562499991
mp-1227694,../cifs_all/mp_1227694.cif,-2.887423438
mp-1218690,../cifs_all/mp_1218690.cif,-2.191123311
mp-1203469,../cifs_all/mp_1203469.cif,-0.799169336
mp-638729,../cifs_all/mp_638729.cif,-2.241028757
mp-1176109,../cifs_all/mp_1176109.cif,-1.768998048
mp-2239959,../cifs_all/mp_2239959.cif,-1.505657439
mp-1220214,../cifs_all/mp_1220214.cif,-2.033607311
mp-504314,../cifs_all/mp_504314.cif,-2.4732536
mp-1247160,../cifs_all/mp_1247160.cif,-0.104948042
mp-1101130,../cifs_all/mp_1101130.cif,-3.392607737
mp-2714218,../cifs_all/mp_2714218.cif,-3.16750543
mp-1216295,../cifs_all/mp_1216295.cif,-0.258958596
mp-1017247,../cifs_all/mp_1017247.cif,0.353050222
mp-570723,../cifs_all/mp_570723.cif,-1.090921323
mp-571438,../cifs_all/mp_571438.cif,-0.102486731
mp-1211394,../cifs_all/mp_1211394.cif,0.276345739
mp-1095587,../cifs_all/mp_1095587.cif,-1.041668221
mp-1076706,../cifs_all/mp_1076706.cif,-2.287715098
mp-1521244,../cifs_all/mp_1521244.cif,-1.450093026
mp-1178491,../cifs_all/mp_1178491.cif,-2.125771746
mp-1195088,../cifs_all/mp_1195088.cif,-0.715512414
mp-989401,../cifs_all/mp_989401.cif,-0.745383129
mp-1207307,../cifs_all/mp_1207307.cif,-1.066624441
mp-1206553,../cifs_all/mp_1206553.cif,-1.746806134
mp-1198024,../cifs_all/mp_1198024.cif,-0.149093465
mp-1185435,../cifs_all/mp_1185435.cif,-0.792985305
mp-1176642,../cifs_all/mp_1176642.cif,-2.305945382
mp-645291,../cifs_all/mp_645291.cif,-1.750067798
mp-1201471,../cifs_all/mp_1201471.cif,-1.398404505
mp-1245768,../cifs_all/mp_1245768.cif,1.502486298
mp-714896,../cifs_all/mp_714896.cif,0.082113647
mp-753857,../cifs_all/mp_753857.cif,-2.268137868
mp-561186,../cifs_all/mp_561186.cif,-3.350879026
mp-983228,../cifs_all/mp_983228.cif,-3.305106605
mp-760187,../cifs_all/mp_760187.cif,-2.726408703
mp-1225251,../cifs_all/mp_1225251.cif,-0.528586703
mp-1022538,../cifs_all/mp_1022538.cif,0.220252659999999
mp-1094635,../cifs_all/mp_1094635.cif,-0.054423117
mp-1175491,../cifs_all/mp_1175491.cif,-1.63936442
mp-1216090,../cifs_all/mp_1216090.cif,-1.872155356
mp-1110958,../cifs_all/mp_1110958.cif,-1.163965701
mp-1639391,../cifs_all/mp_1639391.cif,-2.069823512
mp-8335,../cifs_all/mp_8335.cif,-3.430814743
mp-772168,../cifs_all/mp_772168.cif,-1.297305146
mp-4359,../cifs_all/mp_4359.cif,-2.394458981
mp-1018704,../cifs_all/mp_1018704.cif,-0.472035932
mp-757066,../cifs_all/mp_757066.cif,-2.368237475
mp-754043,../cifs_all/mp_754043.cif,-3.213810515
mp-1226163,../cifs_all/mp_1226163.cif,-1.778614468
mp-1099218,../cifs_all/mp_1099218.cif,-2.646259462
mp-864745,../cifs_all/mp_864745.cif,-3.159989376
mp-984082,../cifs_all/mp_984082.cif,-2.266336369
mp-1198947,../cifs_all/mp_1198947.cif,-0.2623419
mp-1185333,../cifs_all/mp_1185333.cif,-0.376453945
mp-1212525,../cifs_all/mp_1212525.cif,-1.203187667
mp-1199114,../cifs_all/mp_1199114.cif,-1.855230768
mp-21903,../cifs_all/mp_21903.cif,-1.362304705
mp-1211815,../cifs_all/mp_1211815.cif,-0.092879922
mp-1186185,../cifs_all/mp_1186185.cif,-0.125592957
mp-541324,../cifs_all/mp_541324.cif,-2.501707245
mp-1223526,../cifs_all/mp_1223526.cif,-2.964343541
mp-651332,../cifs_all/mp_651332.cif,-0.670158315
mp-625856,../cifs_all/mp_625856.cif,-1.341118183
mp-982883,../cifs_all/mp_982883.cif,-0.193253598
mp-755331,../cifs_all/mp_755331.cif,-2.639258018
mp-1247315,../cifs_all/mp_1247315.cif,-0.158484321
mp-1223879,../cifs_all/mp_1223879.cif,-0.472266067
mp-1214258,../cifs_all/mp_1214258.cif,2.322126771670116
mp-17535,../cifs_all/mp_17535.cif,-0.141645979
mp-1210731,../cifs_all/mp_1210731.cif,-1.601174459
mp-1220667,../cifs_all/mp_1220667.cif,-0.172574308
mp-1219566,../cifs_all/mp_1219566.cif,-3.105198753
mp-33029,../cifs_all/mp_33029.cif,-2.852723038
mp-1042918,../cifs_all/mp_1042918.cif,-1.420683358
mp-1032922,../cifs_all/mp_1032922.cif,-2.722430876
mp-1017359,../cifs_all/mp_1017359.cif,0.18823599
mp-1179891,../cifs_all/mp_1179891.cif,-0.722450992
mp-1220062,../cifs_all/mp_1220062.cif,-2.267795019
mp-1246141,../cifs_all/mp_1246141.cif,-0.679034255
mp-1272925,../cifs_all/mp_1272925.cif,-2.775484915
mp-1104020,../cifs_all/mp_1104020.cif,-1.246796904
mp-975336,../cifs_all/mp_975336.cif,-0.491286308
mp-1225716,../cifs_all/mp_1225716.cif,-0.104725541
mp-1105143,../cifs_all/mp_1105143.cif,-2.124901189
mp-698274,../cifs_all/mp_698274.cif,-1.15123871
mp-1197584,../cifs_all/mp_1197584.cif,-1.325113565
mp-706477,../cifs_all/mp_706477.cif,-2.803762562
mp-510453,../cifs_all/mp_510453.cif,-0.709768725
mp-1209201,../cifs_all/mp_1209201.cif,-1.731350839
mp-1096950,../cifs_all/mp_1096950.cif,0.476699420000001
mp-675416,../cifs_all/mp_675416.cif,-3.203051906
mp-1024984,../cifs_all/mp_1024984.cif,-0.898740383
mp-1097529,../cifs_all/mp_1097529.cif,1.161125308
mp-1233299,../cifs_all/mp_1233299.cif,-2.112717043
mp-1096690,../cifs_all/mp_1096690.cif,0.9202617631388852
mp-768729,../cifs_all/mp_768729.cif,-1.769072317
mp-2712596,../cifs_all/mp_2712596.cif,-2.608792701
mp-1228916,../cifs_all/mp_1228916.cif,-2.202298914
mp-3441,../cifs_all/mp_3441.cif,-1.114880482
mp-1556,../cifs_all/mp_1556.cif,-1.103204678
mp-20615,../cifs_all/mp_20615.cif,-0.785674607
mp-2233846,../cifs_all/mp_2233846.cif,-2.057401267
mp-1219030,../cifs_all/mp_1219030.cif,-0.485948767
mp-15009,../cifs_all/mp_15009.cif,-0.919720408
mp-2225572,../cifs_all/mp_2225572.cif,-1.521926723
mp-1290247,../cifs_all/mp_1290247.cif,-1.289614062
mp-1187936,../cifs_all/mp_1187936.cif,0.196565497499999
mp-733972,../cifs_all/mp_733972.cif,-0.534556092
mp-695965,../cifs_all/mp_695965.cif,-2.120706523
mp-29719,../cifs_all/mp_29719.cif,-0.149841618
mp-1520660,../cifs_all/mp_1520660.cif,-2.804833726
mp-13085,../cifs_all/mp_13085.cif,-0.002062144
mp-2219045,../cifs_all/mp_2219045.cif,-1.627327159
mp-1215979,../cifs_all/mp_1215979.cif,-0.790862311
mp-764056,../cifs_all/mp_764056.cif,-1.280228382
mp-1227381,../cifs_all/mp_1227381.cif,-3.515364938
mp-752896,../cifs_all/mp_752896.cif,-1.652650773
mp-1216454,../cifs_all/mp_1216454.cif,-0.2063092
mp-18532,../cifs_all/mp_18532.cif,-1.199412283
mp-2713377,../cifs_all/mp_2713377.cif,-2.388394343
mp-1237311,../cifs_all/mp_1237311.cif,-2.723822437
mp-621612,../cifs_all/mp_621612.cif,-1.099094383
mp-2716295,../cifs_all/mp_2716295.cif,-2.797751801
mp-1080573,../cifs_all/mp_1080573.cif,-0.701626567
mp-555150,../cifs_all/mp_555150.cif,-3.001375388
mp-16045,../cifs_all/mp_16045.cif,-0.676141307
mp-1516607,../cifs_all/mp_1516607.cif,-2.771461435
mp-16805,../cifs_all/mp_16805.cif,-2.433767228
mp-1195931,../cifs_all/mp_1195931.cif,-1.350701797
mp-726718,../cifs_all/mp_726718.cif,-1.861425405
mp-1227842,../cifs_all/mp_1227842.cif,-3.112630032
mp-1250558,../cifs_all/mp_1250558.cif,-2.199143876
mp-767777,../cifs_all/mp_767777.cif,-2.990388907
mp-1234132,../cifs_all/mp_1234132.cif,-1.594344253
mp-1192037,../cifs_all/mp_1192037.cif,-2.666538512
mp-1070572,../cifs_all/mp_1070572.cif,-0.703330793
mp-1235680,../cifs_all/mp_1235680.cif,-1.73537848
mp-674366,../cifs_all/mp_674366.cif,-2.640695425
mp-12746,../cifs_all/mp_12746.cif,-0.468068704
mp-4004,../cifs_all/mp_4004.cif,-0.164979654
mp-1411625,../cifs_all/mp_1411625.cif,-1.601346284
mp-774853,../cifs_all/mp_774853.cif,-2.855098389
mp-23056,../cifs_all/mp_23056.cif,-1.514354432
mp-1210649,../cifs_all/mp_1210649.cif,-0.979118096
mp-555838,../cifs_all/mp_555838.cif,-2.502231003
mp-661,../cifs_all/mp_661.cif,-1.679672172
mp-772536,../cifs_all/mp_772536.cif,-2.280088405
mp-1183474,../cifs_all/mp_1183474.cif,-0.852907362
mp-978929,../cifs_all/mp_978929.cif,-0.214775272
mp-1112086,../cifs_all/mp_1112086.cif,-1.29987232
mp-867296,../cifs_all/mp_867296.cif,-2.323798486
mp-1246498,../cifs_all/mp_1246498.cif,0.009507551
mp-1206832,../cifs_all/mp_1206832.cif,-0.620428585
mp-850394,../cifs_all/mp_850394.cif,-2.965505261
mp-15308,../cifs_all/mp_15308.cif,-0.956224025
mp-14415,../cifs_all/mp_14415.cif,-3.222494772
mp-646321,../cifs_all/mp_646321.cif,-0.51472944
mp-1104120,../cifs_all/mp_1104120.cif,-0.377421046
mp-1201056,../cifs_all/mp_1201056.cif,-2.083261125
mp-1184569,../cifs_all/mp_1184569.cif,0.024823714999996
mp-1201258,../cifs_all/mp_1201258.cif,-1.257733257
mp-1111550,../cifs_all/mp_1111550.cif,-2.501523125
mp-1181490,../cifs_all/mp_1181490.cif,-0.912947418
mp-2228487,../cifs_all/mp_2228487.cif,-2.06347459
mp-6424,../cifs_all/mp_6424.cif,-0.238564278
mp-1075796,../cifs_all/mp_1075796.cif,0.00946799
mp-865025,../cifs_all/mp_865025.cif,-0.396153336
mp-614572,../cifs_all/mp_614572.cif,-1.139431833
mp-696752,../cifs_all/mp_696752.cif,-2.18273273
mp-850942,../cifs_all/mp_850942.cif,-2.577370814
mp-1217655,../cifs_all/mp_1217655.cif,-0.696093678
mp-759400,../cifs_all/mp_759400.cif,-2.294932395
mp-1216554,../cifs_all/mp_1216554.cif,-2.136118575
mp-777686,../cifs_all/mp_777686.cif,-2.22309824
mp-1113547,../cifs_all/mp_1113547.cif,-1.376380887
mp-1025654,../cifs_all/mp_1025654.cif,-0.425122941
mp-866516,../cifs_all/mp_866516.cif,-1.834615551
mp-31468,../cifs_all/mp_31468.cif,-0.797876631
mp-569744,../cifs_all/mp_569744.cif,-0.279739968
mp-865324,../cifs_all/mp_865324.cif,-2.418620404
mp-775265,../cifs_all/mp_775265.cif,-2.968309259
mp-1368827,../cifs_all/mp_1368827.cif,-0.477220734
mp-18484,../cifs_all/mp_18484.cif,-1.815069973
mp-1180472,../cifs_all/mp_1180472.cif,-0.876907203
mp-1379489,../cifs_all/mp_1379489.cif,-2.573109017
mp-772910,../cifs_all/mp_772910.cif,-1.533002942
mp-1111105,../cifs_all/mp_1111105.cif,-2.732418309
mp-1247567,../cifs_all/mp_1247567.cif,-0.019517139
mp-1218136,../cifs_all/mp_1218136.cif,-1.252751379
mp-1045742,../cifs_all/mp_1045742.cif,-2.281041156
mp-757106,../cifs_all/mp_757106.cif,-2.395627939
mp-1225738,../cifs_all/mp_1225738.cif,-0.388733633
mp-1195347,../cifs_all/mp_1195347.cif,-0.519063692
mp-756423,../cifs_all/mp_756423.cif,-1.563510446
mp-1175580,../cifs_all/mp_1175580.cif,-1.8344077
mp-720789,../cifs_all/mp_720789.cif,-1.474590626
mp-683928,../cifs_all/mp_683928.cif,-1.043263368
mp-647342,../cifs_all/mp_647342.cif,-0.998942885
mp-1233217,../cifs_all/mp_1233217.cif,-2.8611786
mp-9060,../cifs_all/mp_9060.cif,-2.117795027
mp-1233894,../cifs_all/mp_1233894.cif,-3.61295135
mp-711343,../cifs_all/mp_711343.cif,0.585222429
mp-1213526,../cifs_all/mp_1213526.cif,-0.956702727
mp-759677,../cifs_all/mp_759677.cif,-2.261141834
mp-776795,../cifs_all/mp_776795.cif,-2.36162635
mp-567705,../cifs_all/mp_567705.cif,-0.472738088
mp-770125,../cifs_all/mp_770125.cif,-2.83447062
mp-1234702,../cifs_all/mp_1234702.cif,-1.236812762
mp-1521174,../cifs_all/mp_1521174.cif,-1.255817072
mp-1188045,../cifs_all/mp_1188045.cif,0.145974724051724
mp-1215167,../cifs_all/mp_1215167.cif,-0.476254044
mp-1176890,../cifs_all/mp_1176890.cif,-2.31896664
mp-1173883,../cifs_all/mp_1173883.cif,-1.667824944
mp-26342,../cifs_all/mp_26342.cif,-2.352745637
mp-862964,../cifs_all/mp_862964.cif,-0.089596941
mp-1104230,../cifs_all/mp_1104230.cif,-0.441144926
mp-1213920,../cifs_all/mp_1213920.cif,-0.120003379
mp-1175736,../cifs_all/mp_1175736.cif,-1.835068115
mp-3094,../cifs_all/mp_3094.cif,-3.458835005
mp-1105617,../cifs_all/mp_1105617.cif,0.384577388
mp-1042556,../cifs_all/mp_1042556.cif,-1.863508001
mp-1094564,../cifs_all/mp_1094564.cif,-0.055495739
mp-1214427,../cifs_all/mp_1214427.cif,-2.360687587
mp-10409,../cifs_all/mp_10409.cif,-1.78729141
mp-20054,../cifs_all/mp_20054.cif,-0.877379575
mp-757670,../cifs_all/mp_757670.cif,-2.767020317
mp-18943,../cifs_all/mp_18943.cif,-1.903842623
mp-10925,../cifs_all/mp_10925.cif,-2.750774976
mp-1002206,../cifs_all/mp_1002206.cif,0.436798361
mp-17717,../cifs_all/mp_17717.cif,-0.290216774
mp-2646979,../cifs_all/mp_2646979.cif,0.107038819999999
mp-1181909,../cifs_all/mp_1181909.cif,-1.925289723
mp-1206078,../cifs_all/mp_1206078.cif,-3.33377834
mp-1094474,../cifs_all/mp_1094474.cif,-0.005055031
mp-776753,../cifs_all/mp_776753.cif,-2.326144627
mp-561098,../cifs_all/mp_561098.cif,-3.126618595
mp-1206779,../cifs_all/mp_1206779.cif,-1.114976745
mp-1283971,../cifs_all/mp_1283971.cif,-0.9772483
mp-1112281,../cifs_all/mp_1112281.cif,-2.591849508
mp-778325,../cifs_all/mp_778325.cif,-2.707522738
mp-1279939,../cifs_all/mp_1279939.cif,-1.721294296
mp-773667,../cifs_all/mp_773667.cif,-0.730113151
mp-1103978,../cifs_all/mp_1103978.cif,-0.638593789
mp-568436,../cifs_all/mp_568436.cif,-0.738674927
mp-554217,../cifs_all/mp_554217.cif,-1.129869868
mp-1350908,../cifs_all/mp_1350908.cif,-1.66557897
mp-540721,../cifs_all/mp_540721.cif,-2.026703132
mp-3223,../cifs_all/mp_3223.cif,-0.514022365
mp-1228725,../cifs_all/mp_1228725.cif,-1.515424087
mp-1236590,../cifs_all/mp_1236590.cif,-3.68076244
mp-1080320,../cifs_all/mp_1080320.cif,-1.5827865
mp-779758,../cifs_all/mp_779758.cif,-1.628711545
mp-1267964,../cifs_all/mp_1267964.cif,-2.202295924
mp-2715309,../cifs_all/mp_2715309.cif,-3.054150767
mp-755960,../cifs_all/mp_755960.cif,-2.628411895
mp-764842,../cifs_all/mp_764842.cif,-2.952099352
mp-2713911,../cifs_all/mp_2713911.cif,-2.72851321
mp-1195412,../cifs_all/mp_1195412.cif,-2.17092113
mp-1253,../cifs_all/mp_1253.cif,-2.283761781
mp-1068734,../cifs_all/mp_1068734.cif,-0.895816824
mp-1074064,../cifs_all/mp_1074064.cif,0.100657037142856
mp-1213645,../cifs_all/mp_1213645.cif,-2.537689427
mp-1224828,../cifs_all/mp_1224828.cif,-0.215054727
mp-27818,../cifs_all/mp_27818.cif,-1.872217545
mp-1251643,../cifs_all/mp_1251643.cif,-3.174685863
mp-1080033,../cifs_all/mp_1080033.cif,-0.602628504
mp-685445,../cifs_all/mp_685445.cif,-3.092693961
mp-772026,../cifs_all/mp_772026.cif,-2.654522653
mp-1228744,../cifs_all/mp_1228744.cif,-2.928511188
mp-770878,../cifs_all/mp_770878.cif,-1.710747723
mp-40630,../cifs_all/mp_40630.cif,-2.741404496
mp-1223015,../cifs_all/mp_1223015.cif,-0.666581816
mp-973896,../cifs_all/mp_973896.cif,0.43183897875
mp-865236,../cifs_all/mp_865236.cif,-0.419894344
mp-567,../cifs_all/mp_567.cif,-2.459690917
mp-8630,../cifs_all/mp_8630.cif,-0.593322743
mp-15012,../cifs_all/mp_15012.cif,-1.125855965
mp-1190092,../cifs_all/mp_1190092.cif,-1.438025441
mp-1203633,../cifs_all/mp_1203633.cif,-0.267691835
mp-1026705,../cifs_all/mp_1026705.cif,0.104020169
mp-989533,../cifs_all/mp_989533.cif,-2.581778101
mp-762529,../cifs_all/mp_762529.cif,-1.537668195
mp-1093778,../cifs_all/mp_1093778.cif,1.333399783750021
mp-709723,../cifs_all/mp_709723.cif,-1.442763189
mp-24504,../cifs_all/mp_24504.cif,0.002440394
mp-567352,../cifs_all/mp_567352.cif,-0.683048434
mp-1246247,../cifs_all/mp_1246247.cif,-0.254739203
mp-568240,../cifs_all/mp_568240.cif,-0.142193605
mp-2713596,../cifs_all/mp_2713596.cif,-2.200431413
mp-13191,../cifs_all/mp_13191.cif,-3.545269937
mp-1029565,../cifs_all/mp_1029565.cif,-0.622613312
mp-1174777,../cifs_all/mp_1174777.cif,-2.074973631
mp-2714986,../cifs_all/mp_2714986.cif,-2.48736832
mp-1216084,../cifs_all/mp_1216084.cif,-1.107357388
mp-770286,../cifs_all/mp_770286.cif,-2.458044074
mp-706599,../cifs_all/mp_706599.cif,-2.328850912
mp-1095528,../cifs_all/mp_1095528.cif,-0.736589583
mp-1176922,../cifs_all/mp_1176922.cif,-2.656348855
mp-726756,../cifs_all/mp_726756.cif,-0.230653245
mp-770850,../cifs_all/mp_770850.cif,-2.197114999
mp-4690,../cifs_all/mp_4690.cif,-1.756479078
mp-758194,../cifs_all/mp_758194.cif,-1.435503373
mp-2847,../cifs_all/mp_2847.cif,-0.653387247
mp-780594,../cifs_all/mp_780594.cif,-2.094547224
mp-1398590,../cifs_all/mp_1398590.cif,-2.492815808
mp-1095838,../cifs_all/mp_1095838.cif,0.568447993
mp-638002,../cifs_all/mp_638002.cif,-2.390831606
mp-706653,../cifs_all/mp_706653.cif,-1.018990222
mp-555321,../cifs_all/mp_555321.cif,-3.383538369
mp-625452,../cifs_all/mp_625452.cif,-2.196401362
mp-1219535,../cifs_all/mp_1219535.cif,-0.084482572
mp-335,../cifs_all/mp_335.cif,-0.451049502
mp-17650,../cifs_all/mp_17650.cif,-1.292719006
mp-2215912,../cifs_all/mp_2215912.cif,-2.099299839
mp-863017,../cifs_all/mp_863017.cif,-1.467871682
mp-1076048,../cifs_all/mp_1076048.cif,-2.31540442
mp-1102281,../cifs_all/mp_1102281.cif,-0.572039825
mp-601210,../cifs_all/mp_601210.cif,-1.094974769
mp-1179847,../cifs_all/mp_1179847.cif,1.381124326833332
mp-22912,../cifs_all/mp_22912.cif,0.088829876
mp-961672,../cifs_all/mp_961672.cif,0.345263412
mp-1516816,../cifs_all/mp_1516816.cif,-3.5244993
mp-1190472,../cifs_all/mp_1190472.cif,-1.053497077
mp-1217001,../cifs_all/mp_1217001.cif,-1.643875882
mp-1189014,../cifs_all/mp_1189014.cif,-1.380419435
mp-1215507,../cifs_all/mp_1215507.cif,-0.777488273
mp-1213184,../cifs_all/mp_1213184.cif,-2.536110756
mp-2252,../cifs_all/mp_2252.cif,-0.886796353
mp-568917,../cifs_all/mp_568917.cif,-0.408292476
mp-1074292,../cifs_all/mp_1074292.cif,0.059995609285714
mp-1097048,../cifs_all/mp_1097048.cif,-2.611624726
mp-30774,../cifs_all/mp_30774.cif,-0.26854904
mp-1191345,../cifs_all/mp_1191345.cif,-1.14417554
mp-2229000,../cifs_all/mp_2229000.cif,-1.133605604
mp-760983,../cifs_all/mp_760983.cif,-2.289932281
mp-772403,../cifs_all/mp_772403.cif,-2.82234006
mp-863698,../cifs_all/mp_863698.cif,-0.254176395
mp-685050,../cifs_all/mp_685050.cif,-0.889237979
mp-976326,../cifs_all/mp_976326.cif,-0.08625744
mp-779083,../cifs_all/mp_779083.cif,-2.340042726
mp-567542,../cifs_all/mp_567542.cif,-0.921080176
mp-1174416,../cifs_all/mp_1174416.cif,-1.88251261
mp-1194009,../cifs_all/mp_1194009.cif,-1.460972231
mp-685164,../cifs_all/mp_685164.cif,-2.29371578
mp-1186637,../cifs_all/mp_1186637.cif,0.26362563125
mp-1178135,../cifs_all/mp_1178135.cif,-3.180326248
mp-781707,../cifs_all/mp_781707.cif,-3.79103766
mp-1094122,../cifs_all/mp_1094122.cif,0.003384133
mp-1180647,../cifs_all/mp_1180647.cif,-0.760860343
mp-1186877,../cifs_all/mp_1186877.cif,0.634473802
mp-1224799,../cifs_all/mp_1224799.cif,-0.470802018
mp-1225777,../cifs_all/mp_1225777.cif,-1.30666472
mp-1213372,../cifs_all/mp_1213372.cif,-0.540332209
mp-961664,../cifs_all/mp_961664.cif,-0.047391654
mp-1197757,../cifs_all/mp_1197757.cif,-0.299961596
mp-2230578,../cifs_all/mp_2230578.cif,-2.296899141
mp-2715881,../cifs_all/mp_2715881.cif,-2.875902419
mp-971921,../cifs_all/mp_971921.cif,-0.573626989
mp-999308,../cifs_all/mp_999308.cif,0.927773783749998
mp-30125,../cifs_all/mp_30125.cif,-1.321984878
mp-865786,../cifs_all/mp_865786.cif,-0.127191603
mp-1239078,../cifs_all/mp_1239078.cif,0.7088709834374991
mp-1016219,../cifs_all/mp_1016219.cif,0.10741328779102
mp-4709,../cifs_all/mp_4709.cif,-3.50302098
mp-1245188,../cifs_all/mp_1245188.cif,0.015662736
mp-1521044,../cifs_all/mp_1521044.cif,-2.496060779
mp-1182637,../cifs_all/mp_1182637.cif,-1.838182611
mp-2713610,../cifs_all/mp_2713610.cif,-2.625973866
mp-571172,../cifs_all/mp_571172.cif,0.042666877
mp-1519049,../cifs_all/mp_1519049.cif,-2.328876273
mp-24784,../cifs_all/mp_24784.cif,-3.05299818
mp-1192153,../cifs_all/mp_1192153.cif,-2.662636797
mp-1187153,../cifs_all/mp_1187153.cif,-0.308483431
mp-1213228,../cifs_all/mp_1213228.cif,-0.485927658
mp-1096855,../cifs_all/mp_1096855.cif,-1.512976469
mp-631365,../cifs_all/mp_631365.cif,1.096769016666665
mp-21575,../cifs_all/mp_21575.cif,-1.836635497
mp-30157,../cifs_all/mp_30157.cif,-2.470980776
mp-1188623,../cifs_all/mp_1188623.cif,-1.375959196
mp-757335,../cifs_all/mp_757335.cif,-2.611741473
mp-2219567,../cifs_all/mp_2219567.cif,-2.007883178
mp-1206168,../cifs_all/mp_1206168.cif,-0.084823689
mp-11321,../cifs_all/mp_11321.cif,-3.826173612
mp-976032,../cifs_all/mp_976032.cif,-0.310093874
mp-1224252,../cifs_all/mp_1224252.cif,-0.124215545
mp-1196534,../cifs_all/mp_1196534.cif,-0.083330983
mp-1042261,../cifs_all/mp_1042261.cif,-1.1803166
mp-554801,../cifs_all/mp_554801.cif,-3.358564312
mp-9568,../cifs_all/mp_9568.cif,-0.368982908
mp-2715171,../cifs_all/mp_2715171.cif,-3.020073021
mp-985286,../cifs_all/mp_985286.cif,-0.006998733
mp-21890,../cifs_all/mp_21890.cif,-0.656790592
mp-1409697,../cifs_all/mp_1409697.cif,-1.906464767
mp-1079678,../cifs_all/mp_1079678.cif,-2.16534965
mp-7086,../cifs_all/mp_7086.cif,-0.896729786
mp-3318,../cifs_all/mp_3318.cif,-3.263728762
mp-1202430,../cifs_all/mp_1202430.cif,-1.689608971
mp-15250,../cifs_all/mp_15250.cif,-2.518585511
mp-1204585,../cifs_all/mp_1204585.cif,-3.080735715
mp-1068869,../cifs_all/mp_1068869.cif,-0.861921389
mp-2713237,../cifs_all/mp_2713237.cif,-2.885644913
mp-675930,../cifs_all/mp_675930.cif,-0.582065474
mp-644203,../cifs_all/mp_644203.cif,-0.495221957
mp-1212922,../cifs_all/mp_1212922.cif,-0.281512621
mp-581749,../cifs_all/mp_581749.cif,-1.310480809
mp-7463,../cifs_all/mp_7463.cif,-0.033353839
mp-11090,../cifs_all/mp_11090.cif,-0.598974615
mp-1200368,../cifs_all/mp_1200368.cif,-1.359234316
mp-973149,../cifs_all/mp_973149.cif,-0.067146928
mp-1225563,../cifs_all/mp_1225563.cif,-0.351597928
mp-757127,../cifs_all/mp_757127.cif,-2.79188474
mp-1022089,../cifs_all/mp_1022089.cif,0.1035484875
mp-1182175,../cifs_all/mp_1182175.cif,-0.610667013
mp-1228091,../cifs_all/mp_1228091.cif,-3.476984464
mp-1223147,../cifs_all/mp_1223147.cif,-0.932953681
mp-5874,../cifs_all/mp_5874.cif,-0.352728518
mp-1220454,../cifs_all/mp_1220454.cif,-0.168576329
mp-1221452,../cifs_all/mp_1221452.cif,-1.53881167
mp-1203734,../cifs_all/mp_1203734.cif,-1.87140831
mp-1299593,../cifs_all/mp_1299593.cif,-2.018580923
mp-1095980,../cifs_all/mp_1095980.cif,1.244370235833329
mp-766361,../cifs_all/mp_766361.cif,-3.022328621
mp-30244,../cifs_all/mp_30244.cif,-2.278286677
mp-557250,../cifs_all/mp_557250.cif,-0.75110692
mp-2712948,../cifs_all/mp_2712948.cif,-2.882349166
mp-1029031,../cifs_all/mp_1029031.cif,-0.703303994
mp-2715531,../cifs_all/mp_2715531.cif,-2.98823827
mp-1074803,../cifs_all/mp_1074803.cif,0.085807038
mp-26141,../cifs_all/mp_26141.cif,-2.38944034
mp-2712575,../cifs_all/mp_2712575.cif,-2.585188583
mp-1095160,../cifs_all/mp_1095160.cif,-0.709605048
mp-1079994,../cifs_all/mp_1079994.cif,-0.549027759
mp-977113,../cifs_all/mp_977113.cif,-0.429623764
mp-774738,../cifs_all/mp_774738.cif,-3.381994761
mp-860537,../cifs_all/mp_860537.cif,-1.901229
mp-4583,../cifs_all/mp_4583.cif,-0.109709416
mp-607477,../cifs_all/mp_607477.cif,-1.177219664
mp-728253,../cifs_all/mp_728253.cif,-2.027434222
mp-1218469,../cifs_all/mp_1218469.cif,-2.308641659
mp-675601,../cifs_all/mp_675601.cif,-2.854581422
mp-774403,../cifs_all/mp_774403.cif,-2.246276431
mp-2713195,../cifs_all/mp_2713195.cif,-3.097985496
mp-774909,../cifs_all/mp_774909.cif,-2.396430711
mp-25463,../cifs_all/mp_25463.cif,-2.431616682
mp-2713841,../cifs_all/mp_2713841.cif,-2.602595441
mp-540414,../cifs_all/mp_540414.cif,-2.435702052
mp-1203204,../cifs_all/mp_1203204.cif,-0.289794118
mp-616218,../cifs_all/mp_616218.cif,-0.691826233
mp-757668,../cifs_all/mp_757668.cif,-1.923896771
mp-1095321,../cifs_all/mp_1095321.cif,-0.912356738
mp-20886,../cifs_all/mp_20886.cif,-0.558593898
mp-549720,../cifs_all/mp_549720.cif,-1.621874311
mp-776752,../cifs_all/mp_776752.cif,-2.409767991
mp-1221724,../cifs_all/mp_1221724.cif,0.008092433
mp-1175331,../cifs_all/mp_1175331.cif,-2.134405026
mp-862969,../cifs_all/mp_862969.cif,-0.083812607
mp-755009,../cifs_all/mp_755009.cif,-3.860224721
mp-1100632,../cifs_all/mp_1100632.cif,-1.785253502
mp-1183325,../cifs_all/mp_1183325.cif,-2.672880964
mp-5094,../cifs_all/mp_5094.cif,-0.523631975
mp-697818,../cifs_all/mp_697818.cif,-2.672682234
mp-1076080,../cifs_all/mp_1076080.cif,-2.409696843
mp-1209444,../cifs_all/mp_1209444.cif,-0.312395528
mp-560339,../cifs_all/mp_560339.cif,-3.449158389
mp-757330,../cifs_all/mp_757330.cif,-2.389480131
mp-555305,../cifs_all/mp_555305.cif,-3.151360197
mp-1198755,../cifs_all/mp_1198755.cif,-0.260444758
mp-1186642,../cifs_all/mp_1186642.cif,0.102252819374999
mp-1208465,../cifs_all/mp_1208465.cif,-0.837111724
mp-1199594,../cifs_all/mp_1199594.cif,-1.866304776
mp-1133344,../cifs_all/mp_1133344.cif,-1.99185568
mp-4508,../cifs_all/mp_4508.cif,-0.812571188
mp-1225786,../cifs_all/mp_1225786.cif,-0.340816599
mp-1112510,../cifs_all/mp_1112510.cif,-1.202185388
mp-1189860,../cifs_all/mp_1189860.cif,-1.521918991
mp-1521717,../cifs_all/mp_1521717.cif,-2.33105839
mp-34761,../cifs_all/mp_34761.cif,-0.478852308
mp-610232,../cifs_all/mp_610232.cif,-2.635275998
mp-1177321,../cifs_all/mp_1177321.cif,-2.343675925
mp-1219142,../cifs_all/mp_1219142.cif,-0.530956856
mp-1097337,../cifs_all/mp_1097337.cif,3.135497033333332
mp-1180425,../cifs_all/mp_1180425.cif,-0.183412556
mp-1220719,../cifs_all/mp_1220719.cif,-0.009911195
mp-1218507,../cifs_all/mp_1218507.cif,-2.691284063
mp-1211681,../cifs_all/mp_1211681.cif,-2.009338092
mp-1228157,../cifs_all/mp_1228157.cif,-3.290712895
mp-1079193,../cifs_all/mp_1079193.cif,-0.336294756
mp-1208502,../cifs_all/mp_1208502.cif,-1.567097049
mp-755641,../cifs_all/mp_755641.cif,-1.824254247
mp-1225998,../cifs_all/mp_1225998.cif,-0.01444405
mp-1244924,../cifs_all/mp_1244924.cif,0.183286863
mp-1173719,../cifs_all/mp_1173719.cif,-2.503159485
mp-2227952,../cifs_all/mp_2227952.cif,-1.87376673
mp-776009,../cifs_all/mp_776009.cif,-2.601178079
mp-2715581,../cifs_all/mp_2715581.cif,-2.969580704
mp-1518397,../cifs_all/mp_1518397.cif,-2.576008539
mp-1097575,../cifs_all/mp_1097575.cif,1.9451679
mp-961649,../cifs_all/mp_961649.cif,-0.672530906
mp-21497,../cifs_all/mp_21497.cif,-1.834869792
mp-5577,../cifs_all/mp_5577.cif,-0.856159208
mp-1037910,../cifs_all/mp_1037910.cif,-2.959311417
mp-1218537,../cifs_all/mp_1218537.cif,-0.452680056
mp-1205190,../cifs_all/mp_1205190.cif,-1.792405213
mp-1179844,../cifs_all/mp_1179844.cif,-0.562930957
mp-865514,../cifs_all/mp_865514.cif,-0.681623649
mp-686037,../cifs_all/mp_686037.cif,-3.24072354
mp-1185893,../cifs_all/mp_1185893.cif,0.322398411
mp-759288,../cifs_all/mp_759288.cif,-1.097437553
mp-1217317,../cifs_all/mp_1217317.cif,-0.103807606
mp-1079052,../cifs_all/mp_1079052.cif,-0.689580754
mp-756725,../cifs_all/mp_756725.cif,-1.99159769
mp-2230855,../cifs_all/mp_2230855.cif,-2.178400216
mp-559373,../cifs_all/mp_559373.cif,-2.022244145
mp-1223934,../cifs_all/mp_1223934.cif,-1.229598148
mp-768243,../cifs_all/mp_768243.cif,-3.881705786
mp-1218357,../cifs_all/mp_1218357.cif,0.0510833
mp-4249,../cifs_all/mp_4249.cif,-1.265124398
mp-1218881,../cifs_all/mp_1218881.cif,-2.684599707
mp-1205812,../cifs_all/mp_1205812.cif,-0.801810798
mp-18040,../cifs_all/mp_18040.cif,-3.968158601
mp-1175493,../cifs_all/mp_1175493.cif,-1.605558397
mp-1215259,../cifs_all/mp_1215259.cif,-0.812859759
mp-1192273,../cifs_all/mp_1192273.cif,-0.113512301
mp-866139,../cifs_all/mp_866139.cif,-0.561818081
mp-1177596,../cifs_all/mp_1177596.cif,-1.929514021
mp-997022,../cifs_all/mp_997022.cif,-1.157919234
mp-653602,../cifs_all/mp_653602.cif,-0.909816999
mp-1043073,../cifs_all/mp_1043073.cif,-1.324327805
mp-1075610,../cifs_all/mp_1075610.cif,0.247337351785714
mp-1199631,../cifs_all/mp_1199631.cif,-3.376607574
mp-761401,../cifs_all/mp_761401.cif,-2.490691057
mp-1039055,../cifs_all/mp_1039055.cif,-0.00217378
mp-21381,../cifs_all/mp_21381.cif,-0.320556068
mp-1190623,../cifs_all/mp_1190623.cif,-1.908657818
mp-1235199,../cifs_all/mp_1235199.cif,-1.769298657
mp-771702,../cifs_all/mp_771702.cif,-2.18086644
mp-765207,../cifs_all/mp_765207.cif,-3.000462663
mp-26860,../cifs_all/mp_26860.cif,-2.296865858
mp-759978,../cifs_all/mp_759978.cif,-1.447255622
mp-2229994,../cifs_all/mp_2229994.cif,-3.450033932
mp-1395802,../cifs_all/mp_1395802.cif,-0.661453339
mp-1023164,../cifs_all/mp_1023164.cif,0.300148810631378
mp-558193,../cifs_all/mp_558193.cif,-1.570008463
mp-16227,../cifs_all/mp_16227.cif,-0.23136276
mp-1114191,../cifs_all/mp_1114191.cif,-1.049154717
mp-19198,../cifs_all/mp_19198.cif,-1.73599721
mp-715262,../cifs_all/mp_715262.cif,-1.472239333
mp-862588,../cifs_all/mp_862588.cif,-0.045281677
mp-22171,../cifs_all/mp_22171.cif,-0.291329997
mp-1348117,../cifs_all/mp_1348117.cif,-0.575744589
mp-630265,../cifs_all/mp_630265.cif,-0.701190033
mp-1516595,../cifs_all/mp_1516595.cif,-2.869249962
mp-567276,../cifs_all/mp_567276.cif,-0.110934046
mp-1207476,../cifs_all/mp_1207476.cif,-0.231343075
mp-1227284,../cifs_all/mp_1227284.cif,-3.038121873
mp-8373,../cifs_all/mp_8373.cif,0.25615217
mp-650328,../cifs_all/mp_650328.cif,-0.668733371
mp-685189,../cifs_all/mp_685189.cif,-0.092854481
mp-555696,../cifs_all/mp_555696.cif,-3.096816118
mp-27168,../cifs_all/mp_27168.cif,-1.278156058
mp-625937,../cifs_all/mp_625937.cif,-1.124033569
mp-1184710,../cifs_all/mp_1184710.cif,-0.539093589
mp-1215454,../cifs_all/mp_1215454.cif,-2.235185345
mp-707923,../cifs_all/mp_707923.cif,-0.949906523
mp-1190055,../cifs_all/mp_1190055.cif,-0.424096883
mp-766222,../cifs_all/mp_766222.cif,-3.651968182
mp-1021415,../cifs_all/mp_1021415.cif,-0.072181321
mp-1201764,../cifs_all/mp_1201764.cif,-1.541685601
mp-1183043,../cifs_all/mp_1183043.cif,-2.219989547
mp-1219538,../cifs_all/mp_1219538.cif,-1.495126538
mp-776325,../cifs_all/mp_776325.cif,-1.858111051
mp-31103,../cifs_all/mp_31103.cif,-0.148926796
mp-759177,../cifs_all/mp_759177.cif,-2.316340015
mp-1216104,../cifs_all/mp_1216104.cif,-3.369183892
mp-1221188,../cifs_all/mp_1221188.cif,-2.693682454
mp-2714972,../cifs_all/mp_2714972.cif,-2.9837515
mp-1035886,../cifs_all/mp_1035886.cif,-2.712819293
mp-734836,../cifs_all/mp_734836.cif,-0.430771158
mp-1331696,../cifs_all/mp_1331696.cif,-2.989977827
mp-864600,../cifs_all/mp_864600.cif,-0.776752618
mp-32750,../cifs_all/mp_32750.cif,-0.335948152
mp-1189377,../cifs_all/mp_1189377.cif,-0.499178936
mp-1216891,../cifs_all/mp_1216891.cif,-0.415942524
mp-1226878,../cifs_all/mp_1226878.cif,0.039806101
mp-1197748,../cifs_all/mp_1197748.cif,-0.865140268
mp-1217852,../cifs_all/mp_1217852.cif,-1.585335944
mp-2229329,../cifs_all/mp_2229329.cif,-3.016995548
mp-1213777,../cifs_all/mp_1213777.cif,-0.089139946
mp-1013736,../cifs_all/mp_1013736.cif,-0.51740777
mp-1179379,../cifs_all/mp_1179379.cif,-1.330881026
mp-1523183,../cifs_all/mp_1523183.cif,-3.029656579
mp-2219018,../cifs_all/mp_2219018.cif,-0.739178761
mp-1103423,../cifs_all/mp_1103423.cif,-1.219866999
mp-1030307,../cifs_all/mp_1030307.cif,-0.40711659
mp-1176585,../cifs_all/mp_1176585.cif,-2.280271515
mp-1179639,../cifs_all/mp_1179639.cif,0.355039354
mp-1194920,../cifs_all/mp_1194920.cif,-1.898865197
mp-1193380,../cifs_all/mp_1193380.cif,-0.93256445
mp-1192912,../cifs_all/mp_1192912.cif,-1.589775835
mp-27267,../cifs_all/mp_27267.cif,-0.388405733
mp-3821,../cifs_all/mp_3821.cif,-2.429395779
mp-11220,../cifs_all/mp_11220.cif,-0.366392015
mp-1190,../cifs_all/mp_1190.cif,-0.951561031
mp-18892,../cifs_all/mp_18892.cif,-2.775431844
mp-29393,../cifs_all/mp_29393.cif,-3.236827266
mp-1246972,../cifs_all/mp_1246972.cif,-2.376855474
mp-1225843,../cifs_all/mp_1225843.cif,-1.443407008
mp-1273264,../cifs_all/mp_1273264.cif,-2.764958348
mp-555672,../cifs_all/mp_555672.cif,-1.942648153
mp-1079008,../cifs_all/mp_1079008.cif,-1.731155109
mp-1218376,../cifs_all/mp_1218376.cif,-3.038514891
mp-17056,../cifs_all/mp_17056.cif,-2.543098924
mp-26869,../cifs_all/mp_26869.cif,-2.629845771
mp-2716441,../cifs_all/mp_2716441.cif,-2.219151893
mp-2716400,../cifs_all/mp_2716400.cif,-3.09975384
mp-1100028,../cifs_all/mp_1100028.cif,-2.843096084
mp-1045892,../cifs_all/mp_1045892.cif,-1.550672982
mp-1174347,../cifs_all/mp_1174347.cif,-1.818960914
mp-1183785,../cifs_all/mp_1183785.cif,0.022479076249998
mp-1095467,../cifs_all/mp_1095467.cif,-3.71328028
mp-983519,../cifs_all/mp_983519.cif,-0.425723403
mp-1225871,../cifs_all/mp_1225871.cif,-0.567422113
mp-18729,../cifs_all/mp_18729.cif,-2.475975886
mp-1025573,../cifs_all/mp_1025573.cif,-0.075949789
mp-761592,../cifs_all/mp_761592.cif,-1.866226082
mp-34150,../cifs_all/mp_34150.cif,-2.925857397
mp-1225590,../cifs_all/mp_1225590.cif,-0.270148161
mp-757374,../cifs_all/mp_757374.cif,-2.883943483
mp-21033,../cifs_all/mp_21033.cif,-0.857302337
mp-972517,../cifs_all/mp_972517.cif,0.07355722
mp-1100589,../cifs_all/mp_1100589.cif,-1.779498776
mp-30874,../cifs_all/mp_30874.cif,-0.668049184
mp-1210090,../cifs_all/mp_1210090.cif,0.089172789
mp-767404,../cifs_all/mp_767404.cif,-2.368476725
mp-1344934,../cifs_all/mp_1344934.cif,-1.687865445
mp-1402304,../cifs_all/mp_1402304.cif,-2.146636305
mp-1110591,../cifs_all/mp_1110591.cif,-2.5115234
mp-1214323,../cifs_all/mp_1214323.cif,-1.858255758
mp-3317,../cifs_all/mp_3317.cif,-2.528890302
mp-757745,../cifs_all/mp_757745.cif,-2.46355127
mp-21476,../cifs_all/mp_21476.cif,-0.152926892
mp-1200468,../cifs_all/mp_1200468.cif,-0.438502058
mp-849306,../cifs_all/mp_849306.cif,-2.063628062
mp-1030519,../cifs_all/mp_1030519.cif,-0.651014745
mp-770560,../cifs_all/mp_770560.cif,-2.054970088
mp-1228280,../cifs_all/mp_1228280.cif,-2.309342334
mp-1233189,../cifs_all/mp_1233189.cif,-2.412866355
mp-1247380,../cifs_all/mp_1247380.cif,0.24249801975
mp-677437,../cifs_all/mp_677437.cif,-3.127539059
mp-1226056,../cifs_all/mp_1226056.cif,-0.503141701
mp-37458,../cifs_all/mp_37458.cif,-2.284757249
mp-1245962,../cifs_all/mp_1245962.cif,-0.556358
mp-977568,../cifs_all/mp_977568.cif,-0.752581591
mp-1304218,../cifs_all/mp_1304218.cif,-1.544536442
mp-783907,../cifs_all/mp_783907.cif,-2.442558102
mp-1114007,../cifs_all/mp_1114007.cif,-1.492151209
mp-1186872,../cifs_all/mp_1186872.cif,0.6430969802083331
mp-1184045,../cifs_all/mp_1184045.cif,-2.193091548
mp-27877,../cifs_all/mp_27877.cif,-2.10427632
mp-1201893,../cifs_all/mp_1201893.cif,-2.027107501
mp-1193349,../cifs_all/mp_1193349.cif,-1.590889728
mp-1096241,../cifs_all/mp_1096241.cif,2.162930965833334
mp-628617,../cifs_all/mp_628617.cif,-2.26942187
mp-18562,../cifs_all/mp_18562.cif,-0.989946137
mp-1100601,../cifs_all/mp_1100601.cif,-1.708253292
mp-757327,../cifs_all/mp_757327.cif,-2.735079756
mp-1223148,../cifs_all/mp_1223148.cif,-2.98125654
mp-1106082,../cifs_all/mp_1106082.cif,-0.548030366
mp-752410,../cifs_all/mp_752410.cif,-2.819551101
mp-761054,../cifs_all/mp_761054.cif,-2.877998933
mp-1275198,../cifs_all/mp_1275198.cif,-2.096112719
mp-640956,../cifs_all/mp_640956.cif,-0.24807494
mp-41472,../cifs_all/mp_41472.cif,-3.222599094
mp-9262,../cifs_all/mp_9262.cif,-2.35794224
mp-1228960,../cifs_all/mp_1228960.cif,-1.048169374
mp-1185709,../cifs_all/mp_1185709.cif,-0.002874873
mp-558706,../cifs_all/mp_558706.cif,-1.144059652
mp-1094333,../cifs_all/mp_1094333.cif,0.097424685
mp-1638660,../cifs_all/mp_1638660.cif,-1.708707732
mp-9250,../cifs_all/mp_9250.cif,-1.337456629
mp-631373,../cifs_all/mp_631373.cif,1.122897118888886
mp-1035923,../cifs_all/mp_1035923.cif,-2.895795428
mp-1344789,../cifs_all/mp_1344789.cif,1.3826574535897431
mp-723059,../cifs_all/mp_723059.cif,-1.40206113
mp-1174492,../cifs_all/mp_1174492.cif,-2.118314728
mp-623058,../cifs_all/mp_623058.cif,-0.884378054
mp-623027,../cifs_all/mp_623027.cif,-0.447570795
mp-1212851,../cifs_all/mp_1212851.cif,-0.570107209
mp-1226127,../cifs_all/mp_1226127.cif,-0.418212243
mp-1016871,../cifs_all/mp_1016871.cif,-2.192400906
mp-726248,../cifs_all/mp_726248.cif,-1.605773928
mp-1224380,../cifs_all/mp_1224380.cif,-0.170533907
mp-557560,../cifs_all/mp_557560.cif,-1.475457725
mp-1188482,../cifs_all/mp_1188482.cif,-0.923375314
mp-561009,../cifs_all/mp_561009.cif,-3.025775993
mp-1401965,../cifs_all/mp_1401965.cif,-2.545540597
mp-9066,../cifs_all/mp_9066.cif,-2.199363304
mp-1223903,../cifs_all/mp_1223903.cif,0.01376546
mp-766262,../cifs_all/mp_766262.cif,-1.08704278
mp-1195415,../cifs_all/mp_1195415.cif,-2.59487766
mp-766128,../cifs_all/mp_766128.cif,-2.186798765
mp-2714688,../cifs_all/mp_2714688.cif,-2.244591392
mp-765119,../cifs_all/mp_765119.cif,-2.106807953
mp-640597,../cifs_all/mp_640597.cif,-0.73133134
mp-1040383,../cifs_all/mp_1040383.cif,-2.854386115
mp-1215058,../cifs_all/mp_1215058.cif,-2.234537174
mp-833,../cifs_all/mp_833.cif,-0.71462436
mp-542942,../cifs_all/mp_542942.cif,-0.081602035
mp-1031866,../cifs_all/mp_1031866.cif,-2.724071734
mp-1175514,../cifs_all/mp_1175514.cif,-1.627511942
mp-27363,../cifs_all/mp_27363.cif,-1.479556548
mp-1193831,../cifs_all/mp_1193831.cif,-1.30886794
mp-1086656,../cifs_all/mp_1086656.cif,-0.654681453
mp-569410,../cifs_all/mp_569410.cif,-0.65081119
mp-1218922,../cifs_all/mp_1218922.cif,-0.711055121
mp-7962,../cifs_all/mp_7962.cif,-1.524217568
mp-570123,../cifs_all/mp_570123.cif,-1.828836669
mp-1036838,../cifs_all/mp_1036838.cif,-2.942971668
mp-21882,../cifs_all/mp_21882.cif,-0.449572432
mp-1047088,../cifs_all/mp_1047088.cif,-1.671530581
mp-556980,../cifs_all/mp_556980.cif,-1.858063745
mp-755120,../cifs_all/mp_755120.cif,-2.035512455
mp-4815,../cifs_all/mp_4815.cif,-1.070856082
mp-1232109,../cifs_all/mp_1232109.cif,-2.150265233
mp-1179976,../cifs_all/mp_1179976.cif,-0.535703393
mp-1036207,../cifs_all/mp_1036207.cif,-2.879077956
mp-1032574,../cifs_all/mp_1032574.cif,-2.634017909
mp-21539,../cifs_all/mp_21539.cif,-1.881754568
mp-10654,../cifs_all/mp_10654.cif,0.046551583
mp-743742,../cifs_all/mp_743742.cif,-1.627071035
mp-1255862,../cifs_all/mp_1255862.cif,0.167502468
mp-1212224,../cifs_all/mp_1212224.cif,0.941038068000006
mp-2716194,../cifs_all/mp_2716194.cif,-2.545322189
mp-34787,../cifs_all/mp_34787.cif,-0.506803182
mp-31374,../cifs_all/mp_31374.cif,-1.35600805
mp-555792,../cifs_all/mp_555792.cif,-1.542519566
mp-1111586,../cifs_all/mp_1111586.cif,-1.305377246
mp-626046,../cifs_all/mp_626046.cif,-1.091796125
mp-556503,../cifs_all/mp_556503.cif,-1.493577436
mp-1070,../cifs_all/mp_1070.cif,-0.837606194
mp-1214544,../cifs_all/mp_1214544.cif,-0.214906561
mp-1186034,../cifs_all/mp_1186034.cif,0.054058643749999
mp-28002,../cifs_all/mp_28002.cif,-1.594594636
mp-764370,../cifs_all/mp_764370.cif,-2.582232626
mp-622521,../cifs_all/mp_622521.cif,-2.619769922
mp-1076342,../cifs_all/mp_1076342.cif,-1.694912175
mp-865420,../cifs_all/mp_865420.cif,-0.223477142
mp-1200062,../cifs_all/mp_1200062.cif,-0.292307411
mp-2713257,../cifs_all/mp_2713257.cif,-2.46491365
mp-771495,../cifs_all/mp_771495.cif,-1.827968527
mp-1409292,../cifs_all/mp_1409292.cif,-2.385386819
mp-686040,../cifs_all/mp_686040.cif,-3.536228936
mp-978828,../cifs_all/mp_978828.cif,-0.028808964
mp-1026707,../cifs_all/mp_1026707.cif,0.047097100625
mp-1310084,../cifs_all/mp_1310084.cif,-1.958036902
mp-17324,../cifs_all/mp_17324.cif,-1.397594188
mp-1178115,../cifs_all/mp_1178115.cif,-3.514136557
mp-5773,../cifs_all/mp_5773.cif,-2.18821901
mp-861601,../cifs_all/mp_861601.cif,0.047788405
mp-1307896,../cifs_all/mp_1307896.cif,-2.464775388
mp-774435,../cifs_all/mp_774435.cif,-2.666530621
mp-1228332,../cifs_all/mp_1228332.cif,-2.281407364
mp-754070,../cifs_all/mp_754070.cif,-2.627953801
mp-540783,../cifs_all/mp_540783.cif,-1.528394767
mp-2715324,../cifs_all/mp_2715324.cif,-2.816880521
mp-1078833,../cifs_all/mp_1078833.cif,-0.715287821
mp-1197677,../cifs_all/mp_1197677.cif,-0.945813558
mp-1036154,../cifs_all/mp_1036154.cif,-2.698914145
mp-861646,../cifs_all/mp_861646.cif,-0.645396565
mp-1214357,../cifs_all/mp_1214357.cif,-2.62178368
mp-979972,../cifs_all/mp_979972.cif,-0.443612779
mp-862993,../cifs_all/mp_862993.cif,-0.53145832
mp-732207,../cifs_all/mp_732207.cif,-0.637366092
mp-1207484,../cifs_all/mp_1207484.cif,0.5629941889999991
mp-1522372,../cifs_all/mp_1522372.cif,-3.056912035
mp-1239198,../cifs_all/mp_1239198.cif,-0.68471209
mp-21582,../cifs_all/mp_21582.cif,-1.469990502
mp-1202595,../cifs_all/mp_1202595.cif,-3.030644825
mp-777004,../cifs_all/mp_777004.cif,-2.368837932
mp-675638,../cifs_all/mp_675638.cif,-1.875285029
mp-1475733,../cifs_all/mp_1475733.cif,1.267115365999999
mp-978283,../cifs_all/mp_978283.cif,-0.057256858
mp-760304,../cifs_all/mp_760304.cif,-2.195350432
mp-1830250,../cifs_all/mp_1830250.cif,-1.70537727
mp-1195955,../cifs_all/mp_1195955.cif,-1.005949585
mp-776356,../cifs_all/mp_776356.cif,-1.032703557
mp-2225382,../cifs_all/mp_2225382.cif,-1.772793329
mp-1206375,../cifs_all/mp_1206375.cif,-0.483177751
mp-1226521,../cifs_all/mp_1226521.cif,0.320442205000001
mp-567454,../cifs_all/mp_567454.cif,-0.517058887
mp-1246419,../cifs_all/mp_1246419.cif,-0.626333521
mp-7064,../cifs_all/mp_7064.cif,-3.700666998
mp-1080135,../cifs_all/mp_1080135.cif,-2.003755168
mp-1237814,../cifs_all/mp_1237814.cif,-0.981801228
mp-1174865,../cifs_all/mp_1174865.cif,-1.826588241
mp-1220593,../cifs_all/mp_1220593.cif,-0.092355601
mp-2713529,../cifs_all/mp_2713529.cif,-2.449339801
mp-2715543,../cifs_all/mp_2715543.cif,-2.9168949
mp-972526,../cifs_all/mp_972526.cif,-0.698843205
mp-1227549,../cifs_all/mp_1227549.cif,-0.057636484
mp-1203888,../cifs_all/mp_1203888.cif,-2.263616155
mp-1096103,../cifs_all/mp_1096103.cif,0.703901344
mp-555778,../cifs_all/mp_555778.cif,-1.601399155
mp-1246985,../cifs_all/mp_1246985.cif,-0.338002673
mp-1193296,../cifs_all/mp_1193296.cif,-3.220281225
mp-510240,../cifs_all/mp_510240.cif,-0.630635718
mp-1069611,../cifs_all/mp_1069611.cif,-0.580645606
mp-1111770,../cifs_all/mp_1111770.cif,-1.737036065
mp-1083,../cifs_all/mp_1083.cif,-0.580901301
mp-555230,../cifs_all/mp_555230.cif,-3.136539828
mp-1205102,../cifs_all/mp_1205102.cif,-0.299529605
mp-1194590,../cifs_all/mp_1194590.cif,-1.654536883
mp-3682,../cifs_all/mp_3682.cif,-2.354061456
mp-2716127,../cifs_all/mp_2716127.cif,-2.685702437
mp-654759,../cifs_all/mp_654759.cif,-1.085787643
mp-1206253,../cifs_all/mp_1206253.cif,1.147900254218747
mp-765692,../cifs_all/mp_765692.cif,-2.188203587
mp-20669,../cifs_all/mp_20669.cif,-0.461358529
mp-758208,../cifs_all/mp_758208.cif,-2.459900935
mp-1661623,../cifs_all/mp_1661623.cif,-2.56681567
mp-768389,../cifs_all/mp_768389.cif,-2.520119709
mp-1284734,../cifs_all/mp_1284734.cif,-2.150084919
mp-1197982,../cifs_all/mp_1197982.cif,-2.140800984
mp-1226713,../cifs_all/mp_1226713.cif,-2.353163882
mp-1222850,../cifs_all/mp_1222850.cif,-3.176516272
mp-1104706,../cifs_all/mp_1104706.cif,-2.813628634
mp-1192689,../cifs_all/mp_1192689.cif,-0.806475104
mp-1172919,../cifs_all/mp_1172919.cif,-1.795109898
mp-1390652,../cifs_all/mp_1390652.cif,-3.181633748
mp-1206983,../cifs_all/mp_1206983.cif,-0.539698746
mp-1516764,../cifs_all/mp_1516764.cif,-2.418137423
mp-556544,../cifs_all/mp_556544.cif,-3.188104153
mp-777310,../cifs_all/mp_777310.cif,-2.559979962
mp-999189,../cifs_all/mp_999189.cif,0.044024415
mp-1178875,../cifs_all/mp_1178875.cif,-0.917663627
mp-759163,../cifs_all/mp_759163.cif,-2.829499852
mp-1228753,../cifs_all/mp_1228753.cif,-0.522417088
mp-866218,../cifs_all/mp_866218.cif,-0.572736534
mp-753575,../cifs_all/mp_753575.cif,-1.943595545
mp-1104829,../cifs_all/mp_1104829.cif,-0.869886231
mp-1246595,../cifs_all/mp_1246595.cif,-0.851465454
mp-4139,../cifs_all/mp_4139.cif,-1.301603242
mp-1216227,../cifs_all/mp_1216227.cif,-0.02977281
mp-1067042,../cifs_all/mp_1067042.cif,-0.015038488
mp-1235279,../cifs_all/mp_1235279.cif,-1.384390928
mp-1235848,../cifs_all/mp_1235848.cif,-3.026961455
mp-756301,../cifs_all/mp_756301.cif,-1.319261409
mp-1247249,../cifs_all/mp_1247249.cif,-1.8694998
mp-2350,../cifs_all/mp_2350.cif,-2.430412029
mp-1210662,../cifs_all/mp_1210662.cif,-0.317050445
mp-572906,../cifs_all/mp_572906.cif,-2.635036804
mp-762244,../cifs_all/mp_762244.cif,-2.289630445
mp-1023923,../cifs_all/mp_1023923.cif,0.9644220599999992
mp-778135,../cifs_all/mp_778135.cif,-2.484080384
mp-776164,../cifs_all/mp_776164.cif,-2.820392123
mp-2713114,../cifs_all/mp_2713114.cif,-2.628904626
mp-1008631,../cifs_all/mp_1008631.cif,-0.153596479
mp-2715887,../cifs_all/mp_2715887.cif,-3.084280239
mp-1246214,../cifs_all/mp_1246214.cif,-0.486753192
mp-1236195,../cifs_all/mp_1236195.cif,-3.321231714
mp-1234497,../cifs_all/mp_1234497.cif,-2.033765642
mp-1247284,../cifs_all/mp_1247284.cif,-1.251379908
mp-1224156,../cifs_all/mp_1224156.cif,-0.525042897
mp-1223206,../cifs_all/mp_1223206.cif,-2.443282929
mp-690550,../cifs_all/mp_690550.cif,-1.27172746
mp-510571,../cifs_all/mp_510571.cif,-2.792048846
mp-569128,../cifs_all/mp_569128.cif,-0.044149921
mp-1095571,../cifs_all/mp_1095571.cif,-3.172286903
mp-1227912,../cifs_all/mp_1227912.cif,-0.408541299
mp-973951,../cifs_all/mp_973951.cif,-0.687892866
mp-699535,../cifs_all/mp_699535.cif,-1.053019514
mp-763036,../cifs_all/mp_763036.cif,-2.335335036
mp-1170750,../cifs_all/mp_1170750.cif,-3.066201714
mp-1093819,../cifs_all/mp_1093819.cif,1.327008158333333
mp-756744,../cifs_all/mp_756744.cif,-2.233938329
mp-2751996,../cifs_all/mp_2751996.cif,-3.024576669
mp-1186116,../cifs_all/mp_1186116.cif,0.8468493903987061
mp-1182324,../cifs_all/mp_1182324.cif,0.5403744376923071
mp-753646,../cifs_all/mp_753646.cif,-2.157423683
mp-1214393,../cifs_all/mp_1214393.cif,-2.626178683
mp-1205140,../cifs_all/mp_1205140.cif,-0.27012813
mp-567856,../cifs_all/mp_567856.cif,-0.343551396
mp-17836,../cifs_all/mp_17836.cif,-3.436739421
mp-1200336,../cifs_all/mp_1200336.cif,-0.611700811
mp-1175287,../cifs_all/mp_1175287.cif,-2.013795966
mp-1026628,../cifs_all/mp_1026628.cif,0.32673597078125
mp-1223378,../cifs_all/mp_1223378.cif,-2.045104509
mp-7720,../cifs_all/mp_7720.cif,-0.43217875
mp-22279,../cifs_all/mp_22279.cif,-3.2100848
mp-638685,../cifs_all/mp_638685.cif,-2.291877775
mp-29974,../cifs_all/mp_29974.cif,-0.243405132
mp-1183540,../cifs_all/mp_1183540.cif,-1.802128079
mp-1093776,../cifs_all/mp_1093776.cif,1.2180170025
mp-1237229,../cifs_all/mp_1237229.cif,-2.128775448
mp-1196561,../cifs_all/mp_1196561.cif,-0.360358713
mp-1517635,../cifs_all/mp_1517635.cif,-2.254171829
mp-12724,../cifs_all/mp_12724.cif,-0.18493558
mp-764744,../cifs_all/mp_764744.cif,-3.043587386
mp-1016359,../cifs_all/mp_1016359.cif,-0.031249087
mp-1073,../cifs_all/mp_1073.cif,-0.33554151
mp-1193786,../cifs_all/mp_1193786.cif,-0.817448244
mp-1567455,../cifs_all/mp_1567455.cif,-1.93394662
mp-570491,../cifs_all/mp_570491.cif,-0.326827847
mp-1284292,../cifs_all/mp_1284292.cif,-2.217566614
mp-1178496,../cifs_all/mp_1178496.cif,-2.274434129
mp-31272,../cifs_all/mp_31272.cif,-0.870805172
mp-2437,../cifs_all/mp_2437.cif,-1.485668521
mp-1220982,../cifs_all/mp_1220982.cif,-2.867832153
mp-30810,../cifs_all/mp_30810.cif,-0.252098941
mp-684446,../cifs_all/mp_684446.cif,-2.450671255
mp-722181,../cifs_all/mp_722181.cif,-1.332888704
mp-606671,../cifs_all/mp_606671.cif,1.528665197500001
mp-1176260,../cifs_all/mp_1176260.cif,-1.793414814
mp-1104384,../cifs_all/mp_1104384.cif,-1.608051055
mp-2240517,../cifs_all/mp_2240517.cif,-1.384546252
mp-17438,../cifs_all/mp_17438.cif,-2.859179346
mp-756483,../cifs_all/mp_756483.cif,-2.180077924
mp-1212629,../cifs_all/mp_1212629.cif,-0.317377491
mp-2715313,../cifs_all/mp_2715313.cif,-2.57424424
mp-773161,../cifs_all/mp_773161.cif,-2.622512633
mp-2763178,../cifs_all/mp_2763178.cif,-1.605789345
mp-1174612,../cifs_all/mp_1174612.cif,-1.848526491
mp-585266,../cifs_all/mp_585266.cif,-2.310911361
mp-1208397,../cifs_all/mp_1208397.cif,-2.355226829
mp-773491,../cifs_all/mp_773491.cif,-1.452311323
mp-1111244,../cifs_all/mp_1111244.cif,-2.295523696
mp-555959,../cifs_all/mp_555959.cif,-1.143643408
mp-36262,../cifs_all/mp_36262.cif,-0.639116652
mp-1216504,../cifs_all/mp_1216504.cif,-2.248275459
mp-1178471,../cifs_all/mp_1178471.cif,-2.768377437
mp-1193278,../cifs_all/mp_1193278.cif,-2.579388828
mp-1221948,../cifs_all/mp_1221948.cif,-0.310530724
mp-1100406,../cifs_all/mp_1100406.cif,0.095154014
mp-654080,../cifs_all/mp_654080.cif,-1.852779946
mp-1213403,../cifs_all/mp_1213403.cif,-1.537290435
mp-1080340,../cifs_all/mp_1080340.cif,-1.71844336
mp-1197201,../cifs_all/mp_1197201.cif,-0.697010048
mp-1207666,../cifs_all/mp_1207666.cif,-0.299369165
mp-31293,../cifs_all/mp_31293.cif,-0.521666738
mp-1173235,../cifs_all/mp_1173235.cif,-2.046617602
mp-559629,../cifs_all/mp_559629.cif,-1.071368271
mp-761910,../cifs_all/mp_761910.cif,-2.398615668
mp-889,../cifs_all/mp_889.cif,-0.347215053
mp-1076669,../cifs_all/mp_1076669.cif,-2.855283012
mp-1206555,../cifs_all/mp_1206555.cif,-0.285931557
mp-1246020,../cifs_all/mp_1246020.cif,0.083275142
mp-1209614,../cifs_all/mp_1209614.cif,-0.515466584
mp-1104359,../cifs_all/mp_1104359.cif,-0.422135964
mp-989619,../cifs_all/mp_989619.cif,-0.839007972
mp-530800,../cifs_all/mp_530800.cif,-3.783583442
mp-1522515,../cifs_all/mp_1522515.cif,-2.460992675
mp-1234467,../cifs_all/mp_1234467.cif,-1.13594172
mp-554280,../cifs_all/mp_554280.cif,-3.358607931
mp-30060,../cifs_all/mp_30060.cif,-0.451707219
mp-1175103,../cifs_all/mp_1175103.cif,-1.853293326
mp-26311,../cifs_all/mp_26311.cif,-2.519766821
mp-584129,../cifs_all/mp_584129.cif,-2.485905394
mp-505528,../cifs_all/mp_505528.cif,-0.636558606
mp-1183135,../cifs_all/mp_1183135.cif,-0.688403215
mp-1097334,../cifs_all/mp_1097334.cif,0.5877975706228451
mp-1026979,../cifs_all/mp_1026979.cif,-0.653077378
mp-35527,../cifs_all/mp_35527.cif,-3.016332266
mp-1226255,../cifs_all/mp_1226255.cif,-2.237755534
mp-1383615,../cifs_all/mp_1383615.cif,-0.48278311
mp-2715397,../cifs_all/mp_2715397.cif,-2.936470217
mp-30300,../cifs_all/mp_30300.cif,-1.808024027
mp-1222500,../cifs_all/mp_1222500.cif,-0.366830747
mp-1183738,../cifs_all/mp_1183738.cif,-0.582451733
mp-1039820,../cifs_all/mp_1039820.cif,-2.843676863
mp-1217168,../cifs_all/mp_1217168.cif,-0.219050665
mp-1028410,../cifs_all/mp_1028410.cif,0.22278499
mp-2715044,../cifs_all/mp_2715044.cif,-2.530657554
mp-767678,../cifs_all/mp_767678.cif,-2.149036955
mp-568431,../cifs_all/mp_568431.cif,-0.130794548
mp-1213534,../cifs_all/mp_1213534.cif,-1.111044748
mp-1223917,../cifs_all/mp_1223917.cif,-3.064721921
mp-2714517,../cifs_all/mp_2714517.cif,-2.464630257
mp-1184688,../cifs_all/mp_1184688.cif,0.254914272500002
mp-1026860,../cifs_all/mp_1026860.cif,0.15196497
mp-2713958,../cifs_all/mp_2713958.cif,-2.938282993
mp-754619,../cifs_all/mp_754619.cif,-2.639843959
mp-1099678,../cifs_all/mp_1099678.cif,-2.055613165
mp-1220632,../cifs_all/mp_1220632.cif,-0.400345376
mp-1022631,../cifs_all/mp_1022631.cif,0.309131324
mp-1181887,../cifs_all/mp_1181887.cif,-1.250533834
mp-777862,../cifs_all/mp_777862.cif,-2.870489698
mp-1183467,../cifs_all/mp_1183467.cif,-0.580829027
mp-1104989,../cifs_all/mp_1104989.cif,-2.024767683
mp-541429,../cifs_all/mp_541429.cif,-2.697768437
mp-1094839,../cifs_all/mp_1094839.cif,-0.029219249
mp-1212294,../cifs_all/mp_1212294.cif,-0.52356041
mp-774637,../cifs_all/mp_774637.cif,-2.103372088
mp-2228178,../cifs_all/mp_2228178.cif,-2.089593515
mp-12487,../cifs_all/mp_12487.cif,-1.283459128
mp-1026911,../cifs_all/mp_1026911.cif,-0.740689711
mp-1227460,../cifs_all/mp_1227460.cif,-0.758298798
mp-17794,../cifs_all/mp_17794.cif,-0.787983689
mp-974970,../cifs_all/mp_974970.cif,0.6891168873922411
mp-1037135,../cifs_all/mp_1037135.cif,-2.803510046
mp-2713538,../cifs_all/mp_2713538.cif,-2.775081861
mp-1076439,../cifs_all/mp_1076439.cif,-2.054551607
mp-978284,../cifs_all/mp_978284.cif,-2.492951432
mp-669388,../cifs_all/mp_669388.cif,-2.79987506
mp-636212,../cifs_all/mp_636212.cif,-0.043305437
mp-13413,../cifs_all/mp_13413.cif,-0.232852197
mp-1175445,../cifs_all/mp_1175445.cif,-1.699559062
mp-1112721,../cifs_all/mp_1112721.cif,-2.484897918
mp-1218552,../cifs_all/mp_1218552.cif,-2.381200595
mp-1177153,../cifs_all/mp_1177153.cif,-2.113228977
mp-1097477,../cifs_all/mp_1097477.cif,1.472845757500001
mp-695506,../cifs_all/mp_695506.cif,-3.276742369
mp-1195523,../cifs_all/mp_1195523.cif,-1.583312885
mp-862679,../cifs_all/mp_862679.cif,-0.143206918
mp-555234,../cifs_all/mp_555234.cif,-2.511351813
mp-760939,../cifs_all/mp_760939.cif,-1.699421629
mp-734280,../cifs_all/mp_734280.cif,-1.718869043
mp-1031724,../cifs_all/mp_1031724.cif,-2.499946894
mp-1233409,../cifs_all/mp_1233409.cif,-3.543686964
mp-2714925,../cifs_all/mp_2714925.cif,-2.459471703
mp-1290956,../cifs_all/mp_1290956.cif,-2.397631725
mp-2767160,../cifs_all/mp_2767160.cif,-1.719497612
mp-1245504,../cifs_all/mp_1245504.cif,-0.324382527
mp-30043,../cifs_all/mp_30043.cif,-0.685222317
mp-759298,../cifs_all/mp_759298.cif,-2.617018413
mp-998413,../cifs_all/mp_998413.cif,-1.116294989
mp-1215776,../cifs_all/mp_1215776.cif,-0.514327812
mp-1206782,../cifs_all/mp_1206782.cif,-0.221453991
mp-1102986,../cifs_all/mp_1102986.cif,-0.950606049
mp-697305,../cifs_all/mp_697305.cif,-3.000122484
mp-1178278,../cifs_all/mp_1178278.cif,-1.569721494
mp-554075,../cifs_all/mp_554075.cif,-2.273642501
mp-631561,../cifs_all/mp_631561.cif,0.9523461230555532
mp-1039340,../cifs_all/mp_1039340.cif,-0.020063891
mp-1405246,../cifs_all/mp_1405246.cif,-1.631925571
mp-571425,../cifs_all/mp_571425.cif,-0.356669642
mp-1206937,../cifs_all/mp_1206937.cif,0.351982289
mp-250,../cifs_all/mp_250.cif,0.139275433
mp-754590,../cifs_all/mp_754590.cif,-2.00000818
mp-1034906,../cifs_all/mp_1034906.cif,-2.923274593
mp-1220762,../cifs_all/mp_1220762.cif,-3.581129525
mp-1245430,../cifs_all/mp_1245430.cif,-0.482370905
mp-601242,../cifs_all/mp_601242.cif,-1.57176473
mp-720829,../cifs_all/mp_720829.cif,-1.297634397
mp-1187036,../cifs_all/mp_1187036.cif,0.10135101875
mp-780444,../cifs_all/mp_780444.cif,-2.738944869
mp-849241,../cifs_all/mp_849241.cif,-1.482013295
mp-1220109,../cifs_all/mp_1220109.cif,-0.393394543
mp-758914,../cifs_all/mp_758914.cif,-2.51211034
mp-780791,../cifs_all/mp_780791.cif,-2.484791954
mp-27229,../cifs_all/mp_27229.cif,-1.812846898
mp-1518750,../cifs_all/mp_1518750.cif,0.745503669
mp-570706,../cifs_all/mp_570706.cif,-0.951975477
mp-1194185,../cifs_all/mp_1194185.cif,-1.565183242
mp-765137,../cifs_all/mp_765137.cif,-2.618284318
mp-1522015,../cifs_all/mp_1522015.cif,-2.781965208
mp-1189526,../cifs_all/mp_1189526.cif,-2.346346505
mp-1029231,../cifs_all/mp_1029231.cif,-0.386162469
mp-849281,../cifs_all/mp_849281.cif,-2.512433934
mp-1042689,../cifs_all/mp_1042689.cif,-2.277822098
mp-26669,../cifs_all/mp_26669.cif,-2.598325216
mp-2715713,../cifs_all/mp_2715713.cif,-2.515105559
mp-1044720,../cifs_all/mp_1044720.cif,-2.359259223
mp-559837,../cifs_all/mp_559837.cif,-1.772135223
mp-867858,../cifs_all/mp_867858.cif,-0.164512141
mp-631586,../cifs_all/mp_631586.cif,1.890622136180557
mp-777567,../cifs_all/mp_777567.cif,-2.726254751
mp-981375,../cifs_all/mp_981375.cif,0.173281896
mp-1006399,../cifs_all/mp_1006399.cif,-0.338758054
mp-1043975,../cifs_all/mp_1043975.cif,-2.622371057
mp-1221866,../cifs_all/mp_1221866.cif,-0.153660004
mp-2232271,../cifs_all/mp_2232271.cif,-2.690661458
mp-13383,../cifs_all/mp_13383.cif,-0.805521451
mp-2714502,../cifs_all/mp_2714502.cif,-3.152837232
mp-1178075,../cifs_all/mp_1178075.cif,-2.561290231
mp-646218,../cifs_all/mp_646218.cif,-1.946199658
mp-1210071,../cifs_all/mp_1210071.cif,-2.289094444
mp-1203448,../cifs_all/mp_1203448.cif,-2.507684174
mp-1696,../cifs_all/mp_1696.cif,-0.391525195
mp-734027,../cifs_all/mp_734027.cif,0.326146784615384
mp-2217537,../cifs_all/mp_2217537.cif,-1.380333144
mp-1017482,../cifs_all/mp_1017482.cif,0.144442357
mp-14380,../cifs_all/mp_14380.cif,-3.021046196
mp-1101725,../cifs_all/mp_1101725.cif,-2.433602146
mp-768872,../cifs_all/mp_768872.cif,-2.379232657
mp-983234,../cifs_all/mp_983234.cif,-0.746551768
mp-1213207,../cifs_all/mp_1213207.cif,-0.571771129
mp-1661984,../cifs_all/mp_1661984.cif,-1.068315028
mp-2228916,../cifs_all/mp_2228916.cif,-0.606593285
mp-1202918,../cifs_all/mp_1202918.cif,0.084624641
mp-775319,../cifs_all/mp_775319.cif,-1.873852402
mp-1069477,../cifs_all/mp_1069477.cif,-0.812805428
mp-1517996,../cifs_all/mp_1517996.cif,-3.013015076
mp-861629,../cifs_all/mp_861629.cif,-0.365073503
mp-1178861,../cifs_all/mp_1178861.cif,-1.757498059
mp-972549,../cifs_all/mp_972549.cif,0.005403381
mp-757863,../cifs_all/mp_757863.cif,-2.318009225
mp-10132,../cifs_all/mp_10132.cif,-0.325224368
mp-2218244,../cifs_all/mp_2218244.cif,-1.701016831
mp-30563,../cifs_all/mp_30563.cif,-0.466606567
mp-1179426,../cifs_all/mp_1179426.cif,-2.287031786
mp-1227310,../cifs_all/mp_1227310.cif,-0.482971991
mp-1113476,../cifs_all/mp_1113476.cif,-2.037025895
mp-755470,../cifs_all/mp_755470.cif,-1.029778696
mp-1227791,../cifs_all/mp_1227791.cif,-2.669661292
mp-752500,../cifs_all/mp_752500.cif,-2.196001852
mp-2228445,../cifs_all/mp_2228445.cif,-3.358019837
mp-1227689,../cifs_all/mp_1227689.cif,-2.544778031
mp-560882,../cifs_all/mp_560882.cif,-1.146464365
mp-1246629,../cifs_all/mp_1246629.cif,-1.296215299
mp-1185200,../cifs_all/mp_1185200.cif,-0.398890662
mp-1209529,../cifs_all/mp_1209529.cif,-3.14455266
mp-773252,../cifs_all/mp_773252.cif,-1.261052869
mp-27405,../cifs_all/mp_27405.cif,-2.340877144
mp-1093761,../cifs_all/mp_1093761.cif,2.904503623
mp-28895,../cifs_all/mp_28895.cif,-0.663976641
mp-1346860,../cifs_all/mp_1346860.cif,-2.290894993
mp-2217108,../cifs_all/mp_2217108.cif,-2.054038487
mp-1046724,../cifs_all/mp_1046724.cif,-2.165881506
mp-557728,../cifs_all/mp_557728.cif,-0.570816938
mp-554493,../cifs_all/mp_554493.cif,-1.722139426
mp-1235073,../cifs_all/mp_1235073.cif,-2.654990083
mp-1211046,../cifs_all/mp_1211046.cif,-0.245737401
mp-2714340,../cifs_all/mp_2714340.cif,-2.391448087
mp-2422,../cifs_all/mp_2422.cif,-0.723642761
mp-1112616,../cifs_all/mp_1112616.cif,-1.822616389
mp-1224767,../cifs_all/mp_1224767.cif,-2.929411364
mp-1185544,../cifs_all/mp_1185544.cif,-0.7549295
mp-1226103,../cifs_all/mp_1226103.cif,-0.062304636
mp-1222888,../cifs_all/mp_1222888.cif,-0.66032546
mp-1400332,../cifs_all/mp_1400332.cif,-1.250864392
mp-1223950,../cifs_all/mp_1223950.cif,-0.469180168
mp-1040512,../cifs_all/mp_1040512.cif,-2.814203826
mp-684743,../cifs_all/mp_684743.cif,-1.105485901
mp-1519554,../cifs_all/mp_1519554.cif,-3.597182151
mp-1237047,../cifs_all/mp_1237047.cif,-1.227697256
mp-1524385,../cifs_all/mp_1524385.cif,-0.175438728
mp-2713247,../cifs_all/mp_2713247.cif,-2.527087145
mp-1210451,../cifs_all/mp_1210451.cif,-0.11767107
mp-694249,../cifs_all/mp_694249.cif,-0.745977951
mp-673645,../cifs_all/mp_673645.cif,-0.649492896
mp-558864,../cifs_all/mp_558864.cif,-2.308362643
mp-1200729,../cifs_all/mp_1200729.cif,-1.046081311
mp-755680,../cifs_all/mp_755680.cif,-2.455900816
mp-770448,../cifs_all/mp_770448.cif,-3.637919208
mp-1196451,../cifs_all/mp_1196451.cif,-0.811093174
mp-8890,../cifs_all/mp_8890.cif,-0.615817549
mp-1099238,../cifs_all/mp_1099238.cif,-2.651491359
mp-1234742,../cifs_all/mp_1234742.cif,-2.394510718
mp-556301,../cifs_all/mp_556301.cif,-2.617518214
mp-546794,../cifs_all/mp_546794.cif,-3.267183893
mp-1221997,../cifs_all/mp_1221997.cif,-3.222096965
mp-1111007,../cifs_all/mp_1111007.cif,-2.414702676
mp-2716056,../cifs_all/mp_2716056.cif,-2.373479973
mp-2712926,../cifs_all/mp_2712926.cif,-2.502221417
mp-617266,../cifs_all/mp_617266.cif,-2.706064196
mp-29113,../cifs_all/mp_29113.cif,-0.461756342
mp-11229,../cifs_all/mp_11229.cif,-0.437834095
mp-2229633,../cifs_all/mp_2229633.cif,-1.936429293
mp-1224088,../cifs_all/mp_1224088.cif,-0.388410382
mp-1221642,../cifs_all/mp_1221642.cif,-0.430455264
mp-1215795,../cifs_all/mp_1215795.cif,-0.671799815
mp-1195211,../cifs_all/mp_1195211.cif,-1.032657831
mp-1209945,../cifs_all/mp_1209945.cif,-2.616981507
mp-2375,../cifs_all/mp_2375.cif,-0.734781407
mp-773965,../cifs_all/mp_773965.cif,-2.732932651
mp-973881,../cifs_all/mp_973881.cif,0.038303421875003
mp-997016,../cifs_all/mp_997016.cif,-0.256371373
mp-1237495,../cifs_all/mp_1237495.cif,-1.913391334
mp-1219573,../cifs_all/mp_1219573.cif,-2.04118973
mp-768690,../cifs_all/mp_768690.cif,-2.379427515
mp-557027,../cifs_all/mp_557027.cif,-2.974367648
mp-1030319,../cifs_all/mp_1030319.cif,-0.301468154
mp-604008,../cifs_all/mp_604008.cif,-0.60282536
mp-766462,../cifs_all/mp_766462.cif,-2.41179773
mp-849461,../cifs_all/mp_849461.cif,-1.727587089
mp-1028214,../cifs_all/mp_1028214.cif,0.057867486041667
mp-1102807,../cifs_all/mp_1102807.cif,-1.1203968
mp-10014,../cifs_all/mp_10014.cif,-1.381073649
mp-1207969,../cifs_all/mp_1207969.cif,0.304877281
mp-1182530,../cifs_all/mp_1182530.cif,-1.418040327
mp-1221286,../cifs_all/mp_1221286.cif,-2.121204456
mp-2925199,../cifs_all/mp_2925199.cif,0.7782254659375001
mp-1199270,../cifs_all/mp_1199270.cif,-0.938135888
mp-1205222,../cifs_all/mp_1205222.cif,-0.635263411
mp-1048391,../cifs_all/mp_1048391.cif,-1.680752649
mp-1232424,../cifs_all/mp_1232424.cif,-0.084720899
mp-1213113,../cifs_all/mp_1213113.cif,-0.992800014
mp-758389,../cifs_all/mp_758389.cif,-1.802372065
mp-1199703,../cifs_all/mp_1199703.cif,-0.496696801
mp-1266342,../cifs_all/mp_1266342.cif,-3.134642929
mp-1212316,../cifs_all/mp_1212316.cif,-0.877558798
mp-32777,../cifs_all/mp_32777.cif,-2.18043768
mp-677017,../cifs_all/mp_677017.cif,-1.075971277
mp-1172964,../cifs_all/mp_1172964.cif,-2.490059866
mp-1196361,../cifs_all/mp_1196361.cif,-0.739836615
mp-1406912,../cifs_all/mp_1406912.cif,-2.31527734
mp-761840,../cifs_all/mp_761840.cif,-3.601691295
mp-1043494,../cifs_all/mp_1043494.cif,-1.864030221
mp-1519985,../cifs_all/mp_1519985.cif,-2.948251589
mp-1111504,../cifs_all/mp_1111504.cif,-2.112760153
mp-1196900,../cifs_all/mp_1196900.cif,-0.352728211
mp-1213665,../cifs_all/mp_1213665.cif,-0.931456004
mp-555863,../cifs_all/mp_555863.cif,-2.43231321
mp-571505,../cifs_all/mp_571505.cif,-0.124513366
mp-1018747,../cifs_all/mp_1018747.cif,-1.485974082
mp-1113232,../cifs_all/mp_1113232.cif,-1.454606304
mp-1188828,../cifs_all/mp_1188828.cif,-1.705220712
mp-1188631,../cifs_all/mp_1188631.cif,-1.259802855
mp-864996,../cifs_all/mp_864996.cif,-0.034252295
mp-1038575,../cifs_all/mp_1038575.cif,-2.813655144
mp-1175706,../cifs_all/mp_1175706.cif,-1.79809139
mp-1219961,../cifs_all/mp_1219961.cif,-0.155034023
mp-1196631,../cifs_all/mp_1196631.cif,-0.683969215
mp-1198962,../cifs_all/mp_1198962.cif,-1.47371581
mp-1110900,../cifs_all/mp_1110900.cif,-2.057740444
mp-1025241,../cifs_all/mp_1025241.cif,-0.383059566
mp-1187819,../cifs_all/mp_1187819.cif,-0.453153499
mp-1207530,../cifs_all/mp_1207530.cif,-0.425707618
mp-999187,../cifs_all/mp_999187.cif,0.749274129
mp-1228453,../cifs_all/mp_1228453.cif,-1.910638825
mp-603128,../cifs_all/mp_603128.cif,-2.559275994
mp-760848,../cifs_all/mp_760848.cif,-1.7919419
mp-560110,../cifs_all/mp_560110.cif,-3.621842083
mp-16241,../cifs_all/mp_16241.cif,-0.631385557
mp-1211504,../cifs_all/mp_1211504.cif,-1.206837612
mp-765010,../cifs_all/mp_765010.cif,-2.520597599
mp-2714192,../cifs_all/mp_2714192.cif,-2.875676281
mp-1181186,../cifs_all/mp_1181186.cif,0.454193385
mp-1105841,../cifs_all/mp_1105841.cif,-0.315162201
mp-1031681,../cifs_all/mp_1031681.cif,-2.288089168
mp-1227754,../cifs_all/mp_1227754.cif,-2.653353717
mp-1235737,../cifs_all/mp_1235737.cif,-1.17854116
mp-1247223,../cifs_all/mp_1247223.cif,0.09333465
mp-1247784,../cifs_all/mp_1247784.cif,-1.166100383
mp-768996,../cifs_all/mp_768996.cif,-1.709100614
mp-2896844,../cifs_all/mp_2896844.cif,-0.043079134
mp-770974,../cifs_all/mp_770974.cif,-2.041322726
mp-758280,../cifs_all/mp_758280.cif,-2.047619092
mp-1186486,../cifs_all/mp_1186486.cif,-0.661072997
mp-13591,../cifs_all/mp_13591.cif,-0.144481168
mp-1223540,../cifs_all/mp_1223540.cif,-2.89111457
mp-1206284,../cifs_all/mp_1206284.cif,-1.297073145
mp-1044320,../cifs_all/mp_1044320.cif,-2.156246741
mp-1220464,../cifs_all/mp_1220464.cif,-0.505990048
mp-12495,../cifs_all/mp_12495.cif,-1.290242505
mp-1226857,../cifs_all/mp_1226857.cif,-0.277464798
mp-1195243,../cifs_all/mp_1195243.cif,0.002923477
mp-685013,../cifs_all/mp_685013.cif,-1.20875796
mp-1192289,../cifs_all/mp_1192289.cif,-1.510233352
mp-1035940,../cifs_all/mp_1035940.cif,-2.977195537
mp-1094553,../cifs_all/mp_1094553.cif,-0.196271515
mp-768163,../cifs_all/mp_768163.cif,-1.011135983
mp-28767,../cifs_all/mp_28767.cif,-0.596811631
mp-1219956,../cifs_all/mp_1219956.cif,0.034246146666668
mp-1178513,../cifs_all/mp_1178513.cif,-2.586822249
mp-772342,../cifs_all/mp_772342.cif,-2.870395381
mp-1042627,../cifs_all/mp_1042627.cif,-2.111772137
mp-1100671,../cifs_all/mp_1100671.cif,-1.822911491
mp-1522074,../cifs_all/mp_1522074.cif,-2.810496332
mp-557687,../cifs_all/mp_557687.cif,-1.178893533
mp-1196249,../cifs_all/mp_1196249.cif,-0.601745236
mp-8582,../cifs_all/mp_8582.cif,-0.975625417
mp-13364,../cifs_all/mp_13364.cif,-0.277660931
mp-1075403,../cifs_all/mp_1075403.cif,0.150032136363636
mp-23217,../cifs_all/mp_23217.cif,-0.222822743
mp-19369,../cifs_all/mp_19369.cif,-3.091858371
mp-1226938,../cifs_all/mp_1226938.cif,-0.699173786
mp-686109,../cifs_all/mp_686109.cif,-0.283368355
mp-1182950,../cifs_all/mp_1182950.cif,-0.168058644
mp-1079201,../cifs_all/mp_1079201.cif,0.180655175
mp-983062,../cifs_all/mp_983062.cif,0.068274167
mp-776966,../cifs_all/mp_776966.cif,-0.581431389
mp-780722,../cifs_all/mp_780722.cif,-2.958092745
mp-1214405,../cifs_all/mp_1214405.cif,-1.053066319
mp-1245113,../cifs_all/mp_1245113.cif,-1.853587141
mp-1223017,../cifs_all/mp_1223017.cif,-2.840886546
mp-997014,../cifs_all/mp_997014.cif,-0.95284197
mp-623814,../cifs_all/mp_623814.cif,-0.793466868
mp-1074833,../cifs_all/mp_1074833.cif,0.089101731
mp-1518286,../cifs_all/mp_1518286.cif,-2.62113745
mp-17036,../cifs_all/mp_17036.cif,-0.9011359
mp-1185626,../cifs_all/mp_1185626.cif,0.00264223
mp-624397,../cifs_all/mp_624397.cif,-0.27418349
mp-26040,../cifs_all/mp_26040.cif,-2.364647777
mp-1185449,../cifs_all/mp_1185449.cif,-0.264868991
mp-1063927,../cifs_all/mp_1063927.cif,0.006619857
mp-1975342,../cifs_all/mp_1975342.cif,-2.444027456
mp-2228473,../cifs_all/mp_2228473.cif,-0.918355225
mp-1228241,../cifs_all/mp_1228241.cif,-2.529088224
mp-1178415,../cifs_all/mp_1178415.cif,-2.607016443
mp-1112195,../cifs_all/mp_1112195.cif,-2.435087269
mp-760230,../cifs_all/mp_760230.cif,-2.339283811
mp-756463,../cifs_all/mp_756463.cif,-2.381617957
mp-1225679,../cifs_all/mp_1225679.cif,-0.614644651
mp-1196509,../cifs_all/mp_1196509.cif,-1.296823169
mp-754655,../cifs_all/mp_754655.cif,-2.794765508
mp-558613,../cifs_all/mp_558613.cif,-0.960134614
mp-2714000,../cifs_all/mp_2714000.cif,-2.772396967
mp-642322,../cifs_all/mp_642322.cif,-0.341249694
mp-1198181,../cifs_all/mp_1198181.cif,-0.643071395
mp-1079935,../cifs_all/mp_1079935.cif,-0.574393054
mp-1215984,../cifs_all/mp_1215984.cif,-0.877791247
mp-714851,../cifs_all/mp_714851.cif,-1.314796826
mp-10318,../cifs_all/mp_10318.cif,-0.728132351
mp-758025,../cifs_all/mp_758025.cif,-1.501043312
mp-1093753,../cifs_all/mp_1093753.cif,0.592387837
mp-2712997,../cifs_all/mp_2712997.cif,-2.545804683
mp-641010,../cifs_all/mp_641010.cif,-1.879112278
mp-630714,../cifs_all/mp_630714.cif,-1.993565026
mp-780777,../cifs_all/mp_780777.cif,-2.110972946
mp-16922,../cifs_all/mp_16922.cif,-0.962356391
mp-1209006,../cifs_all/mp_1209006.cif,-0.626458735
mp-768976,../cifs_all/mp_768976.cif,-2.265539589
mp-561419,../cifs_all/mp_561419.cif,-1.097302537
mp-757262,../cifs_all/mp_757262.cif,-2.597164727
mp-1234375,../cifs_all/mp_1234375.cif,-0.86107921
mp-560620,../cifs_all/mp_560620.cif,-3.280782184
mp-1191105,../cifs_all/mp_1191105.cif,0.273914249
mp-1173546,../cifs_all/mp_1173546.cif,-2.644328347
mp-1225045,../cifs_all/mp_1225045.cif,-0.457159197
mp-1221294,../cifs_all/mp_1221294.cif,-2.608163161
mp-1188601,../cifs_all/mp_1188601.cif,-0.587281194
mp-20683,../cifs_all/mp_20683.cif,-0.189889616
mp-1235570,../cifs_all/mp_1235570.cif,-3.136633115
mp-1226312,../cifs_all/mp_1226312.cif,-3.228650996
mp-1223896,../cifs_all/mp_1223896.cif,0.8532223658333311
mp-616141,../cifs_all/mp_616141.cif,-0.367388875
mp-2229747,../cifs_all/mp_2229747.cif,-2.80552155
mp-1184659,../cifs_all/mp_1184659.cif,-0.575618619
mp-1034191,../cifs_all/mp_1034191.cif,-2.868070437
mp-734059,../cifs_all/mp_734059.cif,-0.240819055
mp-608461,../cifs_all/mp_608461.cif,-2.671728894
mp-26501,../cifs_all/mp_26501.cif,-2.59079411
mp-20883,../cifs_all/mp_20883.cif,0.03446096375
mp-557743,../cifs_all/mp_557743.cif,-3.858754483
mp-1211941,../cifs_all/mp_1211941.cif,-2.522992792
mp-1173608,../cifs_all/mp_1173608.cif,-3.033239187
mp-1190514,../cifs_all/mp_1190514.cif,-0.064472622
mp-1208344,../cifs_all/mp_1208344.cif,-0.407897673
mp-1210871,../cifs_all/mp_1210871.cif,-1.322709253
mp-562513,../cifs_all/mp_562513.cif,-3.010109102
mp-1190137,../cifs_all/mp_1190137.cif,-0.789825462
mp-1104566,../cifs_all/mp_1104566.cif,0.072289697
mp-651155,../cifs_all/mp_651155.cif,-0.422683519
mp-558347,../cifs_all/mp_558347.cif,-2.882499322
mp-1190181,../cifs_all/mp_1190181.cif,-2.638131707
mp-1285073,../cifs_all/mp_1285073.cif,-1.915727282
mp-570768,../cifs_all/mp_570768.cif,-0.477114812
mp-1951789,../cifs_all/mp_1951789.cif,-0.026383325
mp-1209930,../cifs_all/mp_1209930.cif,-0.697662276
mp-1211566,../cifs_all/mp_1211566.cif,-0.755757788
mp-1045459,../cifs_all/mp_1045459.cif,-2.891221381
mp-1349963,../cifs_all/mp_1349963.cif,-2.475839204
mp-569416,../cifs_all/mp_569416.cif,0.002100891
mp-642682,../cifs_all/mp_642682.cif,-1.457636697
mp-1181796,../cifs_all/mp_1181796.cif,-0.717617242
mp-752634,../cifs_all/mp_752634.cif,-2.804580877
mp-728315,../cifs_all/mp_728315.cif,0.311694143
mp-1194628,../cifs_all/mp_1194628.cif,-0.928790011
mp-1211206,../cifs_all/mp_1211206.cif,-0.523573297
mp-1223106,../cifs_all/mp_1223106.cif,-3.429486944
mp-1305278,../cifs_all/mp_1305278.cif,-2.065899651
mp-1029143,../cifs_all/mp_1029143.cif,-0.33200608
mp-772157,../cifs_all/mp_772157.cif,-2.976760086
mp-30430,../cifs_all/mp_30430.cif,0.055066788181817
mp-560480,../cifs_all/mp_560480.cif,-3.485029353
mp-1224518,../cifs_all/mp_1224518.cif,-1.9068979
mp-28929,../cifs_all/mp_28929.cif,-2.107829651
mp-764436,../cifs_all/mp_764436.cif,-1.873110713
mp-738675,../cifs_all/mp_738675.cif,-0.176750912
mp-1224933,../cifs_all/mp_1224933.cif,-0.208023576
mp-2237160,../cifs_all/mp_2237160.cif,-1.5776
mp-1173982,../cifs_all/mp_1173982.cif,-1.668766229
mp-2714809,../cifs_all/mp_2714809.cif,-2.420100875
mp-1198018,../cifs_all/mp_1198018.cif,-0.702074179
mp-1208585,../cifs_all/mp_1208585.cif,-2.499500134
mp-863660,../cifs_all/mp_863660.cif,-0.416098044
mp-1233828,../cifs_all/mp_1233828.cif,-1.67684725
mp-1195689,../cifs_all/mp_1195689.cif,-0.615750331
mp-1103387,../cifs_all/mp_1103387.cif,-3.432028377
mp-644533,../cifs_all/mp_644533.cif,-0.584841633
mp-1191767,../cifs_all/mp_1191767.cif,-1.571262005
mp-602,../cifs_all/mp_602.cif,-0.307371767
mp-21156,../cifs_all/mp_21156.cif,-0.296451882
mp-1187507,../cifs_all/mp_1187507.cif,-0.408357219
mp-1104333,../cifs_all/mp_1104333.cif,-0.759837909
mp-540636,../cifs_all/mp_540636.cif,-2.65028594
mp-1251595,../cifs_all/mp_1251595.cif,1.418598381375002
mp-754870,../cifs_all/mp_754870.cif,-1.755058312
mp-1245820,../cifs_all/mp_1245820.cif,0.125178412361112
mp-1218632,../cifs_all/mp_1218632.cif,-3.11601074
mp-1207432,../cifs_all/mp_1207432.cif,-0.32816035
mp-1114037,../cifs_all/mp_1114037.cif,-2.459143542
mp-1016063,../cifs_all/mp_1016063.cif,-0.054033927
mp-2218748,../cifs_all/mp_2218748.cif,-1.425165175
mp-1194592,../cifs_all/mp_1194592.cif,-0.753021276
mp-646579,../cifs_all/mp_646579.cif,-2.150593875
mp-768656,../cifs_all/mp_768656.cif,-1.888753403
mp-1519524,../cifs_all/mp_1519524.cif,-2.907371294
mp-764875,../cifs_all/mp_764875.cif,-2.247327594
mp-2713090,../cifs_all/mp_2713090.cif,-2.988924704
mp-2240838,../cifs_all/mp_2240838.cif,-2.797104347
mp-567712,../cifs_all/mp_567712.cif,-0.580271132
mp-1392021,../cifs_all/mp_1392021.cif,-0.776262421
mp-7910,../cifs_all/mp_7910.cif,-0.477004048
mp-1025460,../cifs_all/mp_1025460.cif,-3.984790553
mp-2210604,../cifs_all/mp_2210604.cif,-2.586974527
mp-698329,../cifs_all/mp_698329.cif,-0.986103947
mp-2229075,../cifs_all/mp_2229075.cif,-2.275311755
mp-776124,../cifs_all/mp_776124.cif,-2.132457079
mp-780877,../cifs_all/mp_780877.cif,-2.450191474
mp-764967,../cifs_all/mp_764967.cif,-2.619705708
mp-11522,../cifs_all/mp_11522.cif,-0.185863532
mp-14432,../cifs_all/mp_14432.cif,-0.729939634
mp-2226443,../cifs_all/mp_2226443.cif,-2.239503349
mp-865885,../cifs_all/mp_865885.cif,-0.277550002
mp-1174530,../cifs_all/mp_1174530.cif,-1.889041153
mp-1048301,../cifs_all/mp_1048301.cif,-3.04963151
mp-1178932,../cifs_all/mp_1178932.cif,0.054095453
mp-1096951,../cifs_all/mp_1096951.cif,-0.149949711
mp-1211870,../cifs_all/mp_1211870.cif,-2.537206744
mp-1209273,../cifs_all/mp_1209273.cif,-3.008474705
mp-1224810,../cifs_all/mp_1224810.cif,-0.252100487
mp-24559,../cifs_all/mp_24559.cif,-1.475312005
mp-760073,../cifs_all/mp_760073.cif,-2.184654288
mp-1221805,../cifs_all/mp_1221805.cif,-0.657467052
mp-865176,../cifs_all/mp_865176.cif,-0.088264962
mp-1221305,../cifs_all/mp_1221305.cif,-1.731969815
mp-768846,../cifs_all/mp_768846.cif,-1.647522417
mp-1213085,../cifs_all/mp_1213085.cif,-3.699462831
mp-1037944,../cifs_all/mp_1037944.cif,-2.869488344
mp-1219276,../cifs_all/mp_1219276.cif,-0.991836948
mp-676650,../cifs_all/mp_676650.cif,-1.263014475
mp-1195797,../cifs_all/mp_1195797.cif,-1.988956131
mp-558465,../cifs_all/mp_558465.cif,-2.728553837
mp-1022457,../cifs_all/mp_1022457.cif,0.247183677708333
mp-1182594,../cifs_all/mp_1182594.cif,-0.711059851
mp-851082,../cifs_all/mp_851082.cif,-1.701877558
mp-866315,../cifs_all/mp_866315.cif,-0.329018088
mp-1073604,../cifs_all/mp_1073604.cif,0.130135727
mp-1216691,../cifs_all/mp_1216691.cif,-0.742509563
mp-17385,../cifs_all/mp_17385.cif,-1.93519335
mp-1404693,../cifs_all/mp_1404693.cif,-2.137340402
mp-1193816,../cifs_all/mp_1193816.cif,-0.351175636
mp-1184970,../cifs_all/mp_1184970.cif,-0.416244851
mp-762163,../cifs_all/mp_762163.cif,-2.470161346
mp-1096170,../cifs_all/mp_1096170.cif,3.182117108479161
mp-1246545,../cifs_all/mp_1246545.cif,0.123168947
mp-1217666,../cifs_all/mp_1217666.cif,0.009506405
mp-1103691,../cifs_all/mp_1103691.cif,-0.391305977
mp-2229810,../cifs_all/mp_2229810.cif,-2.895023216
mp-2712591,../cifs_all/mp_2712591.cif,-2.647655677
mp-1178268,../cifs_all/mp_1178268.cif,-3.613716829
mp-1208056,../cifs_all/mp_1208056.cif,-0.834067574
mp-29724,../cifs_all/mp_29724.cif,-0.270806558
mp-1185120,../cifs_all/mp_1185120.cif,0.034306214
mp-753286,../cifs_all/mp_753286.cif,-1.90929204
mp-778930,../cifs_all/mp_778930.cif,-2.653687434
mp-698365,../cifs_all/mp_698365.cif,-1.049098364
mp-1960,../cifs_all/mp_1960.cif,-2.061597914
mp-1192998,../cifs_all/mp_1192998.cif,-0.382811259
mp-1208931,../cifs_all/mp_1208931.cif,-2.164430833
mp-1096782,../cifs_all/mp_1096782.cif,-2.592685414
mp-1018275,../cifs_all/mp_1018275.cif,-0.374715666
mp-1196389,../cifs_all/mp_1196389.cif,-2.953340077
mp-1042371,../cifs_all/mp_1042371.cif,-2.082302085
mp-2715441,../cifs_all/mp_2715441.cif,-2.643764714
mp-572951,../cifs_all/mp_572951.cif,-2.905090862
mp-1182012,../cifs_all/mp_1182012.cif,-1.267133085
mp-1185234,../cifs_all/mp_1185234.cif,-0.080442468
mp-1232392,../cifs_all/mp_1232392.cif,-2.088028035
mp-1522014,../cifs_all/mp_1522014.cif,-1.390185191
mp-1183871,../cifs_all/mp_1183871.cif,-2.319726068
mp-504265,../cifs_all/mp_504265.cif,-1.887335597
mp-1224674,../cifs_all/mp_1224674.cif,-3.688386687
mp-1073992,../cifs_all/mp_1073992.cif,0.127720176
mp-2210742,../cifs_all/mp_2210742.cif,-2.074665612
mp-1101824,../cifs_all/mp_1101824.cif,-0.997992649
mp-781009,../cifs_all/mp_781009.cif,-2.613680337
mp-760173,../cifs_all/mp_760173.cif,-2.299582379
mp-1047792,../cifs_all/mp_1047792.cif,-1.914842039
mp-1205920,../cifs_all/mp_1205920.cif,-0.73517101
mp-1191267,../cifs_all/mp_1191267.cif,-0.388566393
mp-571331,../cifs_all/mp_571331.cif,-0.663477596
mp-759261,../cifs_all/mp_759261.cif,-2.308128167
mp-1177344,../cifs_all/mp_1177344.cif,-2.068635312
mp-864624,../cifs_all/mp_864624.cif,-0.672656846
mp-1224476,../cifs_all/mp_1224476.cif,-0.379562236
mp-1220154,../cifs_all/mp_1220154.cif,-2.057302014
mp-774509,../cifs_all/mp_774509.cif,-2.330881325
mp-1224929,../cifs_all/mp_1224929.cif,-1.775721365
mp-1177899,../cifs_all/mp_1177899.cif,-3.008073329
mp-707293,../cifs_all/mp_707293.cif,-1.421505996
mp-865001,../cifs_all/mp_865001.cif,-0.564750781
mp-2215987,../cifs_all/mp_2215987.cif,-1.370486228
mp-686139,../cifs_all/mp_686139.cif,-1.687846979
mp-17262,../cifs_all/mp_17262.cif,-1.790317039
mp-723385,../cifs_all/mp_723385.cif,0.255845404499999
mp-1035572,../cifs_all/mp_1035572.cif,-2.635402295
mp-977143,../cifs_all/mp_977143.cif,-0.190167862
mp-1519698,../cifs_all/mp_1519698.cif,-2.409058104
mp-1176587,../cifs_all/mp_1176587.cif,-2.46972089
mp-1185391,../cifs_all/mp_1185391.cif,-0.206799297
mp-558376,../cifs_all/mp_558376.cif,-1.794531013
mp-1191806,../cifs_all/mp_1191806.cif,-0.245805383
mp-776849,../cifs_all/mp_776849.cif,-2.1874707
mp-3376,../cifs_all/mp_3376.cif,-2.779963078
mp-640889,../cifs_all/mp_640889.cif,-0.61850595
mp-6328,../cifs_all/mp_6328.cif,-1.225238071
mp-1223543,../cifs_all/mp_1223543.cif,-1.40310813
mp-1179366,../cifs_all/mp_1179366.cif,0.6521483458974341
mp-1177487,../cifs_all/mp_1177487.cif,-1.915420084
mp-752620,../cifs_all/mp_752620.cif,-2.449319338
mp-1210956,../cifs_all/mp_1210956.cif,-0.673205394
mp-1187394,../cifs_all/mp_1187394.cif,0.223042142499995
mp-18831,../cifs_all/mp_18831.cif,-2.868369052
mp-1185422,../cifs_all/mp_1185422.cif,-0.164231135
mp-1181100,../cifs_all/mp_1181100.cif,-0.87095617
mp-1409205,../cifs_all/mp_1409205.cif,-1.393639527
mp-756795,../cifs_all/mp_756795.cif,-1.411825866
mp-1523222,../cifs_all/mp_1523222.cif,-1.781921516
mp-9680,../cifs_all/mp_9680.cif,-0.980602048
mp-1111856,../cifs_all/mp_1111856.cif,-2.597276491
mp-1101467,../cifs_all/mp_1101467.cif,-2.443044485
mp-1111605,../cifs_all/mp_1111605.cif,-1.274553332
mp-1211534,../cifs_all/mp_1211534.cif,-1.091347222
mp-1044359,../cifs_all/mp_1044359.cif,-1.765024969
mp-649957,../cifs_all/mp_649957.cif,-1.477358776
mp-1203502,../cifs_all/mp_1203502.cif,-2.032570902
mp-764886,../cifs_all/mp_764886.cif,-2.648319202
mp-625275,../cifs_all/mp_625275.cif,-1.376687483
mp-15820,../cifs_all/mp_15820.cif,-0.707976047
mp-1111003,../cifs_all/mp_1111003.cif,-3.087698711
mp-2152,../cifs_all/mp_2152.cif,-0.311606002
mp-1112443,../cifs_all/mp_1112443.cif,-2.006621741
mp-19717,../cifs_all/mp_19717.cif,-0.5038299
mp-1522304,../cifs_all/mp_1522304.cif,-2.63357527
mp-30126,../cifs_all/mp_30126.cif,-1.273449396
mp-698576,../cifs_all/mp_698576.cif,-2.433788876
mp-760037,../cifs_all/mp_760037.cif,-2.73403167
mp-2715303,../cifs_all/mp_2715303.cif,-3.073533131
mp-1227403,../cifs_all/mp_1227403.cif,-0.407621485
mp-975129,../cifs_all/mp_975129.cif,0.0100232525
mp-651154,../cifs_all/mp_651154.cif,-1.594159398
mp-765159,../cifs_all/mp_765159.cif,-2.172763342
mp-30473,../cifs_all/mp_30473.cif,-0.584581634
mp-780448,../cifs_all/mp_780448.cif,-2.825480508
mp-1183273,../cifs_all/mp_1183273.cif,-0.206038515
mp-1036975,../cifs_all/mp_1036975.cif,-2.916148088
mp-1246682,../cifs_all/mp_1246682.cif,-1.321667653
mp-1207262,../cifs_all/mp_1207262.cif,-1.6153297
mp-697523,../cifs_all/mp_697523.cif,-1.879297767
mp-752695,../cifs_all/mp_752695.cif,-1.871130288
mp-1443123,../cifs_all/mp_1443123.cif,-1.245500108
mp-555814,../cifs_all/mp_555814.cif,-1.893765147
mp-675271,../cifs_all/mp_675271.cif,-1.220164252
mp-2759927,../cifs_all/mp_2759927.cif,-2.002518772
mp-1110965,../cifs_all/mp_1110965.cif,-1.184178091
mp-1218226,../cifs_all/mp_1218226.cif,-2.643832135
mp-542099,../cifs_all/mp_542099.cif,-1.50202556
mp-1247019,../cifs_all/mp_1247019.cif,0.387948053888894
mp-20719,../cifs_all/mp_20719.cif,-0.542237623
mp-1234554,../cifs_all/mp_1234554.cif,-2.63045575
mp-2232693,../cifs_all/mp_2232693.cif,-1.673033014
mp-31361,../cifs_all/mp_31361.cif,-2.121622473
mp-1186059,../cifs_all/mp_1186059.cif,1.037157192586207
mp-1224430,../cifs_all/mp_1224430.cif,-0.272989803
mp-1221888,../cifs_all/mp_1221888.cif,0.04919483476293
mp-865520,../cifs_all/mp_865520.cif,-0.70956433
mp-753023,../cifs_all/mp_753023.cif,-2.668813628
mp-1041772,../cifs_all/mp_1041772.cif,-2.226870958
mp-17350,../cifs_all/mp_17350.cif,-3.003671611
mp-1227562,../cifs_all/mp_1227562.cif,-0.429319546
mp-1215599,../cifs_all/mp_1215599.cif,-0.844573557
mp-849555,../cifs_all/mp_849555.cif,-2.447466697
mp-30543,../cifs_all/mp_30543.cif,-0.376826864
mp-20761,../cifs_all/mp_20761.cif,-0.602897625
mp-42022,../cifs_all/mp_42022.cif,-3.359053139
mp-865118,../cifs_all/mp_865118.cif,-0.581431138
mp-1183156,../cifs_all/mp_1183156.cif,0.228924862500001
mp-755379,../cifs_all/mp_755379.cif,-2.41371604
mp-1206034,../cifs_all/mp_1206034.cif,-0.39397636
mp-561385,../cifs_all/mp_561385.cif,-2.378653412
mp-20941,../cifs_all/mp_20941.cif,-0.302536639
mp-1013842,../cifs_all/mp_1013842.cif,-1.946435316
mp-2232540,../cifs_all/mp_2232540.cif,-1.767355614
mp-2218902,../cifs_all/mp_2218902.cif,-0.489184995
mp-604537,../cifs_all/mp_604537.cif,-0.419992976
mp-1188002,../cifs_all/mp_1188002.cif,-0.585212775
mp-17133,../cifs_all/mp_17133.cif,-1.033622193
mp-1394172,../cifs_all/mp_1394172.cif,-1.635348241
mp-560863,../cifs_all/mp_560863.cif,-2.152323823
mp-753484,../cifs_all/mp_753484.cif,-2.554056735
mp-5433,../cifs_all/mp_5433.cif,-3.044785704
mp-759752,../cifs_all/mp_759752.cif,-3.13787325
mp-555254,../cifs_all/mp_555254.cif,-0.787010772
mp-1219250,../cifs_all/mp_1219250.cif,-1.826128299
mp-1190517,../cifs_all/mp_1190517.cif,-2.448658156
mp-1227222,../cifs_all/mp_1227222.cif,-0.007092235
mp-1234008,../cifs_all/mp_1234008.cif,-2.719415459
mp-505090,../cifs_all/mp_505090.cif,-1.122537281
mp-554737,../cifs_all/mp_554737.cif,-1.600558953
mp-27834,../cifs_all/mp_27834.cif,-1.186853145
mp-1233587,../cifs_all/mp_1233587.cif,-1.534723967
mp-1040161,../cifs_all/mp_1040161.cif,-2.861505177
mp-1184543,../cifs_all/mp_1184543.cif,-0.31449813
mp-1187512,../cifs_all/mp_1187512.cif,-0.312750682
mp-1104753,../cifs_all/mp_1104753.cif,-1.073694968
mp-1147772,../cifs_all/mp_1147772.cif,-1.861984041
mp-10520,../cifs_all/mp_10520.cif,-3.417164428
mp-556859,../cifs_all/mp_556859.cif,-0.634549018
mp-764326,../cifs_all/mp_764326.cif,-1.444204812
mp-1226502,../cifs_all/mp_1226502.cif,-2.304540926
mp-556812,../cifs_all/mp_556812.cif,-2.977546089
mp-1217132,../cifs_all/mp_1217132.cif,-0.821868218
mp-1210370,../cifs_all/mp_1210370.cif,0.349767163
mp-1518061,../cifs_all/mp_1518061.cif,-2.527751799
mp-1220642,../cifs_all/mp_1220642.cif,-0.950354655
mp-30358,../cifs_all/mp_30358.cif,-0.313665987
mp-774174,../cifs_all/mp_774174.cif,-1.888785527
mp-745,../cifs_all/mp_745.cif,0.027712816666668
mp-1189102,../cifs_all/mp_1189102.cif,-3.04475809
mp-1246917,../cifs_all/mp_1246917.cif,-1.103587186
mp-565590,../cifs_all/mp_565590.cif,-0.462387101
mp-1079574,../cifs_all/mp_1079574.cif,-0.448349801
mp-27063,../cifs_all/mp_27063.cif,-2.291635982
mp-630760,../cifs_all/mp_630760.cif,-0.212660478
mp-754029,../cifs_all/mp_754029.cif,-2.445047871
mp-557244,../cifs_all/mp_557244.cif,-3.09029413
mp-669471,../cifs_all/mp_669471.cif,-0.196105463
mp-1219835,../cifs_all/mp_1219835.cif,-0.161925217
mp-1225153,../cifs_all/mp_1225153.cif,-0.245665531
mp-769246,../cifs_all/mp_769246.cif,-3.419596267
mp-28662,../cifs_all/mp_28662.cif,-0.469369004
mp-721896,../cifs_all/mp_721896.cif,-0.385049732
mp-26193,../cifs_all/mp_26193.cif,-2.438327235
mp-30291,../cifs_all/mp_30291.cif,-2.057414417
mp-1055899,../cifs_all/mp_1055899.cif,-0.058357889
mp-1045812,../cifs_all/mp_1045812.cif,-2.732142347
mp-777440,../cifs_all/mp_777440.cif,-2.867619336
mp-1205817,../cifs_all/mp_1205817.cif,-0.761386518
mp-1025159,../cifs_all/mp_1025159.cif,-0.435488723
mp-1519368,../cifs_all/mp_1519368.cif,-3.595542719
mp-1192023,../cifs_all/mp_1192023.cif,-1.512215351
mp-2715868,../cifs_all/mp_2715868.cif,-2.681901216
mp-753950,../cifs_all/mp_753950.cif,-1.960457733
mp-1205023,../cifs_all/mp_1205023.cif,-2.291821053
mp-1183204,../cifs_all/mp_1183204.cif,-0.411707741
mp-2233786,../cifs_all/mp_2233786.cif,-1.833345421
mp-1187672,../cifs_all/mp_1187672.cif,-0.230570849
mp-1187457,../cifs_all/mp_1187457.cif,0.052675823749999
mp-27281,../cifs_all/mp_27281.cif,-1.535539436
mp-1110970,../cifs_all/mp_1110970.cif,-2.977542217
mp-1225963,../cifs_all/mp_1225963.cif,-0.930908265
mp-2714135,../cifs_all/mp_2714135.cif,-2.98906787
mp-2714887,../cifs_all/mp_2714887.cif,-2.765034264
mp-1024035,../cifs_all/mp_1024035.cif,-1.944217507
mp-1219233,../cifs_all/mp_1219233.cif,-0.859708418
mp-704125,../cifs_all/mp_704125.cif,-2.527700627
mp-1178239,../cifs_all/mp_1178239.cif,-1.181452151
mp-582274,../cifs_all/mp_582274.cif,-0.603370628
mp-642706,../cifs_all/mp_642706.cif,-0.7867983
mp-1096849,../cifs_all/mp_1096849.cif,-0.636230861
mp-1105335,../cifs_all/mp_1105335.cif,-2.651699236
mp-1183570,../cifs_all/mp_1183570.cif,-1.21200197
mp-1025270,../cifs_all/mp_1025270.cif,-0.446533693
mp-1214500,../cifs_all/mp_1214500.cif,-1.046899941
mp-760945,../cifs_all/mp_760945.cif,-2.310894964
mp-1247522,../cifs_all/mp_1247522.cif,-0.459647165
mp-1519577,../cifs_all/mp_1519577.cif,-2.884372318
mp-29819,../cifs_all/mp_29819.cif,-0.471055614
mp-1198514,../cifs_all/mp_1198514.cif,-1.580829455
mp-1104392,../cifs_all/mp_1104392.cif,-1.206674939
mp-551219,../cifs_all/mp_551219.cif,-1.742359546
mp-1186068,../cifs_all/mp_1186068.cif,0.426777746
mp-752589,../cifs_all/mp_752589.cif,-2.556734412
mp-12185,../cifs_all/mp_12185.cif,-2.402899126
mp-867174,../cifs_all/mp_867174.cif,-0.395149927
mp-1178000,../cifs_all/mp_1178000.cif,-2.567440288
mp-1206103,../cifs_all/mp_1206103.cif,-1.885503001
mp-1104459,../cifs_all/mp_1104459.cif,-0.637925276
mp-1033923,../cifs_all/mp_1033923.cif,-2.696689521
mp-2228828,../cifs_all/mp_2228828.cif,-2.063783411
mp-1178438,../cifs_all/mp_1178438.cif,-2.421675556
mp-1246823,../cifs_all/mp_1246823.cif,-1.845105548
mp-1101445,../cifs_all/mp_1101445.cif,-2.76000979
mp-1212778,../cifs_all/mp_1212778.cif,-2.895804029
mp-1282494,../cifs_all/mp_1282494.cif,-2.532751615
mp-763253,../cifs_all/mp_763253.cif,-2.305671185
mp-1177991,../cifs_all/mp_1177991.cif,-2.213642765
mp-1277121,../cifs_all/mp_1277121.cif,-2.627477677
mp-1046983,../cifs_all/mp_1046983.cif,-2.240087731
mp-22980,../cifs_all/mp_22980.cif,-1.464524376
mp-1233822,../cifs_all/mp_1233822.cif,-2.176705163
mp-1226619,../cifs_all/mp_1226619.cif,-0.312994215
mp-1247897,../cifs_all/mp_1247897.cif,-0.268225035
mp-1099591,../cifs_all/mp_1099591.cif,-2.233827591
mp-626827,../cifs_all/mp_626827.cif,-1.298279357
mp-764651,../cifs_all/mp_764651.cif,-2.266894139
mp-8084,../cifs_all/mp_8084.cif,-2.972780089
mp-12110,../cifs_all/mp_12110.cif,-0.312716966
mp-1187188,../cifs_all/mp_1187188.cif,-1.030214728
mp-1246621,../cifs_all/mp_1246621.cif,-0.340925793
mp-8996,../cifs_all/mp_8996.cif,-0.466764277
mp-758628,../cifs_all/mp_758628.cif,-1.85295757
mp-555586,../cifs_all/mp_555586.cif,-3.419835261
mp-1036013,../cifs_all/mp_1036013.cif,-2.901686277
mp-504831,../cifs_all/mp_504831.cif,-3.299915082
mp-1059160,../cifs_all/mp_1059160.cif,2.687782439999999
mp-973921,../cifs_all/mp_973921.cif,-0.512081751
mp-1516760,../cifs_all/mp_1516760.cif,-2.97138426
mp-1211304,../cifs_all/mp_1211304.cif,-0.320764203
mp-2715323,../cifs_all/mp_2715323.cif,-3.046197749
mp-1213413,../cifs_all/mp_1213413.cif,-2.546558052
mp-13259,../cifs_all/mp_13259.cif,-1.402415554
mp-1222427,../cifs_all/mp_1222427.cif,-0.278120562
mp-1233335,../cifs_all/mp_1233335.cif,-1.697840583
mp-1111739,../cifs_all/mp_1111739.cif,-1.406309013
mp-754886,../cifs_all/mp_754886.cif,-2.295421878
mp-19088,../cifs_all/mp_19088.cif,-2.822113209
mp-639863,../cifs_all/mp_639863.cif,-0.806362749
mp-625565,../cifs_all/mp_625565.cif,-1.290921311
mp-1112900,../cifs_all/mp_1112900.cif,-1.379329268
mp-1224983,../cifs_all/mp_1224983.cif,-0.517822973
mp-1219738,../cifs_all/mp_1219738.cif,-2.273576948
mp-756503,../cifs_all/mp_756503.cif,-2.432762888
mp-1061395,../cifs_all/mp_1061395.cif,-1.056214043
mp-1645,../cifs_all/mp_1645.cif,-0.524021497
mp-1212933,../cifs_all/mp_1212933.cif,-1.044971049
mp-556143,../cifs_all/mp_556143.cif,-1.984335915
mp-772865,../cifs_all/mp_772865.cif,-2.048156288
mp-759149,../cifs_all/mp_759149.cif,-1.771829998
mp-1202697,../cifs_all/mp_1202697.cif,-0.310234979
mp-1147739,../cifs_all/mp_1147739.cif,-1.291354754
mp-1198609,../cifs_all/mp_1198609.cif,-2.004119641
mp-769632,../cifs_all/mp_769632.cif,-1.776019792
mp-1247361,../cifs_all/mp_1247361.cif,-0.311867754
mp-1184428,../cifs_all/mp_1184428.cif,-0.17901152
mp-850943,../cifs_all/mp_850943.cif,-2.45286318
mp-8482,../cifs_all/mp_8482.cif,-0.809476354
mp-28888,../cifs_all/mp_28888.cif,-0.429427246
mp-27443,../cifs_all/mp_27443.cif,-2.562281358
mp-1175683,../cifs_all/mp_1175683.cif,-1.810171094
mp-655001,../cifs_all/mp_655001.cif,-0.176121938
mp-2695851,../cifs_all/mp_2695851.cif,-1.027777796
mp-1247173,../cifs_all/mp_1247173.cif,-1.135107261
mp-1218733,../cifs_all/mp_1218733.cif,-3.176724566
mp-1210293,../cifs_all/mp_1210293.cif,-3.182861772
mp-11192,../cifs_all/mp_11192.cif,-0.44631669
mp-1022263,../cifs_all/mp_1022263.cif,0.184263685
mp-1976,../cifs_all/mp_1976.cif,-0.423352852
mp-765196,../cifs_all/mp_765196.cif,-2.617874716
mp-1026655,../cifs_all/mp_1026655.cif,0.328249249705543
mp-1223568,../cifs_all/mp_1223568.cif,-2.489394321
mp-774950,../cifs_all/mp_774950.cif,-2.280208074
mp-11839,../cifs_all/mp_11839.cif,-1.18933209
mp-27643,../cifs_all/mp_27643.cif,-1.796076583
mp-1097234,../cifs_all/mp_1097234.cif,4.899216297083338
mp-818426,../cifs_all/mp_818426.cif,-0.875959889
mp-21125,../cifs_all/mp_21125.cif,-3.060099999
mp-1026941,../cifs_all/mp_1026941.cif,-0.479247473
mp-1210309,../cifs_all/mp_1210309.cif,-2.010812341
mp-505321,../cifs_all/mp_505321.cif,-0.702966825
mp-21564,../cifs_all/mp_21564.cif,-3.163124743
mp-15656,../cifs_all/mp_15656.cif,-0.714756516
mp-646007,../cifs_all/mp_646007.cif,-1.683889645
mp-1400236,../cifs_all/mp_1400236.cif,-1.892879432
mp-1224025,../cifs_all/mp_1224025.cif,0.03856394125
mp-1392689,../cifs_all/mp_1392689.cif,-3.351718859
mp-1095204,../cifs_all/mp_1095204.cif,-0.613359536
mp-2228934,../cifs_all/mp_2228934.cif,-3.510418869
mp-542382,../cifs_all/mp_542382.cif,-0.258796889
mp-1027129,../cifs_all/mp_1027129.cif,-0.761375106
mp-755305,../cifs_all/mp_755305.cif,-2.318074464
mp-27568,../cifs_all/mp_27568.cif,-0.505295694
mp-1216111,../cifs_all/mp_1216111.cif,-0.462401728
mp-757447,../cifs_all/mp_757447.cif,-2.504231394
mp-1228951,../cifs_all/mp_1228951.cif,-1.354071785
mp-553922,../cifs_all/mp_553922.cif,-0.855816562
mp-1221447,../cifs_all/mp_1221447.cif,-2.19635654
mp-1198477,../cifs_all/mp_1198477.cif,0.169160804
mp-555921,../cifs_all/mp_555921.cif,-0.67661532
mp-768949,../cifs_all/mp_768949.cif,-2.585143341
mp-1195272,../cifs_all/mp_1195272.cif,-1.125183716
mp-2228951,../cifs_all/mp_2228951.cif,-2.20479099
mp-1272458,../cifs_all/mp_1272458.cif,-2.802914748
mp-1215711,../cifs_all/mp_1215711.cif,-0.269677162
mp-4266,../cifs_all/mp_4266.cif,-2.740819834
mp-1226025,../cifs_all/mp_1226025.cif,-2.648971436
mp-1041344,../cifs_all/mp_1041344.cif,-3.938955922
mp-1225041,../cifs_all/mp_1225041.cif,-0.715805075
mp-774903,../cifs_all/mp_774903.cif,-2.360346422
mp-1273390,../cifs_all/mp_1273390.cif,-2.414161066
mp-1112369,../cifs_all/mp_1112369.cif,-2.371759286
mp-14636,../cifs_all/mp_14636.cif,-1.263800423
mp-772431,../cifs_all/mp_772431.cif,-1.347317504
mp-862890,../cifs_all/mp_862890.cif,-0.356571924
mp-600218,../cifs_all/mp_600218.cif,-0.72565514
mp-2715665,../cifs_all/mp_2715665.cif,-2.861995104
mp-757345,../cifs_all/mp_757345.cif,-2.580714482
mp-1181279,../cifs_all/mp_1181279.cif,0.9993694132638872
mp-1011858,../cifs_all/mp_1011858.cif,-2.429034243
mp-1215716,../cifs_all/mp_1215716.cif,-1.290829046
mp-779878,../cifs_all/mp_779878.cif,-1.959672488
mp-22460,../cifs_all/mp_22460.cif,-0.366299663
mp-1018175,../cifs_all/mp_1018175.cif,-0.61527127
mp-754833,../cifs_all/mp_754833.cif,-2.460453463
mp-1519835,../cifs_all/mp_1519835.cif,-3.34022196
mp-573231,../cifs_all/mp_573231.cif,-2.207214542
mp-30343,../cifs_all/mp_30343.cif,-0.050664974
mp-774340,../cifs_all/mp_774340.cif,-2.615135326
mp-1025045,../cifs_all/mp_1025045.cif,-0.64772211
mp-631495,../cifs_all/mp_631495.cif,0.8405989183333331
mp-1224225,../cifs_all/mp_1224225.cif,-1.209867137
mp-771717,../cifs_all/mp_771717.cif,-1.925717109
mp-624739,../cifs_all/mp_624739.cif,2.919452122
mp-1097643,../cifs_all/mp_1097643.cif,3.397813837499995
mp-1235092,../cifs_all/mp_1235092.cif,-2.965773723
mp-1209848,../cifs_all/mp_1209848.cif,-2.503353627
mp-752742,../cifs_all/mp_752742.cif,-2.014070817
mp-1181268,../cifs_all/mp_1181268.cif,1.078319854027774
mp-558131,../cifs_all/mp_558131.cif,-2.778559838
mp-779838,../cifs_all/mp_779838.cif,-1.540273402
mp-1025028,../cifs_all/mp_1025028.cif,-0.441876383
mp-1187443,../cifs_all/mp_1187443.cif,-0.421450489
mp-28163,../cifs_all/mp_28163.cif,-2.413465222
mp-1182902,../cifs_all/mp_1182902.cif,-3.824220341
mp-1207193,../cifs_all/mp_1207193.cif,0.003043897
mp-2230652,../cifs_all/mp_2230652.cif,-2.251804115
mp-1174455,../cifs_all/mp_1174455.cif,-1.807869509
mp-1188292,../cifs_all/mp_1188292.cif,-0.741988528
mp-780204,../cifs_all/mp_780204.cif,-2.255128459
mp-1185201,../cifs_all/mp_1185201.cif,0.016292821077587
mp-1185730,../cifs_all/mp_1185730.cif,0.024328389057471
mp-866279,../cifs_all/mp_866279.cif,-0.557560405
mp-1198995,../cifs_all/mp_1198995.cif,-0.447804905
mp-1194188,../cifs_all/mp_1194188.cif,-0.479423935
mp-572598,../cifs_all/mp_572598.cif,-1.071860271
mp-1224122,../cifs_all/mp_1224122.cif,-3.955569813
mp-865528,../cifs_all/mp_865528.cif,-1.315326114
mp-1183673,../cifs_all/mp_1183673.cif,0.130006047
mp-1207733,../cifs_all/mp_1207733.cif,-2.81977525
mp-1057015,../cifs_all/mp_1057015.cif,-0.782691749
mp-1196063,../cifs_all/mp_1196063.cif,-1.691454148
mp-866105,../cifs_all/mp_866105.cif,-0.596072753
mp-1201805,../cifs_all/mp_1201805.cif,-2.293831955
mp-1076141,../cifs_all/mp_1076141.cif,-2.435237771
mp-865868,../cifs_all/mp_865868.cif,-0.685877525
mp-1206319,../cifs_all/mp_1206319.cif,-1.228234084
mp-1246619,../cifs_all/mp_1246619.cif,-1.149757969
mp-2240275,../cifs_all/mp_2240275.cif,-1.62362134
mp-643356,../cifs_all/mp_643356.cif,-1.887528865
mp-778284,../cifs_all/mp_778284.cif,-2.135569648
mp-1120722,../cifs_all/mp_1120722.cif,-0.607406876
mp-1247655,../cifs_all/mp_1247655.cif,-2.756429577
mp-1227665,../cifs_all/mp_1227665.cif,-0.480673802
mp-1205930,../cifs_all/mp_1205930.cif,-0.384821465
mp-1096966,../cifs_all/mp_1096966.cif,-0.126078061
mp-1238445,../cifs_all/mp_1238445.cif,-1.556823815
mp-1221971,../cifs_all/mp_1221971.cif,-1.199257054
mp-1026906,../cifs_all/mp_1026906.cif,0.074622298
mp-1217668,../cifs_all/mp_1217668.cif,-2.335828328
mp-2160,../cifs_all/mp_2160.cif,-0.284494588
mp-2231399,../cifs_all/mp_2231399.cif,-2.250075958
mp-23290,../cifs_all/mp_23290.cif,-0.47506401
mp-996973,../cifs_all/mp_996973.cif,-0.745885761
mp-1036120,../cifs_all/mp_1036120.cif,-2.85102824
mp-1199255,../cifs_all/mp_1199255.cif,-0.20016878
mp-1106063,../cifs_all/mp_1106063.cif,-0.711674994
mp-1188913,../cifs_all/mp_1188913.cif,-0.655204125
mp-30533,../cifs_all/mp_30533.cif,-0.80229412
mp-1026717,../cifs_all/mp_1026717.cif,0.061334933
mp-22670,../cifs_all/mp_22670.cif,-0.979793381
mp-1101100,../cifs_all/mp_1101100.cif,0.847747754
mp-1354592,../cifs_all/mp_1354592.cif,0.529781976
mp-1092225,../cifs_all/mp_1092225.cif,-2.385474176
mp-419,../cifs_all/mp_419.cif,-0.381519206
mp-568346,../cifs_all/mp_568346.cif,-2.005601068
mp-1078336,../cifs_all/mp_1078336.cif,-2.591767488
mp-27750,../cifs_all/mp_27750.cif,-1.894678431
mp-1187222,../cifs_all/mp_1187222.cif,0.067751996
mp-1210862,../cifs_all/mp_1210862.cif,-3.229313359
mp-1188975,../cifs_all/mp_1188975.cif,-0.274582977
mp-562042,../cifs_all/mp_562042.cif,-1.425609343
mp-1246569,../cifs_all/mp_1246569.cif,-0.414379735
mp-1099252,../cifs_all/mp_1099252.cif,-2.126224271
mp-584742,../cifs_all/mp_584742.cif,-2.276380654
mp-734653,../cifs_all/mp_734653.cif,-1.730739202
mp-505396,../cifs_all/mp_505396.cif,-1.591488129
mp-1191131,../cifs_all/mp_1191131.cif,-0.230892106
mp-1208346,../cifs_all/mp_1208346.cif,-0.600002216
mp-867120,../cifs_all/mp_867120.cif,-0.301139298
mp-2240667,../cifs_all/mp_2240667.cif,-0.651019822
mp-1232089,../cifs_all/mp_1232089.cif,-1.909621938
mp-1105290,../cifs_all/mp_1105290.cif,-2.013515288
mp-1222141,../cifs_all/mp_1222141.cif,-1.292652864
mp-1247545,../cifs_all/mp_1247545.cif,-0.563406812
mp-637255,../cifs_all/mp_637255.cif,-0.300269175
mp-1355848,../cifs_all/mp_1355848.cif,-1.415186573
mp-1094398,../cifs_all/mp_1094398.cif,0.134455688809523
mp-726386,../cifs_all/mp_726386.cif,-1.772270697
mp-557719,../cifs_all/mp_557719.cif,-0.725934165
mp-1648601,../cifs_all/mp_1648601.cif,-2.392997503
mp-31476,../cifs_all/mp_31476.cif,0.332289007
mp-1225450,../cifs_all/mp_1225450.cif,-0.459426571
mp-1205832,../cifs_all/mp_1205832.cif,-3.540528918
mp-1096292,../cifs_all/mp_1096292.cif,2.717393119899828
mp-1245448,../cifs_all/mp_1245448.cif,-0.46689767
mp-755455,../cifs_all/mp_755455.cif,-1.208201339
mp-768809,../cifs_all/mp_768809.cif,-2.389981292
mp-1100164,../cifs_all/mp_1100164.cif,0.460351381666666
mp-3785,../cifs_all/mp_3785.cif,-0.578234345
mp-1080110,../cifs_all/mp_1080110.cif,-0.372575646
mp-1219891,../cifs_all/mp_1219891.cif,-0.491957333
mp-1212397,../cifs_all/mp_1212397.cif,-0.575774441
mp-975109,../cifs_all/mp_975109.cif,0.066311256
mp-1207018,../cifs_all/mp_1207018.cif,-0.685605382
mp-1176003,../cifs_all/mp_1176003.cif,-1.816360906
mp-1521096,../cifs_all/mp_1521096.cif,-2.581870762
mp-1208196,../cifs_all/mp_1208196.cif,0.008864249
mp-1347683,../cifs_all/mp_1347683.cif,-0.375002328
mp-1177039,../cifs_all/mp_1177039.cif,-2.647180784
mp-1181613,../cifs_all/mp_1181613.cif,-0.197139812
mp-757528,../cifs_all/mp_757528.cif,-2.174219009
mp-1186023,../cifs_all/mp_1186023.cif,0.356998292
mp-1217285,../cifs_all/mp_1217285.cif,-0.44360832
mp-2716364,../cifs_all/mp_2716364.cif,-2.690761457
mp-1185751,../cifs_all/mp_1185751.cif,-0.001831848
mp-1731,../cifs_all/mp_1731.cif,0.0126805
mp-2714733,../cifs_all/mp_2714733.cif,-2.572142323
mp-1216041,../cifs_all/mp_1216041.cif,-2.71816449
mp-1521399,../cifs_all/mp_1521399.cif,-3.304156682
mp-27871,../cifs_all/mp_27871.cif,-0.845796573
mp-761215,../cifs_all/mp_761215.cif,-2.252747065
mp-1186725,../cifs_all/mp_1186725.cif,-0.113184706
mp-1202013,../cifs_all/mp_1202013.cif,-1.478785163
mp-772542,../cifs_all/mp_772542.cif,-2.489445602
mp-756266,../cifs_all/mp_756266.cif,-2.382505109
mp-680695,../cifs_all/mp_680695.cif,-3.251897072
mp-19248,../cifs_all/mp_19248.cif,-3.076737322
mp-1178539,../cifs_all/mp_1178539.cif,-2.25514943
mp-1048332,../cifs_all/mp_1048332.cif,-2.460102732
mp-766478,../cifs_all/mp_766478.cif,-2.475746494
mp-1190787,../cifs_all/mp_1190787.cif,-0.678336974
mp-998713,../cifs_all/mp_998713.cif,-1.374226712
mp-1206227,../cifs_all/mp_1206227.cif,0.5676665040520811
mp-2714244,../cifs_all/mp_2714244.cif,-2.277591304
mp-1350358,../cifs_all/mp_1350358.cif,-0.287710305
mp-16903,../cifs_all/mp_16903.cif,-3.365097446
mp-984055,../cifs_all/mp_984055.cif,-0.985683491
mp-2228429,../cifs_all/mp_2228429.cif,-1.726680937
mp-1026682,../cifs_all/mp_1026682.cif,0.045295610624999
mp-1019592,../cifs_all/mp_1019592.cif,-3.057709941
mp-777288,../cifs_all/mp_777288.cif,-2.932281515
mp-1217251,../cifs_all/mp_1217251.cif,-0.637024376
mp-1204247,../cifs_all/mp_1204247.cif,-1.867090385
mp-1209339,../cifs_all/mp_1209339.cif,-0.7078045
mp-1209787,../cifs_all/mp_1209787.cif,-1.597730723
mp-864716,../cifs_all/mp_864716.cif,-0.424217157
mp-781078,../cifs_all/mp_781078.cif,-2.534181259
mp-778509,../cifs_all/mp_778509.cif,-2.993766115
mp-1522145,../cifs_all/mp_1522145.cif,-2.974551647
mp-672702,../cifs_all/mp_672702.cif,-0.219438926
mp-756519,../cifs_all/mp_756519.cif,-2.123757287
mp-2219470,../cifs_all/mp_2219470.cif,-0.610363532
mp-1223744,../cifs_all/mp_1223744.cif,-2.060544475
mp-756401,../cifs_all/mp_756401.cif,-2.528997859
mp-1205910,../cifs_all/mp_1205910.cif,-1.807068965
mp-22692,../cifs_all/mp_22692.cif,0.042154440000004
mp-1178203,../cifs_all/mp_1178203.cif,-1.934411314
mp-1197946,../cifs_all/mp_1197946.cif,-1.619098949
mp-8355,../cifs_all/mp_8355.cif,-3.183893003
mp-569168,../cifs_all/mp_569168.cif,-1.237638946
mp-2225894,../cifs_all/mp_2225894.cif,-1.909468388
mp-25431,../cifs_all/mp_25431.cif,-2.264803736
mp-752692,../cifs_all/mp_752692.cif,-1.684004726
mp-1212783,../cifs_all/mp_1212783.cif,-2.194150453
mp-1099232,../cifs_all/mp_1099232.cif,-2.550641638
mp-1174299,../cifs_all/mp_1174299.cif,-2.123821769
mp-726297,../cifs_all/mp_726297.cif,-0.27186362
mp-763659,../cifs_all/mp_763659.cif,-2.151691067
mp-569494,../cifs_all/mp_569494.cif,-0.25511335
mp-1039270,../cifs_all/mp_1039270.cif,0.6252438208333361
mp-1228772,../cifs_all/mp_1228772.cif,-1.352422693
mp-345,../cifs_all/mp_345.cif,-0.463718636
mp-1181855,../cifs_all/mp_1181855.cif,0.024202840833333
mp-2713835,../cifs_all/mp_2713835.cif,-2.984026989
mp-620346,../cifs_all/mp_620346.cif,-0.972754155
mp-756830,../cifs_all/mp_756830.cif,-2.553455841
mp-762011,../cifs_all/mp_762011.cif,-1.882250444
mp-1214699,../cifs_all/mp_1214699.cif,-2.230605013
mp-4998,../cifs_all/mp_4998.cif,-2.365162301
mp-759074,../cifs_all/mp_759074.cif,-1.650502141
mp-1214803,../cifs_all/mp_1214803.cif,-3.525513741
mp-1208029,../cifs_all/mp_1208029.cif,-0.204848372
mp-555170,../cifs_all/mp_555170.cif,0.31725824173077
mp-1180361,../cifs_all/mp_1180361.cif,-1.20568528
mp-1191528,../cifs_all/mp_1191528.cif,-0.931433661
mp-705358,../cifs_all/mp_705358.cif,-2.343272489
mp-1217535,../cifs_all/mp_1217535.cif,-0.593594123
mp-23199,../cifs_all/mp_23199.cif,-2.961452808
mp-556982,../cifs_all/mp_556982.cif,-2.272638925
mp-757633,../cifs_all/mp_757633.cif,-2.523930073
mp-1030613,../cifs_all/mp_1030613.cif,-0.357702491
mp-1196798,../cifs_all/mp_1196798.cif,-1.81907212
mp-1215014,../cifs_all/mp_1215014.cif,1.959527441842106
mp-4636,../cifs_all/mp_4636.cif,-2.724419159
mp-1220432,../cifs_all/mp_1220432.cif,-3.145141846
mp-1174444,../cifs_all/mp_1174444.cif,-1.806505028
mp-1225728,../cifs_all/mp_1225728.cif,-0.391148926
mp-2230608,../cifs_all/mp_2230608.cif,-1.558765856
mp-3922,../cifs_all/mp_3922.cif,-0.250111399
mp-1180567,../cifs_all/mp_1180567.cif,-0.107697613
mp-780705,../cifs_all/mp_780705.cif,-1.543909592
mp-1215908,../cifs_all/mp_1215908.cif,-0.148563127
mp-11431,../cifs_all/mp_11431.cif,-0.481856872
mp-1174930,../cifs_all/mp_1174930.cif,-1.884232709
mp-1224468,../cifs_all/mp_1224468.cif,-0.940439552
mp-43,../cifs_all/mp_43.cif,0.089671225
mp-1214189,../cifs_all/mp_1214189.cif,-1.300041299
mp-685217,../cifs_all/mp_685217.cif,-2.181054532
mp-1192954,../cifs_all/mp_1192954.cif,-0.516182266
mp-2714723,../cifs_all/mp_2714723.cif,-2.91758294
mp-705379,../cifs_all/mp_705379.cif,-2.228669809
mp-672707,../cifs_all/mp_672707.cif,-0.201715761
mp-22038,../cifs_all/mp_22038.cif,-1.426532142
mp-1112000,../cifs_all/mp_1112000.cif,-2.255239011
mp-556601,../cifs_all/mp_556601.cif,-2.094411144
mp-1180876,../cifs_all/mp_1180876.cif,-1.864326407
mp-1273062,../cifs_all/mp_1273062.cif,-1.240403854
mp-1193019,../cifs_all/mp_1193019.cif,-1.822523277
mp-1397195,../cifs_all/mp_1397195.cif,-1.516811228
mp-780862,../cifs_all/mp_780862.cif,-2.605054753
mp-3546,../cifs_all/mp_3546.cif,-0.429442835
mp-540469,../cifs_all/mp_540469.cif,-2.34784015
mp-777532,../cifs_all/mp_777532.cif,-2.453995502
mp-632667,../cifs_all/mp_632667.cif,-0.453043386
mp-2220104,../cifs_all/mp_2220104.cif,-1.982946
mp-1077098,../cifs_all/mp_1077098.cif,0.017943575
mp-770703,../cifs_all/mp_770703.cif,-2.069703236
mp-1037840,../cifs_all/mp_1037840.cif,-2.867624334
mp-1100421,../cifs_all/mp_1100421.cif,-0.276453722
mp-1110829,../cifs_all/mp_1110829.cif,-2.862931879
mp-1048591,../cifs_all/mp_1048591.cif,-1.581897013
mp-849362,../cifs_all/mp_849362.cif,-1.441401527
mp-1014111,../cifs_all/mp_1014111.cif,0.6202391299999991
mp-1075387,../cifs_all/mp_1075387.cif,0.137279214
mp-693857,../cifs_all/mp_693857.cif,-3.075616975
mp-779344,../cifs_all/mp_779344.cif,-2.561816363
mp-728122,../cifs_all/mp_728122.cif,-3.144504686
mp-1667,../cifs_all/mp_1667.cif,0.003922618
mp-757043,../cifs_all/mp_757043.cif,-2.325642961
mp-1214653,../cifs_all/mp_1214653.cif,-3.12325077
mp-1096376,../cifs_all/mp_1096376.cif,2.117070343750001
mp-1016642,../cifs_all/mp_1016642.cif,0.162689026
mp-1228253,../cifs_all/mp_1228253.cif,-2.156448636
mp-761268,../cifs_all/mp_761268.cif,-2.76738689
mp-867781,../cifs_all/mp_867781.cif,-0.650456289
mp-761932,../cifs_all/mp_761932.cif,-1.325348116
mp-17591,../cifs_all/mp_17591.cif,-3.143166101
mp-1223470,../cifs_all/mp_1223470.cif,-3.143718871
mp-1096566,../cifs_all/mp_1096566.cif,1.108875576674108
mp-29682,../cifs_all/mp_29682.cif,-0.521217914
mp-1218674,../cifs_all/mp_1218674.cif,-2.158484142
mp-1196729,../cifs_all/mp_1196729.cif,-1.335382448
mp-2219928,../cifs_all/mp_2219928.cif,-0.613950927
mp-1520485,../cifs_all/mp_1520485.cif,-3.699963838
mp-1195500,../cifs_all/mp_1195500.cif,-2.211355717
mp-26471,../cifs_all/mp_26471.cif,-2.439047896
mp-1196384,../cifs_all/mp_1196384.cif,-0.18301503
mp-1223656,../cifs_all/mp_1223656.cif,-0.365720203
mp-1018721,../cifs_all/mp_1018721.cif,-3.968927069
mp-2713593,../cifs_all/mp_2713593.cif,-2.285050905
mp-1221791,../cifs_all/mp_1221791.cif,-0.177621086
mp-1173714,../cifs_all/mp_1173714.cif,-2.85314204
mp-1213409,../cifs_all/mp_1213409.cif,-0.826279715
mp-2714567,../cifs_all/mp_2714567.cif,-2.661349457
mp-705522,../cifs_all/mp_705522.cif,-0.28272872
mp-1520589,../cifs_all/mp_1520589.cif,-3.343553772
mp-849513,../cifs_all/mp_849513.cif,-2.3100541
mp-1516776,../cifs_all/mp_1516776.cif,-2.364422738
mp-2715319,../cifs_all/mp_2715319.cif,-3.11102291
mp-1209774,../cifs_all/mp_1209774.cif,-2.176110414
mp-650954,../cifs_all/mp_650954.cif,-2.080423667
mp-1104602,../cifs_all/mp_1104602.cif,-1.225662482
mp-11654,../cifs_all/mp_11654.cif,-2.083604793
mp-1112570,../cifs_all/mp_1112570.cif,-3.047691317
mp-1207714,../cifs_all/mp_1207714.cif,-0.730812204
mp-639,../cifs_all/mp_639.cif,-1.774597237
mp-1206852,../cifs_all/mp_1206852.cif,-0.778158649
mp-15577,../cifs_all/mp_15577.cif,-3.301147007
mp-555101,../cifs_all/mp_555101.cif,-2.666295177
mp-2232045,../cifs_all/mp_2232045.cif,-2.444615697
mp-32833,../cifs_all/mp_32833.cif,-1.908593154
mp-2230737,../cifs_all/mp_2230737.cif,-2.763779763
mp-1212130,../cifs_all/mp_1212130.cif,-1.426259163
mp-1188282,../cifs_all/mp_1188282.cif,-0.190275501
mp-1228521,../cifs_all/mp_1228521.cif,-2.375560699
mp-1044655,../cifs_all/mp_1044655.cif,-2.695860213
mp-752784,../cifs_all/mp_752784.cif,-2.318555868
mp-773025,../cifs_all/mp_773025.cif,-0.823588273
mp-1207408,../cifs_all/mp_1207408.cif,-1.181273932
mp-1196293,../cifs_all/mp_1196293.cif,-2.011448876
mp-29104,../cifs_all/mp_29104.cif,-2.979183314
mp-759972,../cifs_all/mp_759972.cif,-2.992888869
mp-1019785,../cifs_all/mp_1019785.cif,-1.976010062
mp-504867,../cifs_all/mp_504867.cif,-2.265716757
mp-2715043,../cifs_all/mp_2715043.cif,-2.735441009
mp-1096282,../cifs_all/mp_1096282.cif,2.936088688
mp-1173466,../cifs_all/mp_1173466.cif,0.5087627126041661
mp-757180,../cifs_all/mp_757180.cif,-2.0360806
mp-849273,../cifs_all/mp_849273.cif,-1.745063705
mp-1181749,../cifs_all/mp_1181749.cif,-0.770332677
mp-864634,../cifs_all/mp_864634.cif,-0.303322894
mp-1214104,../cifs_all/mp_1214104.cif,-3.153950414
mp-1104680,../cifs_all/mp_1104680.cif,-2.180387279
mp-1173991,../cifs_all/mp_1173991.cif,-2.112984227
mp-556631,../cifs_all/mp_556631.cif,-3.442278692
mp-1221972,../cifs_all/mp_1221972.cif,-2.362847696
mp-764250,../cifs_all/mp_764250.cif,-2.163208206
mp-3446,../cifs_all/mp_3446.cif,-3.805543114
mp-704550,../cifs_all/mp_704550.cif,-0.761239873
mp-3614,../cifs_all/mp_3614.cif,-3.071587858
mp-2222919,../cifs_all/mp_2222919.cif,-2.123345346
mp-555948,../cifs_all/mp_555948.cif,-0.62735858
mp-1219051,../cifs_all/mp_1219051.cif,-0.06742125
mp-1199066,../cifs_all/mp_1199066.cif,-3.166867071
mp-1518948,../cifs_all/mp_1518948.cif,-3.055937797
mp-20414,../cifs_all/mp_20414.cif,-1.096341626
mp-1191489,../cifs_all/mp_1191489.cif,-2.759794697
mp-568700,../cifs_all/mp_568700.cif,0.281973031
mp-774326,../cifs_all/mp_774326.cif,-1.995379638
mp-1205182,../cifs_all/mp_1205182.cif,0.7647970334090891
mp-1021848,../cifs_all/mp_1021848.cif,0.30175019284375
mp-999287,../cifs_all/mp_999287.cif,-0.25239308
mp-583252,../cifs_all/mp_583252.cif,-1.829283991
mp-1191201,../cifs_all/mp_1191201.cif,-0.178140635
mp-1175209,../cifs_all/mp_1175209.cif,-1.533928663
mp-1220878,../cifs_all/mp_1220878.cif,-1.363444537
mp-1197129,../cifs_all/mp_1197129.cif,-1.133983589
mp-1012435,../cifs_all/mp_1012435.cif,-0.727595119
mp-1225812,../cifs_all/mp_1225812.cif,-0.223269308
mp-28988,../cifs_all/mp_28988.cif,-1.008634639
mp-865256,../cifs_all/mp_865256.cif,-0.30844819
mp-20936,../cifs_all/mp_20936.cif,-2.143885437
mp-1246857,../cifs_all/mp_1246857.cif,-1.23439324
mp-942701,../cifs_all/mp_942701.cif,-2.095388746
mp-556018,../cifs_all/mp_556018.cif,-0.443784531
mp-1048496,../cifs_all/mp_1048496.cif,-1.632633819
mp-1220305,../cifs_all/mp_1220305.cif,-0.920387573
mp-1176831,../cifs_all/mp_1176831.cif,-2.349923016
mp-1188385,../cifs_all/mp_1188385.cif,-1.692629629
mp-1220962,../cifs_all/mp_1220962.cif,-2.272294117
mp-1218876,../cifs_all/mp_1218876.cif,-2.782901581
mp-1213587,../cifs_all/mp_1213587.cif,-2.534764077
mp-556229,../cifs_all/mp_556229.cif,-2.996745235
mp-561203,../cifs_all/mp_561203.cif,0.002373407
mp-1111478,../cifs_all/mp_1111478.cif,-2.555270271
mp-1794,../cifs_all/mp_1794.cif,-2.621381075
mp-1179970,../cifs_all/mp_1179970.cif,-0.365882147
mp-1194419,../cifs_all/mp_1194419.cif,-1.147252439
mp-1178399,../cifs_all/mp_1178399.cif,-1.823507032
mp-771669,../cifs_all/mp_771669.cif,-2.044698977
mp-1225698,../cifs_all/mp_1225698.cif,0.059188415
mp-1200474,../cifs_all/mp_1200474.cif,-1.480511738
mp-1227598,../cifs_all/mp_1227598.cif,-3.407465906
mp-8568,../cifs_all/mp_8568.cif,-2.711582476
mp-1184140,../cifs_all/mp_1184140.cif,0.254611464374999
mp-1223500,../cifs_all/mp_1223500.cif,-2.072770687
mp-982777,../cifs_all/mp_982777.cif,-0.597919728
mp-2012852,../cifs_all/mp_2012852.cif,-2.080223894
mp-567822,../cifs_all/mp_567822.cif,-0.284637882
mp-28205,../cifs_all/mp_28205.cif,-2.143885678
mp-2223528,../cifs_all/mp_2223528.cif,-1.8760019
mp-1780502,../cifs_all/mp_1780502.cif,-2.317896185
mp-574279,../cifs_all/mp_574279.cif,-0.659364068
mp-1204632,../cifs_all/mp_1204632.cif,-0.38461777
mp-1103954,../cifs_all/mp_1103954.cif,-0.662042034
mp-1102205,../cifs_all/mp_1102205.cif,-0.257566533
mp-1175845,../cifs_all/mp_1175845.cif,-1.832117141
mp-975103,../cifs_all/mp_975103.cif,-2.899971755
mp-1111197,../cifs_all/mp_1111197.cif,-1.02660763
mp-1219685,../cifs_all/mp_1219685.cif,-0.362836191
mp-1246273,../cifs_all/mp_1246273.cif,0.022657215
mp-1225223,../cifs_all/mp_1225223.cif,-3.0584351
mp-1199624,../cifs_all/mp_1199624.cif,-3.122631502
mp-780431,../cifs_all/mp_780431.cif,-2.084642144
mp-850396,../cifs_all/mp_850396.cif,-2.448432296
mp-1114071,../cifs_all/mp_1114071.cif,-1.718065487
mp-2240084,../cifs_all/mp_2240084.cif,-0.575406862
mp-1245062,../cifs_all/mp_1245062.cif,-0.504933201
mp-18841,../cifs_all/mp_18841.cif,-3.10516652
mp-768267,../cifs_all/mp_768267.cif,-3.001009272
mp-1194622,../cifs_all/mp_1194622.cif,-2.299061808
mp-1225854,../cifs_all/mp_1225854.cif,-2.763755163
mp-30861,../cifs_all/mp_30861.cif,-0.0428517
mp-1101400,../cifs_all/mp_1101400.cif,-2.84375741
mp-1195058,../cifs_all/mp_1195058.cif,-3.481281408
mp-1187418,../cifs_all/mp_1187418.cif,-0.262540418
mp-1245695,../cifs_all/mp_1245695.cif,-0.711258067
mp-1218574,../cifs_all/mp_1218574.cif,-3.73133107
mp-1104519,../cifs_all/mp_1104519.cif,-0.620074918
mp-567164,../cifs_all/mp_567164.cif,-0.429055084
mp-15868,../cifs_all/mp_15868.cif,-0.248208119
mp-1016640,../cifs_all/mp_1016640.cif,0.224988713749999
mp-1076987,../cifs_all/mp_1076987.cif,-0.621634502
mp-2231397,../cifs_all/mp_2231397.cif,-1.31505495
mp-1215939,../cifs_all/mp_1215939.cif,-0.68232308
mp-19403,../cifs_all/mp_19403.cif,-2.902145721
mp-1029843,../cifs_all/mp_1029843.cif,-0.984599864
mp-1208132,../cifs_all/mp_1208132.cif,-2.121469592
mp-779013,../cifs_all/mp_779013.cif,-2.023993813
mp-1078431,../cifs_all/mp_1078431.cif,-2.06338254
mp-2715017,../cifs_all/mp_2715017.cif,-2.048688364
mp-1247211,../cifs_all/mp_1247211.cif,-1.452508444
mp-1079726,../cifs_all/mp_1079726.cif,-1.92575015
mp-773002,../cifs_all/mp_773002.cif,-2.399832044
mp-1103596,../cifs_all/mp_1103596.cif,-0.743200266
mp-1093950,../cifs_all/mp_1093950.cif,2.358220118
mp-998421,../cifs_all/mp_998421.cif,-2.469390557
mp-31430,../cifs_all/mp_31430.cif,-0.175832273
mp-1009079,../cifs_all/mp_1009079.cif,-0.210437673
mp-1226628,../cifs_all/mp_1226628.cif,-0.205055023
mp-1210413,../cifs_all/mp_1210413.cif,-0.413754907
mp-683982,../cifs_all/mp_683982.cif,-1.788946961
mp-21308,../cifs_all/mp_21308.cif,-0.911847023
mp-683041,../cifs_all/mp_683041.cif,-0.904509912
mp-753951,../cifs_all/mp_753951.cif,-2.703804754
mp-757293,../cifs_all/mp_757293.cif,-2.118734696
mp-24100,../cifs_all/mp_24100.cif,-0.711356276
mp-558754,../cifs_all/mp_558754.cif,-2.125042581
mp-1217032,../cifs_all/mp_1217032.cif,-0.102252382
mp-972937,../cifs_all/mp_972937.cif,-1.867341364
mp-532007,../cifs_all/mp_532007.cif,-0.447533024
mp-709069,../cifs_all/mp_709069.cif,-2.020802984
mp-562584,../cifs_all/mp_562584.cif,-0.67823161
mp-1106219,../cifs_all/mp_1106219.cif,-0.455288353
mp-863420,../cifs_all/mp_863420.cif,-1.856058939
mp-2230529,../cifs_all/mp_2230529.cif,-1.745348918
mp-16491,../cifs_all/mp_16491.cif,-0.407542756
mp-1112999,../cifs_all/mp_1112999.cif,-1.823550347
mp-756666,../cifs_all/mp_756666.cif,-1.906189683
mp-21973,../cifs_all/mp_21973.cif,-0.849845029
mp-1188765,../cifs_all/mp_1188765.cif,-2.79765444
mp-559295,../cifs_all/mp_559295.cif,-2.325695457
mp-1021516,../cifs_all/mp_1021516.cif,0.09002185
mp-1235042,../cifs_all/mp_1235042.cif,-2.342663094
mp-865361,../cifs_all/mp_865361.cif,-0.255954979
mp-2240693,../cifs_all/mp_2240693.cif,-1.288045183
mp-774552,../cifs_all/mp_774552.cif,-2.967514902
mp-1177528,../cifs_all/mp_1177528.cif,-3.26610081
mp-1219812,../cifs_all/mp_1219812.cif,-2.47206984
mp-22987,../cifs_all/mp_22987.cif,-1.334933545
mp-1795,../cifs_all/mp_1795.cif,-2.80768458
mp-1228164,../cifs_all/mp_1228164.cif,-2.685406378
mp-1097245,../cifs_all/mp_1097245.cif,2.5473406740909117
mp-1212307,../cifs_all/mp_1212307.cif,-0.167045598
mp-1044723,../cifs_all/mp_1044723.cif,-2.855696057
mp-1183332,../cifs_all/mp_1183332.cif,0.03701716
mp-1327109,../cifs_all/mp_1327109.cif,-3.222332823
mp-893207,../cifs_all/mp_893207.cif,-2.159781408
mp-1209580,../cifs_all/mp_1209580.cif,0.152078513
mp-672373,../cifs_all/mp_672373.cif,-0.395120885
mp-643614,../cifs_all/mp_643614.cif,-0.126116713
mp-1176042,../cifs_all/mp_1176042.cif,-1.801001484
mp-1174268,../cifs_all/mp_1174268.cif,-1.905899273
mp-580731,../cifs_all/mp_580731.cif,-0.361624696
mp-1189260,../cifs_all/mp_1189260.cif,-1.382076497
mp-1226093,../cifs_all/mp_1226093.cif,-0.570192925
mp-1225539,../cifs_all/mp_1225539.cif,-0.631993826
mp-568100,../cifs_all/mp_568100.cif,-0.545501314
mp-626080,../cifs_all/mp_626080.cif,-1.921688792
mp-1205097,../cifs_all/mp_1205097.cif,-2.330756766
mp-866290,../cifs_all/mp_866290.cif,-0.791853919
mp-861893,../cifs_all/mp_861893.cif,-0.37902647
mp-1216397,../cifs_all/mp_1216397.cif,-0.321526274
mp-2714126,../cifs_all/mp_2714126.cif,-2.684178749
mp-1048233,../cifs_all/mp_1048233.cif,-3.347775975
mp-1025041,../cifs_all/mp_1025041.cif,-0.521109198
mp-1175033,../cifs_all/mp_1175033.cif,-1.856694967
mp-1235510,../cifs_all/mp_1235510.cif,-1.443680522
mp-1025747,../cifs_all/mp_1025747.cif,-0.510270149
mp-997098,../cifs_all/mp_997098.cif,-0.832393714
mp-568370,../cifs_all/mp_568370.cif,-0.717007512
mp-1036805,../cifs_all/mp_1036805.cif,-2.918927275
mp-1209510,../cifs_all/mp_1209510.cif,0.410408673999999
mp-1195147,../cifs_all/mp_1195147.cif,-1.194741457
mp-582042,../cifs_all/mp_582042.cif,-0.826704779
mp-1016618,../cifs_all/mp_1016618.cif,-0.04004294
mp-1097426,../cifs_all/mp_1097426.cif,0.8517774718749991
mp-22214,../cifs_all/mp_22214.cif,-2.491937805
mp-2714407,../cifs_all/mp_2714407.cif,-2.904975779
mp-1183319,../cifs_all/mp_1183319.cif,0.216182898125
mp-1026523,../cifs_all/mp_1026523.cif,0.072680905
mp-7753,../cifs_all/mp_7753.cif,-0.477246022
mp-677734,../cifs_all/mp_677734.cif,-1.696034823
mp-1018040,../cifs_all/mp_1018040.cif,-1.474296714
mp-1202139,../cifs_all/mp_1202139.cif,-1.925679788
mp-2231345,../cifs_all/mp_2231345.cif,-2.243815145
mp-690848,../cifs_all/mp_690848.cif,-0.21489275
mp-2217878,../cifs_all/mp_2217878.cif,-2.765682159
mp-1102399,../cifs_all/mp_1102399.cif,-2.372593639
mp-4227,../cifs_all/mp_4227.cif,-1.655327613
mp-557869,../cifs_all/mp_557869.cif,0.00037163
mp-1103196,../cifs_all/mp_1103196.cif,-0.307021682
mp-776812,../cifs_all/mp_776812.cif,-2.134563879
mp-571219,../cifs_all/mp_571219.cif,-0.817150594
mp-571415,../cifs_all/mp_571415.cif,-1.375478199
mp-1182020,../cifs_all/mp_1182020.cif,-1.339505459
mp-581026,../cifs_all/mp_581026.cif,0.096311604
mp-875,../cifs_all/mp_875.cif,-0.49013171
mp-762,../cifs_all/mp_762.cif,-0.440054992
mp-1190381,../cifs_all/mp_1190381.cif,-3.129470376
mp-1247697,../cifs_all/mp_1247697.cif,-2.580258014
mp-13772,../cifs_all/mp_13772.cif,-3.080771817
mp-7908,../cifs_all/mp_7908.cif,-0.704937984
mp-776613,../cifs_all/mp_776613.cif,-2.326652072
mp-551798,../cifs_all/mp_551798.cif,-0.302632449
mp-29582,../cifs_all/mp_29582.cif,-1.663449339
mp-1519677,../cifs_all/mp_1519677.cif,-2.389455694
mp-1047848,../cifs_all/mp_1047848.cif,-3.502672159
mp-15382,../cifs_all/mp_15382.cif,-2.832076117
mp-850928,../cifs_all/mp_850928.cif,-2.587822678
mp-753086,../cifs_all/mp_753086.cif,-2.724669335
mp-1208969,../cifs_all/mp_1208969.cif,-3.757058576
mp-727205,../cifs_all/mp_727205.cif,-3.256230622
mp-1003636,../cifs_all/mp_1003636.cif,-1.9106918
mp-3788,../cifs_all/mp_3788.cif,-3.464288418
mp-1220940,../cifs_all/mp_1220940.cif,-2.03661329
mp-1175320,../cifs_all/mp_1175320.cif,-2.020022603
mp-554518,../cifs_all/mp_554518.cif,-2.62196543
mp-1233901,../cifs_all/mp_1233901.cif,-2.071770613
mp-1211038,../cifs_all/mp_1211038.cif,-2.652042133
mp-769012,../cifs_all/mp_769012.cif,-2.201079901
mp-534807,../cifs_all/mp_534807.cif,-3.442913215
mp-985705,../cifs_all/mp_985705.cif,-0.776482745
mp-1094664,../cifs_all/mp_1094664.cif,0.6173446
mp-1176598,../cifs_all/mp_1176598.cif,-2.047267891
mp-1184711,../cifs_all/mp_1184711.cif,-1.045161429
mp-764103,../cifs_all/mp_764103.cif,-2.237582033
mp-600003,../cifs_all/mp_600003.cif,-3.25837764
mp-1227020,../cifs_all/mp_1227020.cif,-0.314119316
mp-1196754,../cifs_all/mp_1196754.cif,-1.844620488
mp-2231769,../cifs_all/mp_2231769.cif,-1.610768316
mp-1064484,../cifs_all/mp_1064484.cif,-0.869805836
mp-1215334,../cifs_all/mp_1215334.cif,-1.358537278
mp-850464,../cifs_all/mp_850464.cif,-2.215397123
mp-1097570,../cifs_all/mp_1097570.cif,3.488562979
mp-772916,../cifs_all/mp_772916.cif,-1.853259237
mp-1112287,../cifs_all/mp_1112287.cif,-2.721524894
mp-1393434,../cifs_all/mp_1393434.cif,-1.645049841
mp-1264151,../cifs_all/mp_1264151.cif,2.056103907916666
mp-1079383,../cifs_all/mp_1079383.cif,0.054513483
mp-2240242,../cifs_all/mp_2240242.cif,-1.562123022
mp-17275,../cifs_all/mp_17275.cif,-3.69878246
mp-1173626,../cifs_all/mp_1173626.cif,-3.064965959
mp-1173110,../cifs_all/mp_1173110.cif,-2.39240386
mp-550886,../cifs_all/mp_550886.cif,-2.242308652
mp-1203543,../cifs_all/mp_1203543.cif,0.182338162
mp-1198160,../cifs_all/mp_1198160.cif,-2.088642553
mp-653154,../cifs_all/mp_653154.cif,-1.927288875
mp-1226886,../cifs_all/mp_1226886.cif,-0.791718006
mp-883306,../cifs_all/mp_883306.cif,-3.386049607
mp-1025472,../cifs_all/mp_1025472.cif,-0.52066179
mp-728777,../cifs_all/mp_728777.cif,-1.72941238
mp-755133,../cifs_all/mp_755133.cif,-1.664592549
mp-1219470,../cifs_all/mp_1219470.cif,-0.522243496
mp-1180381,../cifs_all/mp_1180381.cif,-0.784111436
mp-20325,../cifs_all/mp_20325.cif,-0.542402516
mp-1181029,../cifs_all/mp_1181029.cif,-1.632247539
mp-1100662,../cifs_all/mp_1100662.cif,-1.813415569
mp-16779,../cifs_all/mp_16779.cif,-3.085675564
mp-1200776,../cifs_all/mp_1200776.cif,-0.386399434
mp-16393,../cifs_all/mp_16393.cif,-2.658333649
mp-1246718,../cifs_all/mp_1246718.cif,-0.622649824
mp-1021298,../cifs_all/mp_1021298.cif,0.164461703
mp-1228202,../cifs_all/mp_1228202.cif,-2.148963025
mp-2217657,../cifs_all/mp_2217657.cif,-2.089278452
mp-771147,../cifs_all/mp_771147.cif,-3.166921059
mp-1247102,../cifs_all/mp_1247102.cif,-1.083389227
mp-1080680,../cifs_all/mp_1080680.cif,-0.414985484
mp-768952,../cifs_all/mp_768952.cif,-1.701133475
mp-1147776,../cifs_all/mp_1147776.cif,-1.180764798
mp-1275701,../cifs_all/mp_1275701.cif,-1.362129082
mp-18901,../cifs_all/mp_18901.cif,-1.405343848
mp-1234253,../cifs_all/mp_1234253.cif,-2.258299966
mp-1185102,../cifs_all/mp_1185102.cif,-0.444527461
mp-28369,../cifs_all/mp_28369.cif,-0.404549531
mp-625890,../cifs_all/mp_625890.cif,-0.973780106
mp-694884,../cifs_all/mp_694884.cif,-1.287818554
mp-1047300,../cifs_all/mp_1047300.cif,-1.557286656
mp-1186230,../cifs_all/mp_1186230.cif,-0.492372973
mp-752582,../cifs_all/mp_752582.cif,-2.605997201
mp-1047149,../cifs_all/mp_1047149.cif,-2.610230057
mp-720198,../cifs_all/mp_720198.cif,-2.75126344
mp-758397,../cifs_all/mp_758397.cif,-2.321488982
mp-780701,../cifs_all/mp_780701.cif,-2.726265692
mp-1016144,../cifs_all/mp_1016144.cif,-2.105152611
mp-554093,../cifs_all/mp_554093.cif,-2.597483072
mp-1017630,../cifs_all/mp_1017630.cif,-0.287279295
mp-1200689,../cifs_all/mp_1200689.cif,-1.598861024
mp-13619,../cifs_all/mp_13619.cif,-0.601922855
mp-1179009,../cifs_all/mp_1179009.cif,-0.68320192
mp-27888,../cifs_all/mp_27888.cif,-3.385543668
mp-1043760,../cifs_all/mp_1043760.cif,-2.819812998
mp-1518310,../cifs_all/mp_1518310.cif,-2.952167827
mp-1147756,../cifs_all/mp_1147756.cif,-0.461605585
mp-1518732,../cifs_all/mp_1518732.cif,-3.107286805
mp-1227909,../cifs_all/mp_1227909.cif,-1.835540272
mp-22437,../cifs_all/mp_22437.cif,-0.424693623
mp-14037,../cifs_all/mp_14037.cif,-2.211141619
mp-1078865,../cifs_all/mp_1078865.cif,2.148400849433594
mp-542964,../cifs_all/mp_542964.cif,-1.685640497
mp-1215668,../cifs_all/mp_1215668.cif,-0.657577607
mp-1198584,../cifs_all/mp_1198584.cif,-1.567583846
mp-1216042,../cifs_all/mp_1216042.cif,-1.767459637
mp-1212983,../cifs_all/mp_1212983.cif,-0.790665061
mp-1042779,../cifs_all/mp_1042779.cif,-1.516954057
mp-1212343,../cifs_all/mp_1212343.cif,-0.265978788
mp-30682,../cifs_all/mp_30682.cif,-0.730119922
mp-1224323,../cifs_all/mp_1224323.cif,-2.199932027
mp-989615,../cifs_all/mp_989615.cif,-1.221595666
mp-780568,../cifs_all/mp_780568.cif,-2.498021833
mp-754878,../cifs_all/mp_754878.cif,-1.597818873
mp-7733,../cifs_all/mp_7733.cif,-3.489347678
mp-1100994,../cifs_all/mp_1100994.cif,-0.176113312
mp-1032412,../cifs_all/mp_1032412.cif,-2.306139031
mp-1198023,../cifs_all/mp_1198023.cif,-0.696685358
mp-752661,../cifs_all/mp_752661.cif,-1.922082228
mp-29143,../cifs_all/mp_29143.cif,-1.284463192
mp-1047720,../cifs_all/mp_1047720.cif,-1.621199136
mp-760161,../cifs_all/mp_760161.cif,-1.062529513
mp-1223234,../cifs_all/mp_1223234.cif,-2.97168242
mp-1224499,../cifs_all/mp_1224499.cif,-2.155459128
mp-24133,../cifs_all/mp_24133.cif,-1.603173026
mp-672217,../cifs_all/mp_672217.cif,-0.562552116
mp-1214730,../cifs_all/mp_1214730.cif,-3.378655308
mp-729933,../cifs_all/mp_729933.cif,-0.65672106
mp-1224189,../cifs_all/mp_1224189.cif,-0.370778975
mp-1105248,../cifs_all/mp_1105248.cif,-0.703679693
mp-650928,../cifs_all/mp_650928.cif,-2.964123698
mp-1224221,../cifs_all/mp_1224221.cif,-2.7610353
mp-1214401,../cifs_all/mp_1214401.cif,-2.052664015
mp-30506,../cifs_all/mp_30506.cif,-0.499326008
mp-777840,../cifs_all/mp_777840.cif,-2.72965112
mp-1213779,../cifs_all/mp_1213779.cif,-1.080505193
mp-1210417,../cifs_all/mp_1210417.cif,-1.299249923
mp-2712692,../cifs_all/mp_2712692.cif,-2.417538892
mp-1183564,../cifs_all/mp_1183564.cif,-0.807748489
mp-1195696,../cifs_all/mp_1195696.cif,-2.612353608
mp-6049,../cifs_all/mp_6049.cif,-2.514739078
mp-1235082,../cifs_all/mp_1235082.cif,-2.047142507
mp-35687,../cifs_all/mp_35687.cif,-0.22551641
mp-999190,../cifs_all/mp_999190.cif,-0.28055905
mp-753547,../cifs_all/mp_753547.cif,-2.475139661
mp-1201980,../cifs_all/mp_1201980.cif,-2.00365818
mp-1097421,../cifs_all/mp_1097421.cif,2.14122781
mp-1034107,../cifs_all/mp_1034107.cif,-2.609516147
mp-2714279,../cifs_all/mp_2714279.cif,-2.462355842
mp-1215762,../cifs_all/mp_1215762.cif,-2.783058156
mp-772886,../cifs_all/mp_772886.cif,-2.83695435
mp-1076665,../cifs_all/mp_1076665.cif,-2.16259717
mp-1246966,../cifs_all/mp_1246966.cif,-1.639961191
mp-757438,../cifs_all/mp_757438.cif,-2.654381393
mp-1246524,../cifs_all/mp_1246524.cif,-1.012120246
mp-1102988,../cifs_all/mp_1102988.cif,-1.242246433
mp-1222312,../cifs_all/mp_1222312.cif,-1.706334393
mp-1211340,../cifs_all/mp_1211340.cif,-2.825291059
mp-1228613,../cifs_all/mp_1228613.cif,-0.847961594
mp-652961,../cifs_all/mp_652961.cif,-2.734014038
mp-778109,../cifs_all/mp_778109.cif,-2.707364884
mp-1192251,../cifs_all/mp_1192251.cif,-0.846660856
mp-1199915,../cifs_all/mp_1199915.cif,-0.719597616
mp-757168,../cifs_all/mp_757168.cif,-2.519142075
mp-17524,../cifs_all/mp_17524.cif,-0.062423882
mp-1283659,../cifs_all/mp_1283659.cif,-2.672337734
mp-1221229,../cifs_all/mp_1221229.cif,-0.664112657
mp-1203148,../cifs_all/mp_1203148.cif,-2.502148062
mp-675535,../cifs_all/mp_675535.cif,-0.643727898
mp-1179684,../cifs_all/mp_1179684.cif,-0.162013682
mp-755207,../cifs_all/mp_755207.cif,-2.279181046
mp-570921,../cifs_all/mp_570921.cif,-1.911929673
mp-1043713,../cifs_all/mp_1043713.cif,-2.222290258
mp-1247324,../cifs_all/mp_1247324.cif,0.2476777
mp-1184231,../cifs_all/mp_1184231.cif,0.009979248
mp-1099311,../cifs_all/mp_1099311.cif,0.23133877875
mp-618309,../cifs_all/mp_618309.cif,-1.248398052
mp-1222649,../cifs_all/mp_1222649.cif,-3.198320522
mp-1197061,../cifs_all/mp_1197061.cif,-1.628646159
mp-761039,../cifs_all/mp_761039.cif,-2.10538406
mp-1218628,../cifs_all/mp_1218628.cif,-2.827364164
mp-1197707,../cifs_all/mp_1197707.cif,-0.70844109
mp-1220466,../cifs_all/mp_1220466.cif,-0.941184568
mp-42981,../cifs_all/mp_42981.cif,-3.366537321
mp-1039962,../cifs_all/mp_1039962.cif,-2.883710311
mp-1184633,../cifs_all/mp_1184633.cif,-0.27286598
mp-753799,../cifs_all/mp_753799.cif,-2.997090407
mp-652683,../cifs_all/mp_652683.cif,-1.978964642
mp-755918,../cifs_all/mp_755918.cif,-1.783178035
mp-1048247,../cifs_all/mp_1048247.cif,-1.666776582
mp-1031733,../cifs_all/mp_1031733.cif,-2.525402859
mp-1076268,../cifs_all/mp_1076268.cif,-2.339210243
mp-2232365,../cifs_all/mp_2232365.cif,-2.01236159
mp-1222112,../cifs_all/mp_1222112.cif,-2.226036457
mp-1175780,../cifs_all/mp_1175780.cif,-1.83085536
mp-2230278,../cifs_all/mp_2230278.cif,-2.242770986
mp-757483,../cifs_all/mp_757483.cif,-4.256258332
mp-28954,../cifs_all/mp_28954.cif,-0.446582549
mp-764583,../cifs_all/mp_764583.cif,-2.418274245
mp-1073015,../cifs_all/mp_1073015.cif,0.1847230485
mp-1226934,../cifs_all/mp_1226934.cif,-0.84259744
mp-611601,../cifs_all/mp_611601.cif,-2.470484945
mp-1181915,../cifs_all/mp_1181915.cif,-2.610833069
mp-1207434,../cifs_all/mp_1207434.cif,0.5029660139999971
mp-723629,../cifs_all/mp_723629.cif,-1.303050943
mp-8201,../cifs_all/mp_8201.cif,-2.49882582
mp-1018145,../cifs_all/mp_1018145.cif,0.325535349
mp-1184562,../cifs_all/mp_1184562.cif,-1.446279978
mp-1192766,../cifs_all/mp_1192766.cif,-0.850779764
mp-707744,../cifs_all/mp_707744.cif,-1.332471049
mp-23353,../cifs_all/mp_23353.cif,-0.444758119
mp-1197667,../cifs_all/mp_1197667.cif,-0.570980275
mp-2227561,../cifs_all/mp_2227561.cif,-2.321087263
mp-20830,../cifs_all/mp_20830.cif,-0.15629681
mp-2714211,../cifs_all/mp_2714211.cif,-2.698710653
mp-1186577,../cifs_all/mp_1186577.cif,-0.507044283
mp-1200046,../cifs_all/mp_1200046.cif,-2.592495497
mp-1096364,../cifs_all/mp_1096364.cif,1.505267869419638
mp-26461,../cifs_all/mp_26461.cif,-2.6387881
mp-1105084,../cifs_all/mp_1105084.cif,-2.103579463
mp-1102669,../cifs_all/mp_1102669.cif,-1.109798861
mp-1519678,../cifs_all/mp_1519678.cif,-2.587123904
mp-1079478,../cifs_all/mp_1079478.cif,-0.778551152
mp-30609,../cifs_all/mp_30609.cif,-0.648914548
mp-1113159,../cifs_all/mp_1113159.cif,-2.7504642
mp-542314,../cifs_all/mp_542314.cif,-2.261039175
mp-2218341,../cifs_all/mp_2218341.cif,-2.149233199
mp-862901,../cifs_all/mp_862901.cif,-4.286025552
mp-753969,../cifs_all/mp_753969.cif,-3.229284237
mp-1213139,../cifs_all/mp_1213139.cif,-0.359248012
mp-1033014,../cifs_all/mp_1033014.cif,-2.606920508
mp-1105069,../cifs_all/mp_1105069.cif,-0.615817237
mp-779356,../cifs_all/mp_779356.cif,-2.483635391
mp-861525,../cifs_all/mp_861525.cif,0.8387112051587291
mp-556509,../cifs_all/mp_556509.cif,-3.285665122
mp-1205374,../cifs_all/mp_1205374.cif,-0.024975964
mp-1516465,../cifs_all/mp_1516465.cif,-3.072940971
mp-1080325,../cifs_all/mp_1080325.cif,-1.660860846
mp-2240221,../cifs_all/mp_2240221.cif,-1.930331155
mp-2240092,../cifs_all/mp_2240092.cif,-0.96300574
mp-568546,../cifs_all/mp_568546.cif,-1.041482054
mp-555514,../cifs_all/mp_555514.cif,-2.000467334
mp-773014,../cifs_all/mp_773014.cif,-1.693939301
mp-1223144,../cifs_all/mp_1223144.cif,-2.479225461
mp-1044021,../cifs_all/mp_1044021.cif,-2.286095583
mp-1096752,../cifs_all/mp_1096752.cif,1.867284965416669
mp-1233269,../cifs_all/mp_1233269.cif,-2.130449517
mp-1073900,../cifs_all/mp_1073900.cif,0.134344772
mp-1226218,../cifs_all/mp_1226218.cif,-2.714581799
mp-1199849,../cifs_all/mp_1199849.cif,-3.015554491
mp-1048636,../cifs_all/mp_1048636.cif,-2.456174241
mp-13448,../cifs_all/mp_13448.cif,-0.269332417
mp-530392,../cifs_all/mp_530392.cif,-1.726393004
mp-1190755,../cifs_all/mp_1190755.cif,-0.579347339
mp-1184558,../cifs_all/mp_1184558.cif,-0.263515655
mp-696849,../cifs_all/mp_696849.cif,-1.289134017
mp-7631,../cifs_all/mp_7631.cif,-0.305938796
mp-765004,../cifs_all/mp_765004.cif,-1.934322798
mp-1213055,../cifs_all/mp_1213055.cif,-1.962069736
mp-14469,../cifs_all/mp_14469.cif,-2.385620783
mp-1222597,../cifs_all/mp_1222597.cif,-3.023366194
mp-1079997,../cifs_all/mp_1079997.cif,-0.260165279
mp-677308,../cifs_all/mp_677308.cif,-2.317921235
mp-561132,../cifs_all/mp_561132.cif,-1.001745289
mp-608311,../cifs_all/mp_608311.cif,-1.533566568
mp-1222413,../cifs_all/mp_1222413.cif,-0.285529339
mp-2713033,../cifs_all/mp_2713033.cif,-2.743375837
mp-778808,../cifs_all/mp_778808.cif,-2.978340099
mp-20762,../cifs_all/mp_20762.cif,-0.424102602
mp-16998,../cifs_all/mp_16998.cif,-2.851373722
mp-1234470,../cifs_all/mp_1234470.cif,-1.334804418
mp-1227231,../cifs_all/mp_1227231.cif,-0.39695484
mp-1173622,../cifs_all/mp_1173622.cif,-2.370805832
mp-1079739,../cifs_all/mp_1079739.cif,-1.080331086
mp-1203248,../cifs_all/mp_1203248.cif,-0.767564269
mp-1191831,../cifs_all/mp_1191831.cif,-1.763247834
mp-1232091,../cifs_all/mp_1232091.cif,-2.033845823
mp-16831,../cifs_all/mp_16831.cif,-3.099354685
mp-1102786,../cifs_all/mp_1102786.cif,-1.504755309
mp-1251690,../cifs_all/mp_1251690.cif,-2.544427013
mp-1373133,../cifs_all/mp_1373133.cif,-2.730551743
mp-1040079,../cifs_all/mp_1040079.cif,-2.995778138
mp-766012,../cifs_all/mp_766012.cif,-2.262016306
mp-1075132,../cifs_all/mp_1075132.cif,0.235921941
mp-850915,../cifs_all/mp_850915.cif,-2.320117317
mp-20397,../cifs_all/mp_20397.cif,-0.96601338
mp-2715133,../cifs_all/mp_2715133.cif,-2.816626516
mp-30937,../cifs_all/mp_30937.cif,-0.46223136
mp-1176540,../cifs_all/mp_1176540.cif,-2.381405825
mp-1666595,../cifs_all/mp_1666595.cif,-2.035899193
mp-756042,../cifs_all/mp_756042.cif,-2.426831797
mp-1212389,../cifs_all/mp_1212389.cif,-0.289832964
mp-778326,../cifs_all/mp_778326.cif,-2.706359212
mp-1286297,../cifs_all/mp_1286297.cif,-2.411562925
mp-1173881,../cifs_all/mp_1173881.cif,-1.694867199
mp-1519972,../cifs_all/mp_1519972.cif,-3.246136889
mp-1224395,../cifs_all/mp_1224395.cif,-0.387338212
mp-1086665,../cifs_all/mp_1086665.cif,-1.654064654
mp-1222781,../cifs_all/mp_1222781.cif,-0.78530933
mp-772429,../cifs_all/mp_772429.cif,-2.744421658
mp-1221498,../cifs_all/mp_1221498.cif,-0.076285687
mp-2219388,../cifs_all/mp_2219388.cif,-2.856648771
mp-1200465,../cifs_all/mp_1200465.cif,-0.531478824
mp-1022601,../cifs_all/mp_1022601.cif,-0.002347672
mp-35035,../cifs_all/mp_35035.cif,-0.37354305
mp-1244963,../cifs_all/mp_1244963.cif,-2.813737963
mp-1517110,../cifs_all/mp_1517110.cif,-2.941070481
mp-1197121,../cifs_all/mp_1197121.cif,-2.259452741
mp-1212199,../cifs_all/mp_1212199.cif,-1.827687235
mp-16102,../cifs_all/mp_16102.cif,-1.980311719
mp-13123,../cifs_all/mp_13123.cif,-0.761658058
mp-2492941,../cifs_all/mp_2492941.cif,-1.399677554
mp-1147587,../cifs_all/mp_1147587.cif,-2.133255779
mp-723175,../cifs_all/mp_723175.cif,-2.175830402
mp-1104257,../cifs_all/mp_1104257.cif,-0.942046331
mp-1224871,../cifs_all/mp_1224871.cif,-0.487357616
mp-29178,../cifs_all/mp_29178.cif,-2.378361093
mp-1186835,../cifs_all/mp_1186835.cif,-0.224169862
mp-1044171,../cifs_all/mp_1044171.cif,-2.20303367
mp-1228747,../cifs_all/mp_1228747.cif,-2.540831799
mp-1110897,../cifs_all/mp_1110897.cif,-1.599942693
mp-1226779,../cifs_all/mp_1226779.cif,-0.648064433
mp-1037390,../cifs_all/mp_1037390.cif,-2.934500938
mp-1206948,../cifs_all/mp_1206948.cif,2.3729304650000023
mp-1189387,../cifs_all/mp_1189387.cif,-0.352210279
mp-1204134,../cifs_all/mp_1204134.cif,-2.726740851
mp-1218930,../cifs_all/mp_1218930.cif,-2.074565263
mp-1095660,../cifs_all/mp_1095660.cif,-0.258337531
mp-1185050,../cifs_all/mp_1185050.cif,-0.336693294
mp-1220943,../cifs_all/mp_1220943.cif,-3.133163484
mp-1096969,../cifs_all/mp_1096969.cif,-0.446980927
mp-1227790,../cifs_all/mp_1227790.cif,-3.664987271
mp-771902,../cifs_all/mp_771902.cif,-2.489963858
mp-1176237,../cifs_all/mp_1176237.cif,-1.665875865
mp-1005693,../cifs_all/mp_1005693.cif,-0.597539327
mp-1191408,../cifs_all/mp_1191408.cif,-2.484743316
mp-510708,../cifs_all/mp_510708.cif,-2.755720625
mp-752958,../cifs_all/mp_752958.cif,-2.790247578
mp-1102860,../cifs_all/mp_1102860.cif,-0.619682019
mp-1228078,../cifs_all/mp_1228078.cif,-2.400618612
mp-704102,../cifs_all/mp_704102.cif,-1.791176325
mp-863718,../cifs_all/mp_863718.cif,-0.142694173
mp-2716283,../cifs_all/mp_2716283.cif,-2.610250642
mp-2716023,../cifs_all/mp_2716023.cif,-2.885695342
mp-860887,../cifs_all/mp_860887.cif,-2.582555825
mp-1261461,../cifs_all/mp_1261461.cif,-2.819815917
mp-1245867,../cifs_all/mp_1245867.cif,-0.471484879
mp-1206909,../cifs_all/mp_1206909.cif,-0.553911794
mp-1186476,../cifs_all/mp_1186476.cif,-0.594927149
mp-1199239,../cifs_all/mp_1199239.cif,-1.168554631
mp-772952,../cifs_all/mp_772952.cif,-2.373281589
mp-570076,../cifs_all/mp_570076.cif,-0.512410161
mp-1516600,../cifs_all/mp_1516600.cif,-3.436459323
mp-1101619,../cifs_all/mp_1101619.cif,-4.093184895
mp-31308,../cifs_all/mp_31308.cif,-1.165397501
mp-1043021,../cifs_all/mp_1043021.cif,-2.136723529
mp-1096279,../cifs_all/mp_1096279.cif,4.821432379999997
mp-1228354,../cifs_all/mp_1228354.cif,-1.801398686
mp-27400,../cifs_all/mp_27400.cif,-1.56035395
mp-570837,../cifs_all/mp_570837.cif,-0.387576421
mp-10097,../cifs_all/mp_10097.cif,-0.813139928
mp-1112060,../cifs_all/mp_1112060.cif,-1.99617214
mp-3816,../cifs_all/mp_3816.cif,-0.421090417
mp-2016,../cifs_all/mp_2016.cif,-0.272126472
mp-707343,../cifs_all/mp_707343.cif,-1.354887119
mp-557740,../cifs_all/mp_557740.cif,-2.219651173
mp-867165,../cifs_all/mp_867165.cif,-0.301167939
mp-605028,../cifs_all/mp_605028.cif,-0.402809846
mp-707977,../cifs_all/mp_707977.cif,-3.108616154
mp-1106300,../cifs_all/mp_1106300.cif,-0.203933504
mp-1210714,../cifs_all/mp_1210714.cif,-1.470925012
mp-25082,../cifs_all/mp_25082.cif,-0.866200907
mp-1219580,../cifs_all/mp_1219580.cif,-0.496472833
mp-1099092,../cifs_all/mp_1099092.cif,0.153111758125
mp-1215401,../cifs_all/mp_1215401.cif,-0.03288788
mp-1187051,../cifs_all/mp_1187051.cif,-0.404938584
mp-28089,../cifs_all/mp_28089.cif,-0.322518028
mp-863371,../cifs_all/mp_863371.cif,-2.519808693
mp-1188323,../cifs_all/mp_1188323.cif,-3.301910415
mp-1177772,../cifs_all/mp_1177772.cif,-1.936416617
mp-755269,../cifs_all/mp_755269.cif,-2.563195538
mp-1225815,../cifs_all/mp_1225815.cif,-0.546160447
mp-560806,../cifs_all/mp_560806.cif,-0.770238757
mp-1204399,../cifs_all/mp_1204399.cif,-2.602810342
mp-1222012,../cifs_all/mp_1222012.cif,-0.018655102
mp-753000,../cifs_all/mp_753000.cif,-1.894024921
mp-775736,../cifs_all/mp_775736.cif,-0.989818444
mp-505472,../cifs_all/mp_505472.cif,-0.402885582
mp-1025223,../cifs_all/mp_1025223.cif,-0.446482999
mp-766983,../cifs_all/mp_766983.cif,-3.149551103
mp-1093926,../cifs_all/mp_1093926.cif,1.587843947
mp-561442,../cifs_all/mp_561442.cif,-3.989558999
mp-636950,../cifs_all/mp_636950.cif,-2.248085784
mp-1184875,../cifs_all/mp_1184875.cif,0.72291629
mp-1178872,../cifs_all/mp_1178872.cif,-1.584215123
mp-1193506,../cifs_all/mp_1193506.cif,0.127697333
mp-1189084,../cifs_all/mp_1189084.cif,-0.590829656
mp-776558,../cifs_all/mp_776558.cif,-2.472048228
mp-552963,../cifs_all/mp_552963.cif,-3.258980095
mp-1186917,../cifs_all/mp_1186917.cif,0.101339048749999
mp-1044185,../cifs_all/mp_1044185.cif,-2.124136628
mp-556646,../cifs_all/mp_556646.cif,-2.799580872
mp-1070583,../cifs_all/mp_1070583.cif,-0.654079557
mp-556934,../cifs_all/mp_556934.cif,-3.392984663
mp-1212084,../cifs_all/mp_1212084.cif,-1.672353747
mp-1209433,../cifs_all/mp_1209433.cif,-2.532508436
mp-1216309,../cifs_all/mp_1216309.cif,-2.923605599
mp-27192,../cifs_all/mp_27192.cif,-3.470375477
mp-1222601,../cifs_all/mp_1222601.cif,-2.613757498
mp-1186044,../cifs_all/mp_1186044.cif,-1.934021868
mp-8557,../cifs_all/mp_8557.cif,-3.563953095
mp-680717,../cifs_all/mp_680717.cif,-3.202476772
mp-2712604,../cifs_all/mp_2712604.cif,-2.82933986
mp-1210858,../cifs_all/mp_1210858.cif,-0.257265623
mp-866045,../cifs_all/mp_866045.cif,0.000285213
mp-1105024,../cifs_all/mp_1105024.cif,-0.28451403
mp-31221,../cifs_all/mp_31221.cif,0.007972721
mp-972839,../cifs_all/mp_972839.cif,-0.999580197
mp-21810,../cifs_all/mp_21810.cif,-0.780097267
mp-1205546,../cifs_all/mp_1205546.cif,-0.656456315
mp-1045419,../cifs_all/mp_1045419.cif,-1.368239801
mp-1522073,../cifs_all/mp_1522073.cif,-3.395279842
mp-1110865,../cifs_all/mp_1110865.cif,-1.64045249
mp-684014,../cifs_all/mp_684014.cif,-0.361314575
mp-999265,../cifs_all/mp_999265.cif,-2.091590316
mp-1192405,../cifs_all/mp_1192405.cif,-1.757071193
mp-1021409,../cifs_all/mp_1021409.cif,0.1931167659375
mp-765472,../cifs_all/mp_765472.cif,-3.390186621
mp-568808,../cifs_all/mp_568808.cif,-2.056671906
mp-2716396,../cifs_all/mp_2716396.cif,-3.050377724
mp-773601,../cifs_all/mp_773601.cif,-1.883355419
mp-1245723,../cifs_all/mp_1245723.cif,0.154277805
mp-14970,../cifs_all/mp_14970.cif,-2.862746425
mp-1224487,../cifs_all/mp_1224487.cif,0.345263175
mp-672368,../cifs_all/mp_672368.cif,-1.525958632
mp-1216659,../cifs_all/mp_1216659.cif,-0.813882118
mp-1183392,../cifs_all/mp_1183392.cif,0.042798029
mp-1112495,../cifs_all/mp_1112495.cif,-2.890992305
mp-1185303,../cifs_all/mp_1185303.cif,-1.668078163
mp-1235679,../cifs_all/mp_1235679.cif,-1.726836179
mp-1216867,../cifs_all/mp_1216867.cif,-0.354587314
mp-1208547,../cifs_all/mp_1208547.cif,-0.714295392
mp-1040914,../cifs_all/mp_1040914.cif,-2.503994431
mp-510620,../cifs_all/mp_510620.cif,-0.802138881
mp-1207093,../cifs_all/mp_1207093.cif,-0.279175664
mp-569866,../cifs_all/mp_569866.cif,0.006985382
mp-505511,../cifs_all/mp_505511.cif,-0.38076552
mp-772617,../cifs_all/mp_772617.cif,-0.998742816
mp-9149,../cifs_all/mp_9149.cif,-0.991271521
mp-1232260,../cifs_all/mp_1232260.cif,-0.985458826
mp-1237093,../cifs_all/mp_1237093.cif,-1.40375201
mp-21187,../cifs_all/mp_21187.cif,-0.583089219
mp-756983,../cifs_all/mp_756983.cif,-2.400571136
mp-1112417,../cifs_all/mp_1112417.cif,-2.703276743
mp-26870,../cifs_all/mp_26870.cif,-2.39104145
mp-554570,../cifs_all/mp_554570.cif,-0.367197776
mp-27291,../cifs_all/mp_27291.cif,-2.149853655
mp-757217,../cifs_all/mp_757217.cif,-2.65749614
mp-1190932,../cifs_all/mp_1190932.cif,-1.657059791
mp-2217107,../cifs_all/mp_2217107.cif,-1.444283384
mp-24625,../cifs_all/mp_24625.cif,-0.456744847
mp-1074405,../cifs_all/mp_1074405.cif,0.045157189
mp-1211775,../cifs_all/mp_1211775.cif,-2.633005704
mp-1093550,../cifs_all/mp_1093550.cif,1.217457927500001
mp-1217181,../cifs_all/mp_1217181.cif,-2.356162779
mp-1027892,../cifs_all/mp_1027892.cif,0.067196422
mp-1202961,../cifs_all/mp_1202961.cif,-0.615021457
mp-770735,../cifs_all/mp_770735.cif,-1.656850134
mp-1214009,../cifs_all/mp_1214009.cif,-0.598493377
mp-1178894,../cifs_all/mp_1178894.cif,-1.922323203
mp-1220686,../cifs_all/mp_1220686.cif,-0.831274614
mp-1248087,../cifs_all/mp_1248087.cif,0.446244300833333
mp-1214098,../cifs_all/mp_1214098.cif,-3.213836198
mp-1227253,../cifs_all/mp_1227253.cif,-3.582381666
mp-1213294,../cifs_all/mp_1213294.cif,-2.977649125
mp-1097011,../cifs_all/mp_1097011.cif,-0.208766135
mp-30320,../cifs_all/mp_30320.cif,-3.894389624
mp-759967,../cifs_all/mp_759967.cif,-2.501449701
mp-1213750,../cifs_all/mp_1213750.cif,-0.462842959
mp-776980,../cifs_all/mp_776980.cif,-2.427410613
mp-2218742,../cifs_all/mp_2218742.cif,-1.342421771
mp-2713642,../cifs_all/mp_2713642.cif,-2.814191931
mp-29825,../cifs_all/mp_29825.cif,-2.900694892
mp-1208849,../cifs_all/mp_1208849.cif,-0.693451871
mp-714904,../cifs_all/mp_714904.cif,-1.1429497
mp-2716266,../cifs_all/mp_2716266.cif,-2.567306382
mp-1104597,../cifs_all/mp_1104597.cif,-0.322655117
mp-1189843,../cifs_all/mp_1189843.cif,-0.278051729
mp-622353,../cifs_all/mp_622353.cif,-2.835500041
mp-1095775,../cifs_all/mp_1095775.cif,3.575070278333334
mp-1025261,../cifs_all/mp_1025261.cif,-0.591269473
mp-772989,../cifs_all/mp_772989.cif,-2.397306155
mp-1192523,../cifs_all/mp_1192523.cif,-0.256663681
mp-1183116,../cifs_all/mp_1183116.cif,0.051860592
mp-1211096,../cifs_all/mp_1211096.cif,-1.130249634
mp-2793,../cifs_all/mp_2793.cif,-0.140219075
mp-1043935,../cifs_all/mp_1043935.cif,-2.086137005
mp-865796,../cifs_all/mp_865796.cif,-0.692099394
mp-1208640,../cifs_all/mp_1208640.cif,-2.77946299
mp-1199184,../cifs_all/mp_1199184.cif,-2.896433868
mp-1245833,../cifs_all/mp_1245833.cif,0.223262479
mp-1197760,../cifs_all/mp_1197760.cif,-0.51191703
mp-862991,../cifs_all/mp_862991.cif,-0.259739214
mp-1204679,../cifs_all/mp_1204679.cif,0.235196259791666
mp-26605,../cifs_all/mp_26605.cif,-2.634305192
mp-1220453,../cifs_all/mp_1220453.cif,-1.241843314
mp-1227934,../cifs_all/mp_1227934.cif,-2.638737281
mp-2713263,../cifs_all/mp_2713263.cif,-2.800192463
mp-1042208,../cifs_all/mp_1042208.cif,-2.411436602
mp-697458,../cifs_all/mp_697458.cif,-1.509781615
mp-1232041,../cifs_all/mp_1232041.cif,-2.024824678
mp-1043471,../cifs_all/mp_1043471.cif,-2.30970523
mp-1177056,../cifs_all/mp_1177056.cif,-2.616119028
mp-1030568,../cifs_all/mp_1030568.cif,-0.417673948
mp-975361,../cifs_all/mp_975361.cif,-2.318606859
mp-772076,../cifs_all/mp_772076.cif,-2.980317369
mp-755553,../cifs_all/mp_755553.cif,-2.023845094
mp-1520549,../cifs_all/mp_1520549.cif,-2.916879056
mp-770932,../cifs_all/mp_770932.cif,-2.101960167
mp-1307235,../cifs_all/mp_1307235.cif,-1.908345494
mp-1223436,../cifs_all/mp_1223436.cif,-0.78470377
mp-2220228,../cifs_all/mp_2220228.cif,-2.525240888
mp-764988,../cifs_all/mp_764988.cif,-2.573424537
mp-1182621,../cifs_all/mp_1182621.cif,-0.673352999
mp-1046839,../cifs_all/mp_1046839.cif,-2.900613825
mp-1093769,../cifs_all/mp_1093769.cif,3.591626693333332
mp-1030747,../cifs_all/mp_1030747.cif,-2.211258349
mp-2232191,../cifs_all/mp_2232191.cif,-2.892599361
mp-769399,../cifs_all/mp_769399.cif,-3.392521306
mp-1199923,../cifs_all/mp_1199923.cif,-0.029465691
mp-1211559,../cifs_all/mp_1211559.cif,-0.953624646
mp-724566,../cifs_all/mp_724566.cif,-2.44121357
mp-1235328,../cifs_all/mp_1235328.cif,-0.979282325
mp-1222393,../cifs_all/mp_1222393.cif,-2.349611888
mp-1038708,../cifs_all/mp_1038708.cif,-2.919470299
mp-2647153,../cifs_all/mp_2647153.cif,-1.718143068
mp-1079322,../cifs_all/mp_1079322.cif,-0.014402098
mp-2713833,../cifs_all/mp_2713833.cif,-2.260818434
mp-559880,../cifs_all/mp_559880.cif,-0.660784143
mp-1041063,../cifs_all/mp_1041063.cif,-1.750237343
mp-567479,../cifs_all/mp_567479.cif,-0.581538864
mp-758740,../cifs_all/mp_758740.cif,-2.307842499
mp-1344566,../cifs_all/mp_1344566.cif,-2.751470458
mp-2225014,../cifs_all/mp_2225014.cif,-1.469589612
mp-1096551,../cifs_all/mp_1096551.cif,2.435794828333334
mp-2715863,../cifs_all/mp_2715863.cif,-2.406908247
mp-1071036,../cifs_all/mp_1071036.cif,-0.997179175
mp-1203455,../cifs_all/mp_1203455.cif,-2.347888605
mp-38257,../cifs_all/mp_38257.cif,-2.147057788
mp-1217553,../cifs_all/mp_1217553.cif,-0.474064864
mp-2225595,../cifs_all/mp_2225595.cif,-2.382677252
mp-30984,../cifs_all/mp_30984.cif,-1.141020253
mp-1202863,../cifs_all/mp_1202863.cif,-2.108912658
mp-2715098,../cifs_all/mp_2715098.cif,-2.927315517
mp-1229227,../cifs_all/mp_1229227.cif,-1.970252993
mp-1209536,../cifs_all/mp_1209536.cif,-2.713186278
mp-1206323,../cifs_all/mp_1206323.cif,-0.25917289
mp-1100568,../cifs_all/mp_1100568.cif,-1.751529648
mp-1200292,../cifs_all/mp_1200292.cif,-3.256908398
mp-6873,../cifs_all/mp_6873.cif,-3.546341526
mp-1104379,../cifs_all/mp_1104379.cif,-1.175293286
mp-2223058,../cifs_all/mp_2223058.cif,-1.730377953
mp-1217020,../cifs_all/mp_1217020.cif,-0.397279983
mp-1186054,../cifs_all/mp_1186054.cif,0.047017862090517
mp-15691,../cifs_all/mp_15691.cif,-1.601912328
mp-1207981,../cifs_all/mp_1207981.cif,0.7846544965624991
mp-1028932,../cifs_all/mp_1028932.cif,-0.45964063
mp-23611,../cifs_all/mp_23611.cif,-2.782548546
mp-754498,../cifs_all/mp_754498.cif,-1.668840278
mp-1020110,../cifs_all/mp_1020110.cif,-3.080145824
mp-1386542,../cifs_all/mp_1386542.cif,0.7710143637500001
mp-1233450,../cifs_all/mp_1233450.cif,-4.06086141
mp-1193242,../cifs_all/mp_1193242.cif,-1.734418118
mp-755679,../cifs_all/mp_755679.cif,-2.012850951
mp-561368,../cifs_all/mp_561368.cif,-0.983817408
mp-773166,../cifs_all/mp_773166.cif,-1.387457697
mp-600004,../cifs_all/mp_600004.cif,-3.255533582
mp-568326,../cifs_all/mp_568326.cif,-0.254376304
mp-1017628,../cifs_all/mp_1017628.cif,-0.465639511
mp-1307356,../cifs_all/mp_1307356.cif,-1.613895288
mp-757973,../cifs_all/mp_757973.cif,-2.539725121
mp-680639,../cifs_all/mp_680639.cif,-0.098123459
mp-759700,../cifs_all/mp_759700.cif,-2.8919162
mp-757691,../cifs_all/mp_757691.cif,-1.889544721
mp-1237566,../cifs_all/mp_1237566.cif,-3.019869238
mp-999126,../cifs_all/mp_999126.cif,-2.131943001
mp-1245864,../cifs_all/mp_1245864.cif,-0.231167674
mp-1345479,../cifs_all/mp_1345479.cif,-2.346477465
mp-13495,../cifs_all/mp_13495.cif,-0.693100565
mp-1029267,../cifs_all/mp_1029267.cif,-1.796189296
mp-780469,../cifs_all/mp_780469.cif,-1.654639803
mp-2218194,../cifs_all/mp_2218194.cif,-2.337159404
mp-1175812,../cifs_all/mp_1175812.cif,-1.834929169
mp-1063779,../cifs_all/mp_1063779.cif,-0.874653132
mp-761131,../cifs_all/mp_761131.cif,-1.67103965
mp-556517,../cifs_all/mp_556517.cif,-1.536198562
mp-677474,../cifs_all/mp_677474.cif,-2.222211398
mp-777770,../cifs_all/mp_777770.cif,-2.189276114
mp-1221675,../cifs_all/mp_1221675.cif,-0.281030209
mp-867535,../cifs_all/mp_867535.cif,-2.735930928
mp-978824,../cifs_all/mp_978824.cif,-0.48480496
mp-768700,../cifs_all/mp_768700.cif,-2.177450593
mp-1246114,../cifs_all/mp_1246114.cif,-0.250711826
mp-1220542,../cifs_all/mp_1220542.cif,-0.157526788
mp-580062,../cifs_all/mp_580062.cif,-0.23482503
mp-849534,../cifs_all/mp_849534.cif,-1.854583324
mp-1234319,../cifs_all/mp_1234319.cif,-3.071607753
mp-1247148,../cifs_all/mp_1247148.cif,-1.168751421
mp-770394,../cifs_all/mp_770394.cif,-2.255465694
mp-1077470,../cifs_all/mp_1077470.cif,-0.54833065
mp-1220595,../cifs_all/mp_1220595.cif,-0.541000411
mp-1097540,../cifs_all/mp_1097540.cif,0.729855868
mp-1412672,../cifs_all/mp_1412672.cif,-1.735046835
mp-2145,../cifs_all/mp_2145.cif,-0.501898801
mp-2226985,../cifs_all/mp_2226985.cif,-2.587665152
mp-1186153,../cifs_all/mp_1186153.cif,-1.088504399
mp-2228917,../cifs_all/mp_2228917.cif,-2.887903331
mp-2650313,../cifs_all/mp_2650313.cif,-0.517270873
mp-1236405,../cifs_all/mp_1236405.cif,-0.612022901
mp-1219845,../cifs_all/mp_1219845.cif,-0.553676276
mp-1184827,../cifs_all/mp_1184827.cif,-0.454041252
mp-1237360,../cifs_all/mp_1237360.cif,-1.536662237
mp-863390,../cifs_all/mp_863390.cif,-2.32155555
mp-23894,../cifs_all/mp_23894.cif,-1.717554439
mp-1183796,../cifs_all/mp_1183796.cif,-0.021953491
mp-757573,../cifs_all/mp_757573.cif,-2.015212976
mp-1022917,../cifs_all/mp_1022917.cif,0.16934325
mp-560484,../cifs_all/mp_560484.cif,-1.476174372
mp-766216,../cifs_all/mp_766216.cif,-2.18668594
mp-1522715,../cifs_all/mp_1522715.cif,-2.352888354
mp-752967,../cifs_all/mp_752967.cif,-2.472762329
mp-1208183,../cifs_all/mp_1208183.cif,-0.295471145
mp-1048393,../cifs_all/mp_1048393.cif,-1.225200179
mp-1187621,../cifs_all/mp_1187621.cif,-1.642345368
mp-1040455,../cifs_all/mp_1040455.cif,-0.633659663
mp-2712739,../cifs_all/mp_2712739.cif,-2.586672947
mp-757144,../cifs_all/mp_757144.cif,-1.360683106
mp-2233187,../cifs_all/mp_2233187.cif,-1.904695902
mp-1096866,../cifs_all/mp_1096866.cif,-0.46503865
mp-1099685,../cifs_all/mp_1099685.cif,-2.209420429
mp-1247109,../cifs_all/mp_1247109.cif,-1.461211756
mp-1205530,../cifs_all/mp_1205530.cif,-3.456198873
mp-864909,../cifs_all/mp_864909.cif,-0.822498638
mp-1214657,../cifs_all/mp_1214657.cif,-0.450611825
mp-1233569,../cifs_all/mp_1233569.cif,-2.257854081
mp-767679,../cifs_all/mp_767679.cif,-2.292883117
mp-2713708,../cifs_all/mp_2713708.cif,-2.557302048
mp-23440,../cifs_all/mp_23440.cif,-1.249694283
mp-764741,../cifs_all/mp_764741.cif,-2.244240838
mp-1224431,../cifs_all/mp_1224431.cif,0.040622631
mp-672187,../cifs_all/mp_672187.cif,-0.768948038
mp-1036585,../cifs_all/mp_1036585.cif,-2.885928245
mp-510430,../cifs_all/mp_510430.cif,-0.255294934
mp-768199,../cifs_all/mp_768199.cif,-1.084312414
mp-1372062,../cifs_all/mp_1372062.cif,-0.69080778
mp-772089,../cifs_all/mp_772089.cif,-2.663281221
mp-1076747,../cifs_all/mp_1076747.cif,-2.081915384
mp-28870,../cifs_all/mp_28870.cif,-1.968267121
mp-1193011,../cifs_all/mp_1193011.cif,-2.152119967
mp-1191822,../cifs_all/mp_1191822.cif,-2.449535553
mp-1175985,../cifs_all/mp_1175985.cif,-1.655274597
mp-10634,../cifs_all/mp_10634.cif,-1.019915678
mp-771545,../cifs_all/mp_771545.cif,-1.949344792
mp-674804,../cifs_all/mp_674804.cif,-1.717364492
mp-1175547,../cifs_all/mp_1175547.cif,-1.833713152
mp-634805,../cifs_all/mp_634805.cif,-3.343135195
mp-557087,../cifs_all/mp_557087.cif,-2.009563161
mp-2236358,../cifs_all/mp_2236358.cif,-2.484342515
mp-1199821,../cifs_all/mp_1199821.cif,-0.228878432
mp-2879,../cifs_all/mp_2879.cif,-2.637358638
mp-1245551,../cifs_all/mp_1245551.cif,0.392724762499998
mp-1208591,../cifs_all/mp_1208591.cif,-0.262518078
mp-1186070,../cifs_all/mp_1186070.cif,0.315253761336206
mp-722674,../cifs_all/mp_722674.cif,-1.600771878
mp-2713554,../cifs_all/mp_2713554.cif,-2.448062253
mp-861746,../cifs_all/mp_861746.cif,-2.449884963
mp-1182627,../cifs_all/mp_1182627.cif,-0.89101107
mp-1518971,../cifs_all/mp_1518971.cif,-3.108887114
mp-1224124,../cifs_all/mp_1224124.cif,-2.454213285
mp-1203692,../cifs_all/mp_1203692.cif,-1.456262003
mp-2226749,../cifs_all/mp_2226749.cif,-1.457724004
mp-10139,../cifs_all/mp_10139.cif,-0.675955673
mp-1035508,../cifs_all/mp_1035508.cif,-2.77215994
mp-2226136,../cifs_all/mp_2226136.cif,-0.445613648
mp-1217419,../cifs_all/mp_1217419.cif,0.103547053749998
mp-1198782,../cifs_all/mp_1198782.cif,-2.873662701
mp-1209893,../cifs_all/mp_1209893.cif,-1.368515633
mp-1188062,../cifs_all/mp_1188062.cif,-0.015423974
mp-1218664,../cifs_all/mp_1218664.cif,-2.166924279
mp-1104206,../cifs_all/mp_1104206.cif,-0.982563292
mp-20078,../cifs_all/mp_20078.cif,-1.393345209
mp-1076202,../cifs_all/mp_1076202.cif,-3.139446223
mp-1208766,../cifs_all/mp_1208766.cif,-2.977922272
mp-1212855,../cifs_all/mp_1212855.cif,-1.6907063
mp-1297796,../cifs_all/mp_1297796.cif,-2.026520521
mp-779104,../cifs_all/mp_779104.cif,-1.527419827
mp-1234938,../cifs_all/mp_1234938.cif,-1.864677483
mp-1247641,../cifs_all/mp_1247641.cif,-2.858688656
mp-560071,../cifs_all/mp_560071.cif,-2.718016733
mp-1227757,../cifs_all/mp_1227757.cif,-0.443274
mp-1217952,../cifs_all/mp_1217952.cif,-1.018462434
mp-989635,../cifs_all/mp_989635.cif,-0.792266584
mp-676561,../cifs_all/mp_676561.cif,-0.249671857
mp-997084,../cifs_all/mp_997084.cif,-0.960834817
mp-865116,../cifs_all/mp_865116.cif,-0.331126471
mp-1210968,../cifs_all/mp_1210968.cif,-2.575929522
mp-1106188,../cifs_all/mp_1106188.cif,0.496729524999999
mp-16371,../cifs_all/mp_16371.cif,-0.678234428
mp-865349,../cifs_all/mp_865349.cif,-0.287957388
mp-5229,../cifs_all/mp_5229.cif,-3.551192238
mp-1218389,../cifs_all/mp_1218389.cif,-2.366406395
mp-1043894,../cifs_all/mp_1043894.cif,-2.399504409
mp-761143,../cifs_all/mp_761143.cif,-2.441815417
mp-22874,../cifs_all/mp_22874.cif,-0.781388207
mp-24359,../cifs_all/mp_24359.cif,-1.688924521
mp-831258,../cifs_all/mp_831258.cif,-2.431602373
mp-1017475,../cifs_all/mp_1017475.cif,-0.076711585
mp-11990,../cifs_all/mp_11990.cif,-0.323986234
mp-2217709,../cifs_all/mp_2217709.cif,-1.980281249
mp-1199497,../cifs_all/mp_1199497.cif,-0.839560738
mp-18986,../cifs_all/mp_18986.cif,-2.95322428
mp-1229268,../cifs_all/mp_1229268.cif,-2.4822043
mp-30330,../cifs_all/mp_30330.cif,-2.972441152
mp-1210539,../cifs_all/mp_1210539.cif,-0.161955888
mp-1385937,../cifs_all/mp_1385937.cif,-2.521658369
mp-1216738,../cifs_all/mp_1216738.cif,-0.83585623
mp-1192688,../cifs_all/mp_1192688.cif,0.367706880714285
mp-1208362,../cifs_all/mp_1208362.cif,-0.356925533
mp-1522081,../cifs_all/mp_1522081.cif,-2.701435387
mp-651434,../cifs_all/mp_651434.cif,-2.131867448
mp-1105580,../cifs_all/mp_1105580.cif,-0.475731295
mp-695439,../cifs_all/mp_695439.cif,-2.197282673
mp-1104224,../cifs_all/mp_1104224.cif,-0.966510307
mp-554411,../cifs_all/mp_554411.cif,-2.943881082
mp-558362,../cifs_all/mp_558362.cif,-2.867154421
mp-560832,../cifs_all/mp_560832.cif,-2.136894328
mp-2912291,../cifs_all/mp_2912291.cif,-2.251900608
mp-1199518,../cifs_all/mp_1199518.cif,-0.542669066
mp-1197440,../cifs_all/mp_1197440.cif,-1.625098345
mp-2746689,../cifs_all/mp_2746689.cif,-1.08052252
mp-16514,../cifs_all/mp_16514.cif,-0.563250545
mp-1031652,../cifs_all/mp_1031652.cif,-2.522046363
mp-553919,../cifs_all/mp_553919.cif,-1.358812299
mp-1202942,../cifs_all/mp_1202942.cif,-2.487369673
mp-1204958,../cifs_all/mp_1204958.cif,0.170056089
mp-1407835,../cifs_all/mp_1407835.cif,-2.761654537
mp-1212512,../cifs_all/mp_1212512.cif,-0.99930323
mp-1385211,../cifs_all/mp_1385211.cif,0.907923117195402
mp-1038038,../cifs_all/mp_1038038.cif,-2.979540722
mp-1247508,../cifs_all/mp_1247508.cif,-0.2289956
mp-753885,../cifs_all/mp_753885.cif,-1.917293143
mp-1114108,../cifs_all/mp_1114108.cif,-1.650388706
mp-1094516,../cifs_all/mp_1094516.cif,-0.09199454
mp-776117,../cifs_all/mp_776117.cif,-2.926520572
mp-29236,../cifs_all/mp_29236.cif,-0.88859915
mp-759579,../cifs_all/mp_759579.cif,-2.18371708
mp-672958,../cifs_all/mp_672958.cif,-2.499882665
mp-1209845,../cifs_all/mp_1209845.cif,-0.915385706
mp-19096,../cifs_all/mp_19096.cif,-2.930773886
mp-2215910,../cifs_all/mp_2215910.cif,-1.636326384
mp-2220726,../cifs_all/mp_2220726.cif,-2.067584205
mp-1042297,../cifs_all/mp_1042297.cif,-1.302290428
mp-555797,../cifs_all/mp_555797.cif,-1.766870169
mp-5166,../cifs_all/mp_5166.cif,-0.797993589
mp-1934,../cifs_all/mp_1934.cif,-0.220105588
mp-4698,../cifs_all/mp_4698.cif,-2.143366091
mp-2716016,../cifs_all/mp_2716016.cif,-2.732570701
mp-2210628,../cifs_all/mp_2210628.cif,-1.415415532
mp-849499,../cifs_all/mp_849499.cif,-2.518345761
mp-1035240,../cifs_all/mp_1035240.cif,-2.754263576
mp-1105092,../cifs_all/mp_1105092.cif,-1.2020331
mp-771199,../cifs_all/mp_771199.cif,-2.238675313
mp-1206303,../cifs_all/mp_1206303.cif,-0.2612271
mp-752951,../cifs_all/mp_752951.cif,-2.282102445
mp-862375,../cifs_all/mp_862375.cif,-0.268722304
mp-1096743,../cifs_all/mp_1096743.cif,4.325165798833334
mp-1028276,../cifs_all/mp_1028276.cif,0.100798655
mp-1080157,../cifs_all/mp_1080157.cif,-0.48244085
mp-631296,../cifs_all/mp_631296.cif,1.987772022333336
mp-1105332,../cifs_all/mp_1105332.cif,-2.541218518
mp-1026425,../cifs_all/mp_1026425.cif,0.0994986
mp-1251718,../cifs_all/mp_1251718.cif,-2.331769617
mp-560057,../cifs_all/mp_560057.cif,-1.118262867
mp-571,../cifs_all/mp_571.cif,-0.347360652
mp-1204312,../cifs_all/mp_1204312.cif,1.460135629499999
mp-16538,../cifs_all/mp_16538.cif,-3.190955525
mp-567146,../cifs_all/mp_567146.cif,-0.236637742
mp-1192163,../cifs_all/mp_1192163.cif,-0.411160233
mp-1188285,../cifs_all/mp_1188285.cif,-0.547403165
mp-676751,../cifs_all/mp_676751.cif,-0.905970128
mp-680329,../cifs_all/mp_680329.cif,-0.345430273
mp-696735,../cifs_all/mp_696735.cif,-1.273337966
mp-1206964,../cifs_all/mp_1206964.cif,-0.62466319
mp-1003771,../cifs_all/mp_1003771.cif,-1.984563456
mp-554979,../cifs_all/mp_554979.cif,-1.877274612
mp-15572,../cifs_all/mp_15572.cif,-0.851821481
mp-1225207,../cifs_all/mp_1225207.cif,-0.213163999
mp-754131,../cifs_all/mp_754131.cif,-1.989592836
mp-1045659,../cifs_all/mp_1045659.cif,-0.933388257
mp-1235175,../cifs_all/mp_1235175.cif,-2.521405921
mp-17619,../cifs_all/mp_17619.cif,-2.805036003
mp-1174216,../cifs_all/mp_1174216.cif,-2.016198308
mp-19127,../cifs_all/mp_19127.cif,-2.531848193
mp-15519,../cifs_all/mp_15519.cif,-2.920638477
mp-769045,../cifs_all/mp_769045.cif,-3.168367699
mp-2229645,../cifs_all/mp_2229645.cif,-2.712806582
mp-568343,../cifs_all/mp_568343.cif,-1.438980956
mp-882928,../cifs_all/mp_882928.cif,-2.031895657
mp-2712848,../cifs_all/mp_2712848.cif,-2.976783978
mp-1204395,../cifs_all/mp_1204395.cif,-1.648483767
mp-1178852,../cifs_all/mp_1178852.cif,-2.226020979
mp-16455,../cifs_all/mp_16455.cif,-2.062655862
mp-1190185,../cifs_all/mp_1190185.cif,-3.145276398
mp-1005829,../cifs_all/mp_1005829.cif,-0.678968823
mp-582055,../cifs_all/mp_582055.cif,-0.345169715
mp-752934,../cifs_all/mp_752934.cif,-2.380255536
mp-1174671,../cifs_all/mp_1174671.cif,-1.859143894
mp-1224269,../cifs_all/mp_1224269.cif,-0.742932885
mp-1207841,../cifs_all/mp_1207841.cif,-0.772768432
mp-1212868,../cifs_all/mp_1212868.cif,-0.586494785
mp-1245334,../cifs_all/mp_1245334.cif,0.023151504
mp-1028175,../cifs_all/mp_1028175.cif,0.094642432
mp-1180252,../cifs_all/mp_1180252.cif,0.8390296827777761
mp-865708,../cifs_all/mp_865708.cif,-0.205882688
mp-1203203,../cifs_all/mp_1203203.cif,-1.233984334
mp-1047694,../cifs_all/mp_1047694.cif,-1.789391394
mp-1097681,../cifs_all/mp_1097681.cif,4.005212317083338
mp-981310,../cifs_all/mp_981310.cif,0.168975738750006
mp-540082,../cifs_all/mp_540082.cif,-2.442685563
mp-2769,../cifs_all/mp_2769.cif,0.078002572
mp-25260,../cifs_all/mp_25260.cif,-1.463611766
mp-1094863,../cifs_all/mp_1094863.cif,-0.108923099
mp-644229,../cifs_all/mp_644229.cif,-0.364728496
mp-2228485,../cifs_all/mp_2228485.cif,-1.580037291
mp-1103973,../cifs_all/mp_1103973.cif,-1.936370316
mp-638084,../cifs_all/mp_638084.cif,-0.703420377
mp-765804,../cifs_all/mp_765804.cif,-3.075085635
mp-759609,../cifs_all/mp_759609.cif,-2.455651894
mp-570557,../cifs_all/mp_570557.cif,-0.074462705
mp-13576,../cifs_all/mp_13576.cif,-2.453927179
mp-1232355,../cifs_all/mp_1232355.cif,0.181617379
mp-983602,../cifs_all/mp_983602.cif,-0.088548262
mp-1234451,../cifs_all/mp_1234451.cif,-2.413042536
mp-1185721,../cifs_all/mp_1185721.cif,-0.010011136
mp-1017563,../cifs_all/mp_1017563.cif,0.3490512395
mp-1080525,../cifs_all/mp_1080525.cif,-0.379546867
mp-1245597,../cifs_all/mp_1245597.cif,-0.046150898
mp-1245221,../cifs_all/mp_1245221.cif,-1.809130636
mp-1207698,../cifs_all/mp_1207698.cif,-0.516028517
mp-1193437,../cifs_all/mp_1193437.cif,-0.983470423
mp-1026651,../cifs_all/mp_1026651.cif,0.35399276953125
mp-723638,../cifs_all/mp_723638.cif,1.041364663541666
mp-1246732,../cifs_all/mp_1246732.cif,-0.80096682
mp-863384,../cifs_all/mp_863384.cif,-3.146582754
mp-1101822,../cifs_all/mp_1101822.cif,-0.962854242
mp-20336,../cifs_all/mp_20336.cif,-0.124970004
mp-1219829,../cifs_all/mp_1219829.cif,0.168439098541667
mp-984586,../cifs_all/mp_984586.cif,-0.647692017
mp-1186107,../cifs_all/mp_1186107.cif,-0.297398175
mp-1219568,../cifs_all/mp_1219568.cif,-1.235734152
mp-767526,../cifs_all/mp_767526.cif,-2.135967273
mp-999257,../cifs_all/mp_999257.cif,0.440856774
mp-1095305,../cifs_all/mp_1095305.cif,-0.914833653
mp-1044703,../cifs_all/mp_1044703.cif,-1.663952043
mp-1281785,../cifs_all/mp_1281785.cif,-1.474368566
mp-685443,../cifs_all/mp_685443.cif,-0.732847588
mp-971737,../cifs_all/mp_971737.cif,-0.327672464
mp-1224693,../cifs_all/mp_1224693.cif,0.8779695861249971
mp-770903,../cifs_all/mp_770903.cif,-2.512521068
mp-2012783,../cifs_all/mp_2012783.cif,-2.946538643
mp-2231488,../cifs_all/mp_2231488.cif,-1.216223103
mp-17950,../cifs_all/mp_17950.cif,-2.726176271
mp-14550,../cifs_all/mp_14550.cif,-2.628918342
mp-1204667,../cifs_all/mp_1204667.cif,-1.636390656
mp-18866,../cifs_all/mp_18866.cif,-2.640345207
mp-1182240,../cifs_all/mp_1182240.cif,-0.440724508
mp-981544,../cifs_all/mp_981544.cif,0.022790668
mp-1016069,../cifs_all/mp_1016069.cif,-0.017336512
mp-1025347,../cifs_all/mp_1025347.cif,-1.174760531
mp-2716153,../cifs_all/mp_2716153.cif,-2.464206498
mp-1519492,../cifs_all/mp_1519492.cif,-3.13447295
mp-1244727,../cifs_all/mp_1244727.cif,-2.437622473
mp-1041446,../cifs_all/mp_1041446.cif,-0.928055939
mp-703574,../cifs_all/mp_703574.cif,-2.066528802
mp-1179740,../cifs_all/mp_1179740.cif,0.88929643
mp-554687,../cifs_all/mp_554687.cif,-2.455788771
mp-1247355,../cifs_all/mp_1247355.cif,-0.320417302
mp-1187600,../cifs_all/mp_1187600.cif,0.130793464
mp-752424,../cifs_all/mp_752424.cif,-2.618669077
mp-1103891,../cifs_all/mp_1103891.cif,-2.444350966
mp-1244614,../cifs_all/mp_1244614.cif,-2.50138533
mp-1176210,../cifs_all/mp_1176210.cif,-1.787258305
mp-1213120,../cifs_all/mp_1213120.cif,-2.656520687
mp-1079303,../cifs_all/mp_1079303.cif,-0.584412268
mp-1045961,../cifs_all/mp_1045961.cif,-2.238465415
mp-999132,../cifs_all/mp_999132.cif,-1.279318878
mp-1520242,../cifs_all/mp_1520242.cif,-2.342545629
mp-559926,../cifs_all/mp_559926.cif,-1.83845418
mp-2713208,../cifs_all/mp_2713208.cif,-2.823394074
mp-1211297,../cifs_all/mp_1211297.cif,-2.532110768
mp-1187824,../cifs_all/mp_1187824.cif,-0.451885382
mp-1233219,../cifs_all/mp_1233219.cif,-3.191024341
mp-2714306,../cifs_all/mp_2714306.cif,-2.812436346
mp-752429,../cifs_all/mp_752429.cif,-2.455815972
mp-1079064,../cifs_all/mp_1079064.cif,-0.644852584
mp-2226965,../cifs_all/mp_2226965.cif,-0.732348383
mp-978489,../cifs_all/mp_978489.cif,-2.171974545
mp-1223679,../cifs_all/mp_1223679.cif,-2.621354292
mp-2716149,../cifs_all/mp_2716149.cif,-2.824319515
mp-648363,../cifs_all/mp_648363.cif,-0.811329271
mp-569209,../cifs_all/mp_569209.cif,-1.190696539
mp-607225,../cifs_all/mp_607225.cif,-0.145956428
mp-1185017,../cifs_all/mp_1185017.cif,-0.323365634
mp-1102363,../cifs_all/mp_1102363.cif,-2.068175862
mp-1181146,../cifs_all/mp_1181146.cif,-0.326406177
mp-540602,../cifs_all/mp_540602.cif,-2.072034622
mp-2712534,../cifs_all/mp_2712534.cif,-2.244683193
mp-21500,../cifs_all/mp_21500.cif,-0.47007365
mp-547622,../cifs_all/mp_547622.cif,-3.823769729
mp-1042631,../cifs_all/mp_1042631.cif,-2.801049498
mp-1235242,../cifs_all/mp_1235242.cif,-1.700093139
mp-652353,../cifs_all/mp_652353.cif,-0.038766001
mp-1100358,../cifs_all/mp_1100358.cif,-1.234767926
mp-1006058,../cifs_all/mp_1006058.cif,-2.500243828
mp-17464,../cifs_all/mp_17464.cif,-2.743115335
mp-1220813,../cifs_all/mp_1220813.cif,-1.510076824
mp-753186,../cifs_all/mp_753186.cif,-1.757128811
mp-982378,../cifs_all/mp_982378.cif,0.55759797
mp-570590,../cifs_all/mp_570590.cif,-0.841849464
mp-23273,../cifs_all/mp_23273.cif,-0.264790725
mp-1186859,../cifs_all/mp_1186859.cif,0.6831109898922411
mp-1193534,../cifs_all/mp_1193534.cif,-0.184163489
mp-1112130,../cifs_all/mp_1112130.cif,-2.500930818
mp-566296,../cifs_all/mp_566296.cif,0.015433740714286
mp-1378757,../cifs_all/mp_1378757.cif,-2.751438628
mp-1042367,../cifs_all/mp_1042367.cif,-2.672959522
mp-1080189,../cifs_all/mp_1080189.cif,-0.531911156
mp-1221911,../cifs_all/mp_1221911.cif,-3.289743887
mp-554356,../cifs_all/mp_554356.cif,-2.892923837
mp-1207207,../cifs_all/mp_1207207.cif,-0.450052145
mp-1185025,../cifs_all/mp_1185025.cif,-0.404152627
mp-554638,../cifs_all/mp_554638.cif,-2.163831028
mp-10393,../cifs_all/mp_10393.cif,-0.798526274
mp-1196686,../cifs_all/mp_1196686.cif,-1.456115349
mp-1215265,../cifs_all/mp_1215265.cif,-0.285791487
mp-1223401,../cifs_all/mp_1223401.cif,-2.778555652
mp-559795,../cifs_all/mp_559795.cif,-1.450949288
mp-1195103,../cifs_all/mp_1195103.cif,-0.924429704
mp-1364247,../cifs_all/mp_1364247.cif,-2.852545113
mp-1211990,../cifs_all/mp_1211990.cif,-0.206172979
mp-1181094,../cifs_all/mp_1181094.cif,-0.775688877
mp-1277628,../cifs_all/mp_1277628.cif,-2.532192484
mp-756440,../cifs_all/mp_756440.cif,-2.478018744
mp-780207,../cifs_all/mp_780207.cif,-1.984746781
mp-21270,../cifs_all/mp_21270.cif,-2.071417922
mp-8190,../cifs_all/mp_8190.cif,-0.845523986
mp-8039,../cifs_all/mp_8039.cif,-3.85641041
mp-1046949,../cifs_all/mp_1046949.cif,-2.53281538
mp-1222016,../cifs_all/mp_1222016.cif,-2.649297626
mp-1218745,../cifs_all/mp_1218745.cif,-2.200795143
mp-556015,../cifs_all/mp_556015.cif,-2.369895161
mp-1522999,../cifs_all/mp_1522999.cif,-2.353332896
mp-2233110,../cifs_all/mp_2233110.cif,-1.799473323
mp-604594,../cifs_all/mp_604594.cif,-0.582088214
mp-1233667,../cifs_all/mp_1233667.cif,-2.661075956
mp-2715824,../cifs_all/mp_2715824.cif,-2.711657043
mp-1215801,../cifs_all/mp_1215801.cif,-3.082192998
mp-1206710,../cifs_all/mp_1206710.cif,-3.204329645
mp-1232346,../cifs_all/mp_1232346.cif,-0.719094693
mp-1197959,../cifs_all/mp_1197959.cif,-2.22338328
mp-555382,../cifs_all/mp_555382.cif,-2.889872627
mp-1214392,../cifs_all/mp_1214392.cif,-1.239100136
mp-1221735,../cifs_all/mp_1221735.cif,-1.251442041
mp-1017486,../cifs_all/mp_1017486.cif,0.154425963
mp-1650004,../cifs_all/mp_1650004.cif,-2.106055112
mp-1106192,../cifs_all/mp_1106192.cif,-1.86652883
mp-1238261,../cifs_all/mp_1238261.cif,0.109431995
mp-777608,../cifs_all/mp_777608.cif,-2.754363783
mp-1210656,../cifs_all/mp_1210656.cif,-2.010608316
mp-1224484,../cifs_all/mp_1224484.cif,-0.513636096
mp-2713932,../cifs_all/mp_2713932.cif,-2.481973263
mp-12623,../cifs_all/mp_12623.cif,-2.851794987
mp-1219448,../cifs_all/mp_1219448.cif,-2.243622203
mp-2230637,../cifs_all/mp_2230637.cif,-0.964083374
mp-1197966,../cifs_all/mp_1197966.cif,-0.474269418
mp-1743,../cifs_all/mp_1743.cif,-0.319780031
mp-704114,../cifs_all/mp_704114.cif,-1.914886254
mp-1203710,../cifs_all/mp_1203710.cif,-2.313504962
mp-23569,../cifs_all/mp_23569.cif,-1.312606528
mp-1185989,../cifs_all/mp_1185989.cif,0.395177545517242
mp-551629,../cifs_all/mp_551629.cif,-2.260392498
mp-698611,../cifs_all/mp_698611.cif,-1.658143013
mp-1219962,../cifs_all/mp_1219962.cif,-0.562521792
mp-1520585,../cifs_all/mp_1520585.cif,-2.733905529
mp-1187425,../cifs_all/mp_1187425.cif,-2.497889905
mp-1209346,../cifs_all/mp_1209346.cif,-0.940769796
mp-510596,../cifs_all/mp_510596.cif,-1.902432178
mp-22984,../cifs_all/mp_22984.cif,-1.715463052
mp-1228969,../cifs_all/mp_1228969.cif,-1.207752935
mp-1173771,../cifs_all/mp_1173771.cif,-2.632374903
mp-647999,../cifs_all/mp_647999.cif,-2.187337671
mp-1225602,../cifs_all/mp_1225602.cif,-1.568024624
mp-1215324,../cifs_all/mp_1215324.cif,-0.193364792
mp-891854,../cifs_all/mp_891854.cif,-1.335310217
mp-571065,../cifs_all/mp_571065.cif,-1.62002908
mp-752754,../cifs_all/mp_752754.cif,-2.426219049
mp-24554,../cifs_all/mp_24554.cif,-1.073924155
mp-571060,../cifs_all/mp_571060.cif,-0.53543744
mp-1197214,../cifs_all/mp_1197214.cif,-0.526815138
mp-1198243,../cifs_all/mp_1198243.cif,-2.16432353
mp-1106150,../cifs_all/mp_1106150.cif,-1.884282891
mp-554952,../cifs_all/mp_554952.cif,-1.587321612
mp-2240365,../cifs_all/mp_2240365.cif,-2.564896122
mp-865093,../cifs_all/mp_865093.cif,-0.401892963
mp-1520816,../cifs_all/mp_1520816.cif,-3.590030159
mp-5737,../cifs_all/mp_5737.cif,-1.605267509
mp-2715838,../cifs_all/mp_2715838.cif,-2.502701628
mp-27793,../cifs_all/mp_27793.cif,-0.598921481
mp-1220816,../cifs_all/mp_1220816.cif,-0.851145169
mp-10908,../cifs_all/mp_10908.cif,-0.076832796
mp-1021287,../cifs_all/mp_1021287.cif,0.047658377708333
mp-21807,../cifs_all/mp_21807.cif,-1.938771337
mp-975,../cifs_all/mp_975.cif,-1.853382891
mp-1338653,../cifs_all/mp_1338653.cif,-1.095300227
mp-731052,../cifs_all/mp_731052.cif,-1.307663429
mp-782656,../cifs_all/mp_782656.cif,-1.924413581
mp-755079,../cifs_all/mp_755079.cif,-2.928323535
mp-1233779,../cifs_all/mp_1233779.cif,-1.193854527
mp-1022131,../cifs_all/mp_1022131.cif,0.200193758
mp-989647,../cifs_all/mp_989647.cif,-0.877876111
mp-1188848,../cifs_all/mp_1188848.cif,-0.642866683
mp-761842,../cifs_all/mp_761842.cif,-3.515736341
mp-13936,../cifs_all/mp_13936.cif,-2.961458192
mp-14694,../cifs_all/mp_14694.cif,-2.631960238
mp-21113,../cifs_all/mp_21113.cif,-0.45121992
mp-1222608,../cifs_all/mp_1222608.cif,-0.58635198
mp-1215298,../cifs_all/mp_1215298.cif,-0.214802914
mp-1234569,../cifs_all/mp_1234569.cif,-2.545588668
mp-1103521,../cifs_all/mp_1103521.cif,-0.084053895
mp-22730,../cifs_all/mp_22730.cif,-2.109114796
mp-1216247,../cifs_all/mp_1216247.cif,-0.53597631
mp-505164,../cifs_all/mp_505164.cif,-0.685015395
mp-561392,../cifs_all/mp_561392.cif,-1.803509565
mp-2715828,../cifs_all/mp_2715828.cif,-2.804960931
mp-626708,../cifs_all/mp_626708.cif,-1.205371843
mp-1095240,../cifs_all/mp_1095240.cif,-0.761806232
mp-1018135,../cifs_all/mp_1018135.cif,-0.460041264
mp-1273223,../cifs_all/mp_1273223.cif,-2.899477352
mp-866492,../cifs_all/mp_866492.cif,-1.354965065
mp-2231305,../cifs_all/mp_2231305.cif,-1.874248585
mp-1220361,../cifs_all/mp_1220361.cif,-2.466314309
mp-583,../cifs_all/mp_583.cif,-0.213544174
mp-1073477,../cifs_all/mp_1073477.cif,0.165693649999999
mp-1044472,../cifs_all/mp_1044472.cif,-1.960191675
mp-1220060,../cifs_all/mp_1220060.cif,0.1609105
mp-1214630,../cifs_all/mp_1214630.cif,-1.09344842
mp-1213058,../cifs_all/mp_1213058.cif,-0.095743314
mp-1093961,../cifs_all/mp_1093961.cif,2.074018219999997
mp-1246438,../cifs_all/mp_1246438.cif,-0.517213181
mp-2713898,../cifs_all/mp_2713898.cif,-2.77067684
mp-1044153,../cifs_all/mp_1044153.cif,-1.682339123
mp-1182809,../cifs_all/mp_1182809.cif,0.024276159999999
mp-769513,../cifs_all/mp_769513.cif,-2.449630744
mp-1213363,../cifs_all/mp_1213363.cif,-3.419096551
mp-1521753,../cifs_all/mp_1521753.cif,-2.780174024
mp-4732,../cifs_all/mp_4732.cif,-0.366024109
mp-725514,../cifs_all/mp_725514.cif,-0.046899509
mp-542758,../cifs_all/mp_542758.cif,-0.169290196
mp-1226212,../cifs_all/mp_1226212.cif,-0.049516023
mp-11155,../cifs_all/mp_11155.cif,-0.478719717
mp-2184,../cifs_all/mp_2184.cif,-1.623773379
mp-1245093,../cifs_all/mp_1245093.cif,0.0550689152
mp-1037957,../cifs_all/mp_1037957.cif,-2.9685579
mp-1094484,../cifs_all/mp_1094484.cif,-0.023192937
mp-1216379,../cifs_all/mp_1216379.cif,-0.132392145
mp-1209690,../cifs_all/mp_1209690.cif,-3.178051643
mp-1229158,../cifs_all/mp_1229158.cif,-0.06328391
mp-1371141,../cifs_all/mp_1371141.cif,-3.013704342
mp-971820,../cifs_all/mp_971820.cif,0.326733149999999
mp-1190039,../cifs_all/mp_1190039.cif,0.812030718
mp-22618,../cifs_all/mp_22618.cif,-2.061175069
mp-558844,../cifs_all/mp_558844.cif,-0.53709732
mp-7032,../cifs_all/mp_7032.cif,-0.967549963
mp-772333,../cifs_all/mp_772333.cif,-1.539830187
mp-2239890,../cifs_all/mp_2239890.cif,-1.608900203
mp-1103803,../cifs_all/mp_1103803.cif,-2.825903328
mp-1198533,../cifs_all/mp_1198533.cif,-0.82892337
mp-1191817,../cifs_all/mp_1191817.cif,-1.005643988
mp-977417,../cifs_all/mp_977417.cif,-3.337575045
mp-7914,../cifs_all/mp_7914.cif,-3.190776872
mp-684626,../cifs_all/mp_684626.cif,0.115509456
mp-1222173,../cifs_all/mp_1222173.cif,-0.187865082
mp-756722,../cifs_all/mp_756722.cif,-2.942022257
mp-1210213,../cifs_all/mp_1210213.cif,-1.237934271
mp-1280464,../cifs_all/mp_1280464.cif,-1.20363593
mp-1174985,../cifs_all/mp_1174985.cif,-1.881605991
mp-1097441,../cifs_all/mp_1097441.cif,0.8097145558333301
mp-542013,../cifs_all/mp_542013.cif,-1.346294262
mp-26095,../cifs_all/mp_26095.cif,-2.645712759
mp-2713184,../cifs_all/mp_2713184.cif,-2.905228696
mp-7361,../cifs_all/mp_7361.cif,-0.36121922
mp-1018056,../cifs_all/mp_1018056.cif,-0.51668626
mp-1235526,../cifs_all/mp_1235526.cif,-2.092211343
mp-30512,../cifs_all/mp_30512.cif,-0.69044376
mp-849783,../cifs_all/mp_849783.cif,-0.724009656
mp-570363,../cifs_all/mp_570363.cif,0.043562904
mp-1208015,../cifs_all/mp_1208015.cif,0.497758047666667
mp-1184118,../cifs_all/mp_1184118.cif,-0.257930812
mp-1185149,../cifs_all/mp_1185149.cif,-2.880079016
mp-1200428,../cifs_all/mp_1200428.cif,-1.553902829
mp-2713099,../cifs_all/mp_2713099.cif,-2.732424367
mp-767401,../cifs_all/mp_767401.cif,-3.102072023
mp-1711,../cifs_all/mp_1711.cif,-0.768252829
mp-1112070,../cifs_all/mp_1112070.cif,-1.269336524
mp-1022889,../cifs_all/mp_1022889.cif,0.40729286
mp-2230833,../cifs_all/mp_2230833.cif,-2.135985188
mp-1184608,../cifs_all/mp_1184608.cif,0.152822129
mp-759764,../cifs_all/mp_759764.cif,-2.483548476
mp-1096683,../cifs_all/mp_1096683.cif,1.277497754166668
mp-1047615,../cifs_all/mp_1047615.cif,-2.512392755
mp-10547,../cifs_all/mp_10547.cif,-1.067955709
mp-2227471,../cifs_all/mp_2227471.cif,-2.268219366
mp-1041824,../cifs_all/mp_1041824.cif,-2.123354523
mp-1185665,../cifs_all/mp_1185665.cif,-0.005483195
mp-621581,../cifs_all/mp_621581.cif,-0.772794607
mp-2930,../cifs_all/mp_2930.cif,-0.004132007
mp-1222074,../cifs_all/mp_1222074.cif,-0.796397921
mp-531901,../cifs_all/mp_531901.cif,-2.624049638
mp-757617,../cifs_all/mp_757617.cif,-2.335660384
mp-1203532,../cifs_all/mp_1203532.cif,-0.428316942
mp-1185794,../cifs_all/mp_1185794.cif,0.435937825624999
mp-1218621,../cifs_all/mp_1218621.cif,-2.607775838
mp-1206620,../cifs_all/mp_1206620.cif,1.722021675833318
mp-758836,../cifs_all/mp_758836.cif,-2.989651256
mp-1073366,../cifs_all/mp_1073366.cif,0.235519806
mp-1204194,../cifs_all/mp_1204194.cif,-3.345289249
mp-743601,../cifs_all/mp_743601.cif,-2.651234258
mp-3595,../cifs_all/mp_3595.cif,-0.191295578
mp-1218811,../cifs_all/mp_1218811.cif,-2.261148192
mp-865438,../cifs_all/mp_865438.cif,-0.593029395
mp-2217005,../cifs_all/mp_2217005.cif,-2.60301825
mp-1245753,../cifs_all/mp_1245753.cif,-0.552091277
mp-1076557,../cifs_all/mp_1076557.cif,-3.148957107
mp-1238960,../cifs_all/mp_1238960.cif,-2.024324903
mp-753424,../cifs_all/mp_753424.cif,-2.408987488
mp-2647027,../cifs_all/mp_2647027.cif,-0.976687469
mp-1078464,../cifs_all/mp_1078464.cif,-0.122760291
mp-2715187,../cifs_all/mp_2715187.cif,-2.721700917
mp-561135,../cifs_all/mp_561135.cif,-2.035788305
mp-1174872,../cifs_all/mp_1174872.cif,-1.793549872
mp-760351,../cifs_all/mp_760351.cif,-1.457501282
mp-7132,../cifs_all/mp_7132.cif,-1.526211025
mp-1201472,../cifs_all/mp_1201472.cif,-1.891426119
mp-1178175,../cifs_all/mp_1178175.cif,-2.546348147
mp-2210651,../cifs_all/mp_2210651.cif,-1.267778671
mp-1080200,../cifs_all/mp_1080200.cif,-0.34109669
mp-26794,../cifs_all/mp_26794.cif,-2.343400529
mp-1225316,../cifs_all/mp_1225316.cif,-0.247503314
mp-1218488,../cifs_all/mp_1218488.cif,-2.588865444
mp-697764,../cifs_all/mp_697764.cif,-2.504415168
mp-1218873,../cifs_all/mp_1218873.cif,-2.002013996
mp-849708,../cifs_all/mp_849708.cif,-2.250486223
mp-753394,../cifs_all/mp_753394.cif,-2.602183445
mp-559482,../cifs_all/mp_559482.cif,-2.634991118
mp-1197092,../cifs_all/mp_1197092.cif,-0.407390787
mp-1221418,../cifs_all/mp_1221418.cif,0.078185495
mp-699691,../cifs_all/mp_699691.cif,-2.003141809
mp-12883,../cifs_all/mp_12883.cif,0.154570597023809
mp-1190619,../cifs_all/mp_1190619.cif,-0.478314455
mp-1026476,../cifs_all/mp_1026476.cif,0.150943126
mp-1006371,../cifs_all/mp_1006371.cif,-1.726984425
mp-1186009,../cifs_all/mp_1186009.cif,0.390601938
mp-1096046,../cifs_all/mp_1096046.cif,3.001657569791667
mp-1189296,../cifs_all/mp_1189296.cif,-1.517882966
mp-35264,../cifs_all/mp_35264.cif,-1.946710067
mp-1182006,../cifs_all/mp_1182006.cif,-0.691835412
mp-1234609,../cifs_all/mp_1234609.cif,-2.559476923
mp-1182485,../cifs_all/mp_1182485.cif,-1.243546916
mp-11230,../cifs_all/mp_11230.cif,-0.336266311
mp-648086,../cifs_all/mp_648086.cif,-0.533774905
mp-769615,../cifs_all/mp_769615.cif,-2.46142357
mp-1193737,../cifs_all/mp_1193737.cif,-0.056459734
mp-1192799,../cifs_all/mp_1192799.cif,-0.308868395
mp-2713520,../cifs_all/mp_2713520.cif,-3.038459391
mp-1218571,../cifs_all/mp_1218571.cif,-3.047707338
mp-18288,../cifs_all/mp_18288.cif,-2.432151184
mp-2014940,../cifs_all/mp_2014940.cif,-2.745629157
mp-558110,../cifs_all/mp_558110.cif,-1.605592863
mp-7118,../cifs_all/mp_7118.cif,-1.770764335
mp-768556,../cifs_all/mp_768556.cif,-2.404447518
mp-555424,../cifs_all/mp_555424.cif,-2.862265606
mp-1218849,../cifs_all/mp_1218849.cif,-2.291955524
mp-21,../cifs_all/mp_21.cif,0.00561604
mp-1080659,../cifs_all/mp_1080659.cif,0.7765956512499981
mp-1041724,../cifs_all/mp_1041724.cif,-1.643134396
mp-2232541,../cifs_all/mp_2232541.cif,-1.461105707
mp-1103284,../cifs_all/mp_1103284.cif,-0.752867235
mp-542020,../cifs_all/mp_542020.cif,-0.878270292
mp-1101813,../cifs_all/mp_1101813.cif,-0.499756008
mp-27523,../cifs_all/mp_27523.cif,-0.983966061
mp-2230067,../cifs_all/mp_2230067.cif,-1.457425456
mp-2224720,../cifs_all/mp_2224720.cif,-2.035503523
mp-4828,../cifs_all/mp_4828.cif,-0.490897834
mp-647818,../cifs_all/mp_647818.cif,-2.380659328
mp-28592,../cifs_all/mp_28592.cif,-1.923222523
mp-2240510,../cifs_all/mp_2240510.cif,-1.132798319
mp-865364,../cifs_all/mp_865364.cif,-0.35698839
mp-769138,../cifs_all/mp_769138.cif,-2.822237104
mp-865969,../cifs_all/mp_865969.cif,-0.040271232
mp-1210421,../cifs_all/mp_1210421.cif,-3.169474876
mp-2218338,../cifs_all/mp_2218338.cif,-0.701178055
mp-1898,../cifs_all/mp_1898.cif,-0.67781019
mp-1100996,../cifs_all/mp_1100996.cif,-0.800076115
mp-2715910,../cifs_all/mp_2715910.cif,-2.653046449
mp-624218,../cifs_all/mp_624218.cif,-0.855555702
mp-1245488,../cifs_all/mp_1245488.cif,-1.124722134
mp-24272,../cifs_all/mp_24272.cif,-0.980024336
mp-1105447,../cifs_all/mp_1105447.cif,-0.883563544
mp-1208000,../cifs_all/mp_1208000.cif,-2.534283519
mp-569132,../cifs_all/mp_569132.cif,-2.013773516
mp-989539,../cifs_all/mp_989539.cif,-0.198023655
mp-972454,../cifs_all/mp_972454.cif,-0.046172017
mp-1226178,../cifs_all/mp_1226178.cif,-0.300717844
mp-1114023,../cifs_all/mp_1114023.cif,-2.460917984
mp-1185431,../cifs_all/mp_1185431.cif,0.236590224166667
mp-1203555,../cifs_all/mp_1203555.cif,-0.392702094
mp-764723,../cifs_all/mp_764723.cif,-2.226741247
mp-28687,../cifs_all/mp_28687.cif,-0.358703418
mp-1106023,../cifs_all/mp_1106023.cif,-0.125699486
mp-1079262,../cifs_all/mp_1079262.cif,1.656186871333332
mp-1104549,../cifs_all/mp_1104549.cif,-0.579077668
mp-181,../cifs_all/mp_181.cif,-0.172616025
mp-728819,../cifs_all/mp_728819.cif,-1.493552597
mp-1258028,../cifs_all/mp_1258028.cif,-2.548374156
mp-1228597,../cifs_all/mp_1228597.cif,-2.553168697
mp-1110906,../cifs_all/mp_1110906.cif,-1.292170469
mp-2224447,../cifs_all/mp_2224447.cif,-3.088789101
mp-1177874,../cifs_all/mp_1177874.cif,-1.64347446
mp-1102883,../cifs_all/mp_1102883.cif,-2.977535211
mp-1096283,../cifs_all/mp_1096283.cif,1.004159350833334
mp-1182783,../cifs_all/mp_1182783.cif,0.359870538
mp-555331,../cifs_all/mp_555331.cif,-2.29920935
mp-1077167,../cifs_all/mp_1077167.cif,-0.524654063
mp-1224075,../cifs_all/mp_1224075.cif,-1.06341306
mp-1225873,../cifs_all/mp_1225873.cif,-2.795974934
mp-1199795,../cifs_all/mp_1199795.cif,-0.171930744
mp-849717,../cifs_all/mp_849717.cif,-2.440830685
mp-30155,../cifs_all/mp_30155.cif,-0.842330238
mp-1204076,../cifs_all/mp_1204076.cif,-1.91115464
mp-1095764,../cifs_all/mp_1095764.cif,4.392599273166702
mp-770951,../cifs_all/mp_770951.cif,-1.812229406
mp-1233911,../cifs_all/mp_1233911.cif,-2.125622035
mp-699429,../cifs_all/mp_699429.cif,-1.576532667
mp-16764,../cifs_all/mp_16764.cif,-1.591618741
mp-1207998,../cifs_all/mp_1207998.cif,-0.107599293
mp-1186010,../cifs_all/mp_1186010.cif,-0.256872399
mp-38006,../cifs_all/mp_38006.cif,-0.381064794
mp-571250,../cifs_all/mp_571250.cif,-1.245299841
mp-1048549,../cifs_all/mp_1048549.cif,-2.256045356
mp-1212276,../cifs_all/mp_1212276.cif,-0.100627851
mp-13374,../cifs_all/mp_13374.cif,-3.961617086
mp-1208538,../cifs_all/mp_1208538.cif,-0.988736805
mp-1222081,../cifs_all/mp_1222081.cif,0.182534927784892
mp-30055,../cifs_all/mp_30055.cif,-1.500405602
mp-620033,../cifs_all/mp_620033.cif,-1.7111018
mp-1035444,../cifs_all/mp_1035444.cif,-2.668542031
mp-864841,../cifs_all/mp_864841.cif,-0.340147223
mp-1175368,../cifs_all/mp_1175368.cif,-2.102109032
mp-1246798,../cifs_all/mp_1246798.cif,0.030243413703702
mp-2228762,../cifs_all/mp_2228762.cif,-2.037005973
mp-850980,../cifs_all/mp_850980.cif,-2.44946073
mp-1102324,../cifs_all/mp_1102324.cif,-0.155358548
mp-1105235,../cifs_all/mp_1105235.cif,-1.909998543
mp-1204611,../cifs_all/mp_1204611.cif,-3.571448373
mp-14835,../cifs_all/mp_14835.cif,-3.246241883
mp-1198446,../cifs_all/mp_1198446.cif,-2.546857334
mp-1215153,../cifs_all/mp_1215153.cif,-0.041085028
mp-1194753,../cifs_all/mp_1194753.cif,-2.400959084
mp-1184833,../cifs_all/mp_1184833.cif,-1.986696938
mp-1098342,../cifs_all/mp_1098342.cif,-2.880774736
mp-867854,../cifs_all/mp_867854.cif,-0.28880833
mp-1212710,../cifs_all/mp_1212710.cif,-0.291004782
mp-1353803,../cifs_all/mp_1353803.cif,-0.642791007
mp-2714954,../cifs_all/mp_2714954.cif,-2.929580052
mp-1181943,../cifs_all/mp_1181943.cif,-0.689457123
mp-1185402,../cifs_all/mp_1185402.cif,0.376647249
mp-684725,../cifs_all/mp_684725.cif,-1.131621459
mp-1026534,../cifs_all/mp_1026534.cif,0.349839945
mp-1110804,../cifs_all/mp_1110804.cif,-1.366274937
mp-1222471,../cifs_all/mp_1222471.cif,-2.922077438
mp-1202802,../cifs_all/mp_1202802.cif,-0.453450834
mp-636232,../cifs_all/mp_636232.cif,-0.633342677
mp-1007922,../cifs_all/mp_1007922.cif,-0.285327066
mp-1186510,../cifs_all/mp_1186510.cif,-0.616024815
mp-2228264,../cifs_all/mp_2228264.cif,-1.659360554
mp-20481,../cifs_all/mp_20481.cif,-0.411134518
mp-1218126,../cifs_all/mp_1218126.cif,-0.51091628
mp-1173807,../cifs_all/mp_1173807.cif,-2.354717355
mp-1032918,../cifs_all/mp_1032918.cif,-2.896110924
mp-1077021,../cifs_all/mp_1077021.cif,-1.465773793
mp-732197,../cifs_all/mp_732197.cif,-2.979097143
mp-1210113,../cifs_all/mp_1210113.cif,0.112981502708332
mp-865664,../cifs_all/mp_865664.cif,-0.407078483
mp-1175629,../cifs_all/mp_1175629.cif,-1.812625579
mp-7210,../cifs_all/mp_7210.cif,-2.233278834
mp-2232521,../cifs_all/mp_2232521.cif,-1.798179798
mp-308,../cifs_all/mp_308.cif,-3.706795402
mp-1296,../cifs_all/mp_1296.cif,-0.41969814
mp-771648,../cifs_all/mp_771648.cif,-2.000040384
mp-780216,../cifs_all/mp_780216.cif,-1.844267044
mp-567939,../cifs_all/mp_567939.cif,-2.176575868
mp-560303,../cifs_all/mp_560303.cif,-3.033899704
mp-14542,../cifs_all/mp_14542.cif,-0.577945325
mp-1028132,../cifs_all/mp_1028132.cif,0.187307577353315
mp-867277,../cifs_all/mp_867277.cif,-0.250878076
mp-1192551,../cifs_all/mp_1192551.cif,-0.040469901
mp-865019,../cifs_all/mp_865019.cif,-0.894199997
mp-1222217,../cifs_all/mp_1222217.cif,2.069062356908046
mp-861727,../cifs_all/mp_861727.cif,-1.634766578
mp-685006,../cifs_all/mp_685006.cif,-1.554089226
mp-1246317,../cifs_all/mp_1246317.cif,-0.477456891
mp-1521804,../cifs_all/mp_1521804.cif,-3.380671267
mp-570179,../cifs_all/mp_570179.cif,-0.857513479
mp-1215904,../cifs_all/mp_1215904.cif,0.002296383
mp-769455,../cifs_all/mp_769455.cif,-2.627635814
mp-1217304,../cifs_all/mp_1217304.cif,-0.093379779
mp-1199514,../cifs_all/mp_1199514.cif,1.5418221963888912
mp-1110905,../cifs_all/mp_1110905.cif,-2.715125211
mp-556310,../cifs_all/mp_556310.cif,-1.764510132
mp-505147,../cifs_all/mp_505147.cif,-1.402424795
mp-772883,../cifs_all/mp_772883.cif,-1.913468252
mp-2226902,../cifs_all/mp_2226902.cif,-1.705816653
mp-1099675,../cifs_all/mp_1099675.cif,-3.070278396
mp-1280834,../cifs_all/mp_1280834.cif,-2.294449729
mp-1220184,../cifs_all/mp_1220184.cif,-0.557272177
mp-1245844,../cifs_all/mp_1245844.cif,0.082975236
mp-2750216,../cifs_all/mp_2750216.cif,-3.0459158
mp-727063,../cifs_all/mp_727063.cif,1.155346557499999
mp-30885,../cifs_all/mp_30885.cif,-0.332843221
mp-1233322,../cifs_all/mp_1233322.cif,0.006340335
mp-707170,../cifs_all/mp_707170.cif,-1.375951695
mp-780880,../cifs_all/mp_780880.cif,-1.402654418
mp-1221685,../cifs_all/mp_1221685.cif,-0.10678075
mp-761242,../cifs_all/mp_761242.cif,-2.279913531
mp-1229133,../cifs_all/mp_1229133.cif,-2.489789688
mp-1095258,../cifs_all/mp_1095258.cif,-3.991785807
mp-554961,../cifs_all/mp_554961.cif,-0.962189825
mp-570420,../cifs_all/mp_570420.cif,-0.838187294
mp-1215892,../cifs_all/mp_1215892.cif,-0.483689507
mp-1097794,../cifs_all/mp_1097794.cif,-2.027317879
mp-999198,../cifs_all/mp_999198.cif,-0.513347509
mp-1199507,../cifs_all/mp_1199507.cif,-1.002199792
mp-1208468,../cifs_all/mp_1208468.cif,-0.589393484
mp-573358,../cifs_all/mp_573358.cif,-0.85400209
mp-2715269,../cifs_all/mp_2715269.cif,-2.616092415
mp-1181917,../cifs_all/mp_1181917.cif,-2.068029812
mp-1204682,../cifs_all/mp_1204682.cif,-1.041769411
mp-1245464,../cifs_all/mp_1245464.cif,-0.155669173
mp-764770,../cifs_all/mp_764770.cif,-2.02192642
mp-1080323,../cifs_all/mp_1080323.cif,-1.801962757
mp-705842,../cifs_all/mp_705842.cif,-1.419058578
mp-781077,../cifs_all/mp_781077.cif,-1.727505138
mp-1101362,../cifs_all/mp_1101362.cif,-1.84812241
mp-21346,../cifs_all/mp_21346.cif,-0.16156678
mp-554375,../cifs_all/mp_554375.cif,-1.844824843
mp-2933,../cifs_all/mp_2933.cif,-0.474045513
mp-776554,../cifs_all/mp_776554.cif,-2.064611745
mp-556752,../cifs_all/mp_556752.cif,-0.855980241
mp-643359,../cifs_all/mp_643359.cif,-0.392967785
mp-1520046,../cifs_all/mp_1520046.cif,-3.143207672
mp-753015,../cifs_all/mp_753015.cif,-1.238964303
mp-1175632,../cifs_all/mp_1175632.cif,-1.820225556
mp-1183110,../cifs_all/mp_1183110.cif,0.141143165624995
mp-2715810,../cifs_all/mp_2715810.cif,-2.846086556
mp-867241,../cifs_all/mp_867241.cif,-0.66520705
mp-1197158,../cifs_all/mp_1197158.cif,-1.101204968
mp-1194939,../cifs_all/mp_1194939.cif,-2.356044004
mp-1228068,../cifs_all/mp_1228068.cif,-3.380322054
mp-1022246,../cifs_all/mp_1022246.cif,0.310349667499999
mp-1213923,../cifs_all/mp_1213923.cif,-1.406731667
mp-1101345,../cifs_all/mp_1101345.cif,-1.841079687
mp-1271783,../cifs_all/mp_1271783.cif,-1.983078076
mp-1105639,../cifs_all/mp_1105639.cif,-0.472293472
mp-759897,../cifs_all/mp_759897.cif,-1.433523159
mp-2226846,../cifs_all/mp_2226846.cif,-2.845946872
mp-779641,../cifs_all/mp_779641.cif,-1.635244365
mp-1111182,../cifs_all/mp_1111182.cif,-1.756854091
mp-23410,../cifs_all/mp_23410.cif,-0.937206667
mp-849641,../cifs_all/mp_849641.cif,-2.625524115
mp-561527,../cifs_all/mp_561527.cif,-1.105566218
mp-2714686,../cifs_all/mp_2714686.cif,-3.001826864
mp-752,../cifs_all/mp_752.cif,-0.279868269
mp-1197869,../cifs_all/mp_1197869.cif,-0.5142299
mp-8514,../cifs_all/mp_8514.cif,-2.973795254
mp-1214966,../cifs_all/mp_1214966.cif,0.385196905624999
mp-1096865,../cifs_all/mp_1096865.cif,-2.436238124
mp-1042094,../cifs_all/mp_1042094.cif,-2.042558822
mp-1221883,../cifs_all/mp_1221883.cif,-0.398591334
mp-1202044,../cifs_all/mp_1202044.cif,-0.272731269
mp-2217604,../cifs_all/mp_2217604.cif,-2.490383331
mp-1104712,../cifs_all/mp_1104712.cif,0.541425179
mp-1110741,../cifs_all/mp_1110741.cif,-1.10904296
mp-5185,../cifs_all/mp_5185.cif,-3.318164689
mp-673643,../cifs_all/mp_673643.cif,-3.934802148
mp-962065,../cifs_all/mp_962065.cif,-0.054899408
mp-28056,../cifs_all/mp_28056.cif,-0.737960545
mp-1112085,../cifs_all/mp_1112085.cif,-1.285183975
mp-2240370,../cifs_all/mp_2240370.cif,-2.535686778
mp-685353,../cifs_all/mp_685353.cif,-1.750546961
mp-1177982,../cifs_all/mp_1177982.cif,-2.314137726
mp-1228208,../cifs_all/mp_1228208.cif,-3.363385604
mp-7786,../cifs_all/mp_7786.cif,-0.612481838
mp-20322,../cifs_all/mp_20322.cif,-0.605674451
mp-1247403,../cifs_all/mp_1247403.cif,-0.124386718
mp-14794,../cifs_all/mp_14794.cif,-1.090753118
mp-1238443,../cifs_all/mp_1238443.cif,-1.528519235
mp-17146,../cifs_all/mp_17146.cif,-0.70057859
mp-1209209,../cifs_all/mp_1209209.cif,-2.046815813
mp-530194,../cifs_all/mp_530194.cif,-3.314360203
mp-1188805,../cifs_all/mp_1188805.cif,-0.344553388
mp-1225822,../cifs_all/mp_1225822.cif,-0.969374392
mp-1226547,../cifs_all/mp_1226547.cif,-0.664259752
mp-28551,../cifs_all/mp_28551.cif,-0.13359405
mp-1225650,../cifs_all/mp_1225650.cif,-3.966801712
mp-1210718,../cifs_all/mp_1210718.cif,-2.828062361
mp-672963,../cifs_all/mp_672963.cif,-2.370017303
mp-1227907,../cifs_all/mp_1227907.cif,-2.856713074
mp-1176660,../cifs_all/mp_1176660.cif,-2.187490969
mp-1185172,../cifs_all/mp_1185172.cif,0.95572691525
mp-31900,../cifs_all/mp_31900.cif,-1.316361393
mp-775852,../cifs_all/mp_775852.cif,-1.917020342
mp-1208016,../cifs_all/mp_1208016.cif,-0.467715811
mp-28407,../cifs_all/mp_28407.cif,-0.877256578
mp-1189840,../cifs_all/mp_1189840.cif,-2.824387097
mp-1185301,../cifs_all/mp_1185301.cif,-3.164539748
mp-1247909,../cifs_all/mp_1247909.cif,-2.916594065
mp-1214505,../cifs_all/mp_1214505.cif,-3.273462716
mp-5944,../cifs_all/mp_5944.cif,-0.094025365
mp-555580,../cifs_all/mp_555580.cif,-3.258560177
mp-772051,../cifs_all/mp_772051.cif,-2.156497161
mp-4050,../cifs_all/mp_4050.cif,-0.695017322
mp-989466,../cifs_all/mp_989466.cif,0.154126969
mp-559833,../cifs_all/mp_559833.cif,-3.05027357
mp-1226961,../cifs_all/mp_1226961.cif,-2.321770512
mp-1214146,../cifs_all/mp_1214146.cif,-2.537558556
mp-1238873,../cifs_all/mp_1238873.cif,-1.022470626
mp-865120,../cifs_all/mp_865120.cif,-3.440691451
mp-1221453,../cifs_all/mp_1221453.cif,-2.826600342
mp-1030677,../cifs_all/mp_1030677.cif,-2.528718886
mp-1074639,../cifs_all/mp_1074639.cif,0.090969216
mp-760,../cifs_all/mp_760.cif,-0.66971696
mp-1187849,../cifs_all/mp_1187849.cif,0.060743686
mp-698068,../cifs_all/mp_698068.cif,-1.642893617
mp-1110563,../cifs_all/mp_1110563.cif,-2.497153603
mp-11736,../cifs_all/mp_11736.cif,-3.479153566
mp-759518,../cifs_all/mp_759518.cif,-2.837053537
mp-1227465,../cifs_all/mp_1227465.cif,-0.153462635
mp-581601,../cifs_all/mp_581601.cif,-0.951365527
mp-1235435,../cifs_all/mp_1235435.cif,-3.205412482
mp-510508,../cifs_all/mp_510508.cif,-1.871456811
mp-776588,../cifs_all/mp_776588.cif,-2.732682521
mp-759216,../cifs_all/mp_759216.cif,-3.217807823
mp-1293112,../cifs_all/mp_1293112.cif,-2.813493403
mp-1247149,../cifs_all/mp_1247149.cif,-1.170962651
mp-1209482,../cifs_all/mp_1209482.cif,-2.476638711
mp-1080760,../cifs_all/mp_1080760.cif,-1.039894066
mp-630927,../cifs_all/mp_630927.cif,-1.150251999
mp-1224508,../cifs_all/mp_1224508.cif,-0.419209092
mp-1187323,../cifs_all/mp_1187323.cif,0.102352269999997
mp-2713739,../cifs_all/mp_2713739.cif,-2.817769789
mp-1176761,../cifs_all/mp_1176761.cif,-2.411552369
mp-1206589,../cifs_all/mp_1206589.cif,-0.667077659
mp-1208477,../cifs_all/mp_1208477.cif,2.211400407410713
mp-2712853,../cifs_all/mp_2712853.cif,-2.761207805
mp-1183151,../cifs_all/mp_1183151.cif,-0.154224252
mp-1211224,../cifs_all/mp_1211224.cif,-0.099270501
mp-771145,../cifs_all/mp_771145.cif,-1.976430346
mp-1185077,../cifs_all/mp_1185077.cif,1.2071395989999991
mp-756414,../cifs_all/mp_756414.cif,-2.054850133
mp-1205995,../cifs_all/mp_1205995.cif,-0.472050707
mp-1190815,../cifs_all/mp_1190815.cif,-1.592892186
mp-2716168,../cifs_all/mp_2716168.cif,-2.807471846
mp-1233131,../cifs_all/mp_1233131.cif,-2.210265116
mp-861888,../cifs_all/mp_861888.cif,-0.580154865
mp-1184995,../cifs_all/mp_1184995.cif,-0.112269691
mp-21422,../cifs_all/mp_21422.cif,-0.285098683
mp-776823,../cifs_all/mp_776823.cif,-2.853519002
mp-1213049,../cifs_all/mp_1213049.cif,-2.497290795
mp-1105253,../cifs_all/mp_1105253.cif,-0.443850253
mp-24475,../cifs_all/mp_24475.cif,-1.244744793
mp-2222782,../cifs_all/mp_2222782.cif,-0.673133484
mp-770633,../cifs_all/mp_770633.cif,-2.243068197
mp-1181888,../cifs_all/mp_1181888.cif,-0.714282308
mp-1173895,../cifs_all/mp_1173895.cif,-1.884167695
mp-5339,../cifs_all/mp_5339.cif,-1.229981633
mp-1400963,../cifs_all/mp_1400963.cif,-3.442752224
mp-34541,../cifs_all/mp_34541.cif,-0.601692957
mp-642871,../cifs_all/mp_642871.cif,-2.77809878
mp-1200666,../cifs_all/mp_1200666.cif,-2.52582192
mp-1196087,../cifs_all/mp_1196087.cif,-0.974716861
mp-675336,../cifs_all/mp_675336.cif,-2.281087524
mp-26679,../cifs_all/mp_26679.cif,-2.260262827
mp-1079995,../cifs_all/mp_1079995.cif,-2.396641787
mp-1176296,../cifs_all/mp_1176296.cif,-1.835943468
mp-1033911,../cifs_all/mp_1033911.cif,-2.750451473
mp-731886,../cifs_all/mp_731886.cif,0.7122953766666661
mp-622990,../cifs_all/mp_622990.cif,-0.018714537
mp-30223,../cifs_all/mp_30223.cif,-0.568422681
mp-1027526,../cifs_all/mp_1027526.cif,-0.425894023
mp-1202275,../cifs_all/mp_1202275.cif,-1.709462599
mp-1099310,../cifs_all/mp_1099310.cif,0.331609296458331
mp-865005,../cifs_all/mp_865005.cif,-1.651786779
mp-1186799,../cifs_all/mp_1186799.cif,-2.469338893
mp-1522546,../cifs_all/mp_1522546.cif,-3.378542953
mp-15822,../cifs_all/mp_15822.cif,-0.69988422
mp-1210400,../cifs_all/mp_1210400.cif,-3.504474631
mp-766582,../cifs_all/mp_766582.cif,-2.426657292
mp-1522444,../cifs_all/mp_1522444.cif,-3.667479871
mp-1182696,../cifs_all/mp_1182696.cif,-2.808157319
mp-1517276,../cifs_all/mp_1517276.cif,-2.810903722
mp-6285,../cifs_all/mp_6285.cif,-3.656562612
mp-780663,../cifs_all/mp_780663.cif,-2.431989755
mp-756437,../cifs_all/mp_756437.cif,-2.414229094
mp-560589,../cifs_all/mp_560589.cif,-1.764926414
mp-2242174,../cifs_all/mp_2242174.cif,-0.292127734
mp-26195,../cifs_all/mp_26195.cif,-2.5381233
mp-2715573,../cifs_all/mp_2715573.cif,-2.93899164
mp-2039648,../cifs_all/mp_2039648.cif,-1.870891144
mp-1191095,../cifs_all/mp_1191095.cif,-1.723287811
mp-2713255,../cifs_all/mp_2713255.cif,-2.501270641
mp-1246605,../cifs_all/mp_1246605.cif,-1.130227742
mp-936202,../cifs_all/mp_936202.cif,-1.422097586
mp-21596,../cifs_all/mp_21596.cif,-0.568540451
mp-39823,../cifs_all/mp_39823.cif,-3.01892006
mp-757024,../cifs_all/mp_757024.cif,-1.525768552
mp-1073405,../cifs_all/mp_1073405.cif,0.189919987
mp-2239919,../cifs_all/mp_2239919.cif,-2.656986581
mp-1223957,../cifs_all/mp_1223957.cif,-2.644064497
mp-1273655,../cifs_all/mp_1273655.cif,-2.356701645
mp-1009885,../cifs_all/mp_1009885.cif,-1.653550602
mp-2224818,../cifs_all/mp_2224818.cif,-0.637905501
mp-1443978,../cifs_all/mp_1443978.cif,-0.993126074
mp-1200731,../cifs_all/mp_1200731.cif,-1.758457559
mp-1212012,../cifs_all/mp_1212012.cif,-0.087606712
mp-1080433,../cifs_all/mp_1080433.cif,-0.496096976
mp-1213027,../cifs_all/mp_1213027.cif,-0.227620488
mp-1186473,../cifs_all/mp_1186473.cif,-0.828619471
mp-862536,../cifs_all/mp_862536.cif,-0.439453118
mp-1188665,../cifs_all/mp_1188665.cif,-0.568079443
mp-3345,../cifs_all/mp_3345.cif,-0.273878242
mp-8,../cifs_all/mp_8.cif,0.003587022
mp-1192952,../cifs_all/mp_1192952.cif,-0.106549007
mp-1044272,../cifs_all/mp_1044272.cif,-2.118033508
mp-1073041,../cifs_all/mp_1073041.cif,0.158954454999999
mp-769967,../cifs_all/mp_769967.cif,-2.519113172
mp-556911,../cifs_all/mp_556911.cif,-2.590574678
mp-15701,../cifs_all/mp_15701.cif,-1.31666439
mp-777514,../cifs_all/mp_777514.cif,-3.863645606
mp-2227355,../cifs_all/mp_2227355.cif,-2.292516747
mp-1026983,../cifs_all/mp_1026983.cif,-0.524632247
mp-15590,../cifs_all/mp_15590.cif,-3.299259845
mp-1185515,../cifs_all/mp_1185515.cif,-0.018285033
mp-2712842,../cifs_all/mp_2712842.cif,-3.061622085
mp-1238504,../cifs_all/mp_1238504.cif,-1.652922509
mp-19279,../cifs_all/mp_19279.cif,-2.022111927
mp-558861,../cifs_all/mp_558861.cif,-1.860593752
mp-1219123,../cifs_all/mp_1219123.cif,-0.220417865
mp-1201760,../cifs_all/mp_1201760.cif,-0.859719146
mp-1027930,../cifs_all/mp_1027930.cif,0.004354488
mp-1222621,../cifs_all/mp_1222621.cif,-0.206592196
mp-626307,../cifs_all/mp_626307.cif,-1.396259928
mp-1175407,../cifs_all/mp_1175407.cif,-1.831195224
mp-1097604,../cifs_all/mp_1097604.cif,2.026321724999999
mp-1350370,../cifs_all/mp_1350370.cif,-2.987064759
mp-1226475,../cifs_all/mp_1226475.cif,-1.554087125
mp-1201658,../cifs_all/mp_1201658.cif,-2.178472947
mp-570046,../cifs_all/mp_570046.cif,-1.099099333
mp-1184795,../cifs_all/mp_1184795.cif,0.353159194
mp-1028531,../cifs_all/mp_1028531.cif,-0.367122757
mp-983430,../cifs_all/mp_983430.cif,-0.873607305
mp-1188989,../cifs_all/mp_1188989.cif,-0.699088211
mp-776160,../cifs_all/mp_776160.cif,-1.722460426
mp-1202409,../cifs_all/mp_1202409.cif,-0.127207497
mp-1094731,../cifs_all/mp_1094731.cif,0.025682324886364
mp-1245730,../cifs_all/mp_1245730.cif,0.356558411
mp-770219,../cifs_all/mp_770219.cif,-2.408638266
mp-12496,../cifs_all/mp_12496.cif,-1.263423064
mp-684805,../cifs_all/mp_684805.cif,-0.279376073
mp-1196825,../cifs_all/mp_1196825.cif,-1.042137696
mp-865568,../cifs_all/mp_865568.cif,-0.198044059
mp-1208626,../cifs_all/mp_1208626.cif,-2.015733355
mp-1079562,../cifs_all/mp_1079562.cif,-0.824229547
mp-757470,../cifs_all/mp_757470.cif,-2.108493469
mp-852069,../cifs_all/mp_852069.cif,0.316363329
mp-1222291,../cifs_all/mp_1222291.cif,-0.029255207
mp-2030206,../cifs_all/mp_2030206.cif,-0.023
mp-675620,../cifs_all/mp_675620.cif,-1.877646201
mp-1204932,../cifs_all/mp_1204932.cif,-1.338080505
mp-754437,../cifs_all/mp_754437.cif,-1.460488678
mp-769122,../cifs_all/mp_769122.cif,-2.257404444
mp-1226826,../cifs_all/mp_1226826.cif,-0.878321849
mp-541495,../cifs_all/mp_541495.cif,-2.909517903
mp-632319,../cifs_all/mp_632319.cif,-0.231499704
mp-849340,../cifs_all/mp_849340.cif,-2.40710112
mp-864662,../cifs_all/mp_864662.cif,-2.436702259
mp-558576,../cifs_all/mp_558576.cif,-2.508237127
mp-973278,../cifs_all/mp_973278.cif,0.108586907
mp-604486,../cifs_all/mp_604486.cif,-0.387670604
mp-755119,../cifs_all/mp_755119.cif,-2.25419976
mp-1209457,../cifs_all/mp_1209457.cif,-1.57132413
mp-764968,../cifs_all/mp_764968.cif,-1.610653602
mp-698941,../cifs_all/mp_698941.cif,-1.666240995
mp-771055,../cifs_all/mp_771055.cif,-3.5468717
mp-1228788,../cifs_all/mp_1228788.cif,-0.363039029
mp-1030247,../cifs_all/mp_1030247.cif,-0.28019997
mp-23795,../cifs_all/mp_23795.cif,-1.461629336
mp-1226099,../cifs_all/mp_1226099.cif,-0.127267976
mp-1216502,../cifs_all/mp_1216502.cif,-0.469223689
mp-1221730,../cifs_all/mp_1221730.cif,-0.27313795
mp-1182049,../cifs_all/mp_1182049.cif,-2.371948639
mp-12481,../cifs_all/mp_12481.cif,-1.389336503
mp-1221288,../cifs_all/mp_1221288.cif,-2.372863224
mp-13380,../cifs_all/mp_13380.cif,-0.73972494
mp-1139958,../cifs_all/mp_1139958.cif,-2.047536475
mp-1223013,../cifs_all/mp_1223013.cif,-1.941785394
mp-1224111,../cifs_all/mp_1224111.cif,-0.147600914
mp-2226874,../cifs_all/mp_2226874.cif,-1.995109258
mp-1215060,../cifs_all/mp_1215060.cif,0.617689761
mp-20726,../cifs_all/mp_20726.cif,-0.674470309
mp-1188238,../cifs_all/mp_1188238.cif,-0.726938072
mp-779227,../cifs_all/mp_779227.cif,-2.91823481
mp-1204245,../cifs_all/mp_1204245.cif,-0.319665136
mp-31317,../cifs_all/mp_31317.cif,-1.309786873
mp-2714423,../cifs_all/mp_2714423.cif,-2.672494448
mp-15553,../cifs_all/mp_15553.cif,-1.913766812
mp-1104534,../cifs_all/mp_1104534.cif,-0.350630604
mp-1186893,../cifs_all/mp_1186893.cif,-1.649811396
mp-1175172,../cifs_all/mp_1175172.cif,-2.040686701
mp-850751,../cifs_all/mp_850751.cif,-2.398263374
mp-1100664,../cifs_all/mp_1100664.cif,-1.79656346
mp-1093946,../cifs_all/mp_1093946.cif,2.688531408
mp-504598,../cifs_all/mp_504598.cif,-1.499867705
mp-201,../cifs_all/mp_201.cif,-0.972330813
mp-1222497,../cifs_all/mp_1222497.cif,-0.350553044
mp-1986469,../cifs_all/mp_1986469.cif,-2.365785155
mp-756711,../cifs_all/mp_756711.cif,-2.17362364
mp-754411,../cifs_all/mp_754411.cif,-2.63793752
mp-1096260,../cifs_all/mp_1096260.cif,1.102496249166667
mp-1206026,../cifs_all/mp_1206026.cif,-3.036579568
mp-1246041,../cifs_all/mp_1246041.cif,-0.633083694
mp-1222040,../cifs_all/mp_1222040.cif,-0.452371219
mp-1219777,../cifs_all/mp_1219777.cif,0.191749084833332
mp-1173829,../cifs_all/mp_1173829.cif,-2.40892172
mp-774418,../cifs_all/mp_774418.cif,-2.657787761
mp-2231932,../cifs_all/mp_2231932.cif,-1.666381676
mp-1233725,../cifs_all/mp_1233725.cif,-2.539192249
mp-776310,../cifs_all/mp_776310.cif,-3.058201804
mp-13939,../cifs_all/mp_13939.cif,-3.032357784
mp-3856,../cifs_all/mp_3856.cif,-1.740643009
mp-1029125,../cifs_all/mp_1029125.cif,-0.52051786
mp-1101174,../cifs_all/mp_1101174.cif,-0.264162511
mp-777731,../cifs_all/mp_777731.cif,-2.469139915
mp-1220956,../cifs_all/mp_1220956.cif,-3.070782582
mp-910,../cifs_all/mp_910.cif,-0.53580457
mp-20219,../cifs_all/mp_20219.cif,-0.941191312
mp-556374,../cifs_all/mp_556374.cif,-2.167465826
mp-865807,../cifs_all/mp_865807.cif,-0.635660577
mp-1216231,../cifs_all/mp_1216231.cif,-0.06145213
mp-2228344,../cifs_all/mp_2228344.cif,-1.169170822
mp-1078821,../cifs_all/mp_1078821.cif,0.122598042
mp-2229780,../cifs_all/mp_2229780.cif,-0.595732981
mp-861694,../cifs_all/mp_861694.cif,-2.089912025
mp-30882,../cifs_all/mp_30882.cif,-0.197973831
mp-754281,../cifs_all/mp_754281.cif,-1.951188835
mp-19948,../cifs_all/mp_19948.cif,-0.503660159
mp-1103130,../cifs_all/mp_1103130.cif,-0.372340576
mp-606121,../cifs_all/mp_606121.cif,-0.550232516
mp-1190045,../cifs_all/mp_1190045.cif,-1.090085526
mp-1102371,../cifs_all/mp_1102371.cif,1.305074610833332
mp-4426,../cifs_all/mp_4426.cif,-1.950933553
mp-1213786,../cifs_all/mp_1213786.cif,-2.456131698
mp-605006,../cifs_all/mp_605006.cif,-0.909148464
mp-1043503,../cifs_all/mp_1043503.cif,-2.92240882
mp-1207821,../cifs_all/mp_1207821.cif,-1.528218989
mp-1021675,../cifs_all/mp_1021675.cif,0.138151703
mp-1101271,../cifs_all/mp_1101271.cif,-2.352840376
mp-728651,../cifs_all/mp_728651.cif,-0.891270082
mp-1197607,../cifs_all/mp_1197607.cif,-2.837004077
mp-863675,../cifs_all/mp_863675.cif,-0.186295189
mp-1197694,../cifs_all/mp_1197694.cif,-1.031765068
mp-1219253,../cifs_all/mp_1219253.cif,-0.539095171
mp-1029225,../cifs_all/mp_1029225.cif,-0.500266884
mp-2714564,../cifs_all/mp_2714564.cif,-2.416738588
mp-756441,../cifs_all/mp_756441.cif,-2.129462545
mp-6929,../cifs_all/mp_6929.cif,-2.509705237
mp-979339,../cifs_all/mp_979339.cif,-0.082763664
mp-1076992,../cifs_all/mp_1076992.cif,-0.355349857
mp-556588,../cifs_all/mp_556588.cif,-2.963979505
mp-1175286,../cifs_all/mp_1175286.cif,-2.018524712
mp-1206261,../cifs_all/mp_1206261.cif,-0.405958149
mp-760174,../cifs_all/mp_760174.cif,-1.744324536
mp-1219391,../cifs_all/mp_1219391.cif,-0.068315314
mp-2097,../cifs_all/mp_2097.cif,-1.629702402
mp-1220115,../cifs_all/mp_1220115.cif,-0.134273897
mp-1073089,../cifs_all/mp_1073089.cif,0.187369503
mp-1193165,../cifs_all/mp_1193165.cif,-1.138291255
mp-1112657,../cifs_all/mp_1112657.cif,-2.491442455
mp-775784,../cifs_all/mp_775784.cif,-2.532894367
mp-2714641,../cifs_all/mp_2714641.cif,-2.87751531
mp-21966,../cifs_all/mp_21966.cif,-2.163141516
mp-1233985,../cifs_all/mp_1233985.cif,-2.512666147
mp-1094007,../cifs_all/mp_1094007.cif,-0.733613854
mp-569603,../cifs_all/mp_569603.cif,-0.756005398
mp-510719,../cifs_all/mp_510719.cif,-0.260972517
mp-1214841,../cifs_all/mp_1214841.cif,-3.007960057
mp-758332,../cifs_all/mp_758332.cif,-3.754291839
mp-1233696,../cifs_all/mp_1233696.cif,-1.95699598
mp-755817,../cifs_all/mp_755817.cif,-2.07898926
mp-680008,../cifs_all/mp_680008.cif,-1.023130233
mp-1218139,../cifs_all/mp_1218139.cif,-3.218058005
mp-16163,../cifs_all/mp_16163.cif,-3.224797654
mp-730972,../cifs_all/mp_730972.cif,-1.541017704
mp-961716,../cifs_all/mp_961716.cif,-0.295878668
mp-1044163,../cifs_all/mp_1044163.cif,-2.577625835
mp-1223122,../cifs_all/mp_1223122.cif,-0.860475635
mp-1186501,../cifs_all/mp_1186501.cif,-0.299450926
mp-2217328,../cifs_all/mp_2217328.cif,-1.382271386
mp-726803,../cifs_all/mp_726803.cif,-2.656562042
mp-1204757,../cifs_all/mp_1204757.cif,-2.584115605
mp-1183158,../cifs_all/mp_1183158.cif,-0.750868002
mp-1221281,../cifs_all/mp_1221281.cif,-1.276427648
mp-1044490,../cifs_all/mp_1044490.cif,-1.976672848
mp-695946,../cifs_all/mp_695946.cif,-0.450522692
mp-1027831,../cifs_all/mp_1027831.cif,0.2189137175
mp-850535,../cifs_all/mp_850535.cif,-1.792902278
mp-1097597,../cifs_all/mp_1097597.cif,2.069802251083747
mp-1200859,../cifs_all/mp_1200859.cif,-2.803679729
mp-774402,../cifs_all/mp_774402.cif,-2.385156588
mp-2218981,../cifs_all/mp_2218981.cif,-1.815118305
mp-1072082,../cifs_all/mp_1072082.cif,-0.539663257
mp-699543,../cifs_all/mp_699543.cif,-1.759426906
mp-1194478,../cifs_all/mp_1194478.cif,-0.412028637
mp-1026389,../cifs_all/mp_1026389.cif,0.149728962291666
mp-1018888,../cifs_all/mp_1018888.cif,-0.556552813
mp-1235317,../cifs_all/mp_1235317.cif,-2.105118152
mp-1234927,../cifs_all/mp_1234927.cif,-1.566308209
mp-21035,../cifs_all/mp_21035.cif,-0.797307875
mp-754847,../cifs_all/mp_754847.cif,-2.473170773
mp-677242,../cifs_all/mp_677242.cif,-2.246639894
mp-1210036,../cifs_all/mp_1210036.cif,-2.22181307
mp-571412,../cifs_all/mp_571412.cif,-0.599944916
mp-707453,../cifs_all/mp_707453.cif,-2.385648335
mp-2222874,../cifs_all/mp_2222874.cif,-1.49045322
mp-1417640,../cifs_all/mp_1417640.cif,-0.778863904
mp-1211804,../cifs_all/mp_1211804.cif,-0.105609937
mp-558367,../cifs_all/mp_558367.cif,-1.802463534
mp-1184497,../cifs_all/mp_1184497.cif,-0.830284948
mp-1097508,../cifs_all/mp_1097508.cif,1.893018083749999
mp-1093824,../cifs_all/mp_1093824.cif,0.8743772670833341
mp-759730,../cifs_all/mp_759730.cif,-1.603436872
mp-1218466,../cifs_all/mp_1218466.cif,-2.518122356
mp-756984,../cifs_all/mp_756984.cif,-2.476810614
mp-1184175,../cifs_all/mp_1184175.cif,-0.601785026
mp-1093774,../cifs_all/mp_1093774.cif,2.498733902499999
mp-3040,../cifs_all/mp_3040.cif,-0.470916637
mp-2232580,../cifs_all/mp_2232580.cif,-1.530240159
mp-772530,../cifs_all/mp_772530.cif,-2.232699396
mp-1096753,../cifs_all/mp_1096753.cif,0.6727224981250011
mp-729632,../cifs_all/mp_729632.cif,-1.199871169
mp-756367,../cifs_all/mp_756367.cif,-1.70492261
mp-2620,../cifs_all/mp_2620.cif,-0.898450373
mp-1182983,../cifs_all/mp_1182983.cif,0.933821529
mp-1215034,../cifs_all/mp_1215034.cif,-0.263346677
mp-571071,../cifs_all/mp_571071.cif,-1.013694912
mp-2226128,../cifs_all/mp_2226128.cif,-1.236246591
mp-1338518,../cifs_all/mp_1338518.cif,-1.542058967
mp-1197777,../cifs_all/mp_1197777.cif,-1.5198996
mp-1188042,../cifs_all/mp_1188042.cif,-0.037674074
mp-1094170,../cifs_all/mp_1094170.cif,0.032340168
mp-1043771,../cifs_all/mp_1043771.cif,-2.345600785
mp-1218589,../cifs_all/mp_1218589.cif,-2.30272883
mp-1183639,../cifs_all/mp_1183639.cif,0.036664294374999
mp-1040399,../cifs_all/mp_1040399.cif,-2.89947754
mp-1220118,../cifs_all/mp_1220118.cif,-0.074539353
mp-772876,../cifs_all/mp_772876.cif,-1.973923256
mp-622576,../cifs_all/mp_622576.cif,-2.222449604
mp-24417,../cifs_all/mp_24417.cif,0.393956327499999
mp-866122,../cifs_all/mp_866122.cif,-0.72219997
mp-1102773,../cifs_all/mp_1102773.cif,-0.809527422
mp-1218019,../cifs_all/mp_1218019.cif,-1.578463584
mp-1208028,../cifs_all/mp_1208028.cif,-0.776322408
mp-1183788,../cifs_all/mp_1183788.cif,0.0479742
mp-768827,../cifs_all/mp_768827.cif,-1.911686006
mp-1183159,../cifs_all/mp_1183159.cif,-1.400460893
mp-657353,../cifs_all/mp_657353.cif,-1.207641135
mp-1184598,../cifs_all/mp_1184598.cif,0.938164964
mp-1185548,../cifs_all/mp_1185548.cif,-0.459805179
mp-1219615,../cifs_all/mp_1219615.cif,-0.996689089
mp-28721,../cifs_all/mp_28721.cif,-0.370167342
mp-1048407,../cifs_all/mp_1048407.cif,-2.326179438
mp-30162,../cifs_all/mp_30162.cif,-2.944704858
mp-754342,../cifs_all/mp_754342.cif,-2.76496437
mp-1209660,../cifs_all/mp_1209660.cif,-2.040496878
mp-1522439,../cifs_all/mp_1522439.cif,-3.008674161
mp-756254,../cifs_all/mp_756254.cif,-1.882176374
mp-759981,../cifs_all/mp_759981.cif,-2.366359254
mp-1174432,../cifs_all/mp_1174432.cif,-1.861860941
mp-2227108,../cifs_all/mp_2227108.cif,-0.604099989
mp-1111159,../cifs_all/mp_1111159.cif,-1.555294006
mp-1216899,../cifs_all/mp_1216899.cif,-1.026801796
mp-866056,../cifs_all/mp_866056.cif,-1.322563138
mp-1246877,../cifs_all/mp_1246877.cif,-0.05419945
mp-1094113,../cifs_all/mp_1094113.cif,-2.669754356
mp-1234368,../cifs_all/mp_1234368.cif,-2.783019299
mp-860888,../cifs_all/mp_860888.cif,-2.421792077
mp-554007,../cifs_all/mp_554007.cif,-1.454613885
mp-1105587,../cifs_all/mp_1105587.cif,-0.660964651
mp-984106,../cifs_all/mp_984106.cif,1.299978233836206
mp-21079,../cifs_all/mp_21079.cif,-0.655830899
mp-1228639,../cifs_all/mp_1228639.cif,-3.338557744
mp-21902,../cifs_all/mp_21902.cif,-0.61075526
mp-1187642,../cifs_all/mp_1187642.cif,0.487221669999996
mp-2228992,../cifs_all/mp_2228992.cif,-2.683590547
mp-2712976,../cifs_all/mp_2712976.cif,-2.039268335
mp-776165,../cifs_all/mp_776165.cif,-0.356843842
mp-2216441,../cifs_all/mp_2216441.cif,-2.831023466
mp-1407843,../cifs_all/mp_1407843.cif,-3.240805361
mp-1047462,../cifs_all/mp_1047462.cif,-1.230278036
mp-1213432,../cifs_all/mp_1213432.cif,-1.598992421
mp-776444,../cifs_all/mp_776444.cif,-3.031087417
mp-761178,../cifs_all/mp_761178.cif,-1.737752689
mp-1173489,../cifs_all/mp_1173489.cif,-2.263213025
mp-1208460,../cifs_all/mp_1208460.cif,-2.861850809
mp-806072,../cifs_all/mp_806072.cif,0.157229953
mp-3081,../cifs_all/mp_3081.cif,-3.352918254
mp-1183912,../cifs_all/mp_1183912.cif,0.207937961249996
mp-758210,../cifs_all/mp_758210.cif,-2.19871161
mp-778594,../cifs_all/mp_778594.cif,-2.340349008
mp-2217025,../cifs_all/mp_2217025.cif,-2.044319822
mp-1212434,../cifs_all/mp_1212434.cif,-0.992133572
mp-1049202,../cifs_all/mp_1049202.cif,-2.367423191
mp-1199905,../cifs_all/mp_1199905.cif,-0.756689669
mp-2712612,../cifs_all/mp_2712612.cif,-2.341456094
mp-37722,../cifs_all/mp_37722.cif,-0.45429709
mp-1212959,../cifs_all/mp_1212959.cif,-0.148976073
mp-1287666,../cifs_all/mp_1287666.cif,-1.30216643
mp-1095172,../cifs_all/mp_1095172.cif,-2.089657873
mp-1097510,../cifs_all/mp_1097510.cif,2.7222490180726133
mp-1220791,../cifs_all/mp_1220791.cif,-0.386527338
mp-1096220,../cifs_all/mp_1096220.cif,1.238844291070403
mp-777553,../cifs_all/mp_777553.cif,-2.745930911
mp-1219527,../cifs_all/mp_1219527.cif,-0.777428081
mp-558377,../cifs_all/mp_558377.cif,-1.073134288
mp-1197780,../cifs_all/mp_1197780.cif,-2.434629455
mp-20872,../cifs_all/mp_20872.cif,-0.126218784
mp-1200168,../cifs_all/mp_1200168.cif,-0.27423737
mp-510554,../cifs_all/mp_510554.cif,-3.03856037
mp-1104400,../cifs_all/mp_1104400.cif,0.042281954
mp-7400,../cifs_all/mp_7400.cif,-0.265446487
mp-1212810,../cifs_all/mp_1212810.cif,-0.265251469
mp-1214332,../cifs_all/mp_1214332.cif,-0.738515049
mp-1232996,../cifs_all/mp_1232996.cif,-1.324913593
mp-975882,../cifs_all/mp_975882.cif,0.056218755
mp-1207227,../cifs_all/mp_1207227.cif,-0.03344819
mp-27704,../cifs_all/mp_27704.cif,-2.402736184
mp-773874,../cifs_all/mp_773874.cif,-2.235613433
mp-1100647,../cifs_all/mp_1100647.cif,-1.799041448
mp-769014,../cifs_all/mp_769014.cif,-2.347713149
mp-1026575,../cifs_all/mp_1026575.cif,-0.006949248
mp-1977728,../cifs_all/mp_1977728.cif,-2.815414552
mp-1218852,../cifs_all/mp_1218852.cif,-0.545827571
mp-1181630,../cifs_all/mp_1181630.cif,-0.591271085
mp-554329,../cifs_all/mp_554329.cif,-1.718180671
mp-1045487,../cifs_all/mp_1045487.cif,-0.952084914
mp-1195033,../cifs_all/mp_1195033.cif,-1.555105885
mp-1174271,../cifs_all/mp_1174271.cif,-1.709296599
mp-1202503,../cifs_all/mp_1202503.cif,-1.923248898
mp-755415,../cifs_all/mp_755415.cif,-3.140922254
mp-1200467,../cifs_all/mp_1200467.cif,-0.985046538
mp-1370002,../cifs_all/mp_1370002.cif,-2.03451063
mp-554376,../cifs_all/mp_554376.cif,-3.930646094
mp-1229307,../cifs_all/mp_1229307.cif,-2.173138524
mp-765192,../cifs_all/mp_765192.cif,-1.386479383
mp-1228248,../cifs_all/mp_1228248.cif,-2.023510273
mp-642787,../cifs_all/mp_642787.cif,-3.209218997
mp-626412,../cifs_all/mp_626412.cif,-1.547914224
mp-1406978,../cifs_all/mp_1406978.cif,-0.503773857
mp-1023288,../cifs_all/mp_1023288.cif,0.250296296827498
mp-2047197,../cifs_all/mp_2047197.cif,-1.531115512
mp-1097098,../cifs_all/mp_1097098.cif,1.797636788125002
mp-2741573,../cifs_all/mp_2741573.cif,-1.598313899
mp-1519474,../cifs_all/mp_1519474.cif,-3.039316051
mp-2715748,../cifs_all/mp_2715748.cif,-3.104617995
mp-753046,../cifs_all/mp_753046.cif,-2.177655187
mp-1187592,../cifs_all/mp_1187592.cif,0.5984628337499981
mp-1387032,../cifs_all/mp_1387032.cif,-0.814913643
mp-2220125,../cifs_all/mp_2220125.cif,-2.226133835
mp-1041343,../cifs_all/mp_1041343.cif,-3.537365607
mp-771172,../cifs_all/mp_771172.cif,-2.031183753
mp-862334,../cifs_all/mp_862334.cif,-1.042154367
mp-765172,../cifs_all/mp_765172.cif,-1.867267177
mp-540672,../cifs_all/mp_540672.cif,-1.53099654
mp-1078758,../cifs_all/mp_1078758.cif,-2.14229813
mp-2219362,../cifs_all/mp_2219362.cif,-2.824731093
mp-1212915,../cifs_all/mp_1212915.cif,-3.68820619
mp-540592,../cifs_all/mp_540592.cif,-1.556715693
mp-861635,../cifs_all/mp_861635.cif,-2.151150411
mp-1226049,../cifs_all/mp_1226049.cif,-0.325565655
mp-1369302,../cifs_all/mp_1369302.cif,-2.34237265
mp-1193859,../cifs_all/mp_1193859.cif,-1.776843313
mp-38683,../cifs_all/mp_38683.cif,-1.189508992
mp-1185700,../cifs_all/mp_1185700.cif,-0.061735167
mp-2231102,../cifs_all/mp_2231102.cif,-2.35217766
mp-1200885,../cifs_all/mp_1200885.cif,-0.262735676
mp-1222512,../cifs_all/mp_1222512.cif,-3.127680022
mp-779144,../cifs_all/mp_779144.cif,-2.222970094
mp-980647,../cifs_all/mp_980647.cif,-0.29910461
mp-34237,../cifs_all/mp_34237.cif,-1.668504667
mp-1198282,../cifs_all/mp_1198282.cif,-1.749450675
mp-11474,../cifs_all/mp_11474.cif,-0.027266808
mp-1210728,../cifs_all/mp_1210728.cif,-1.620728396
mp-763425,../cifs_all/mp_763425.cif,-2.85023693
mp-1105710,../cifs_all/mp_1105710.cif,-2.101925884
mp-1187519,../cifs_all/mp_1187519.cif,0.286394302499999
mp-559609,../cifs_all/mp_559609.cif,-2.009018118
mp-17520,../cifs_all/mp_17520.cif,-2.731894101
mp-761773,../cifs_all/mp_761773.cif,-2.458957577
mp-505286,../cifs_all/mp_505286.cif,-0.243304869
mp-1067986,../cifs_all/mp_1067986.cif,-0.542233609
mp-581584,../cifs_all/mp_581584.cif,-3.198274612
mp-1041295,../cifs_all/mp_1041295.cif,-2.558379693
mp-1031738,../cifs_all/mp_1031738.cif,-2.685849765
mp-765564,../cifs_all/mp_765564.cif,-2.445019476
mp-26203,../cifs_all/mp_26203.cif,-2.496773488
mp-669913,../cifs_all/mp_669913.cif,-0.582669616
mp-554201,../cifs_all/mp_554201.cif,-2.496721982
mp-1042742,../cifs_all/mp_1042742.cif,-2.202765583
mp-568793,../cifs_all/mp_568793.cif,-0.355330012
mp-1186770,../cifs_all/mp_1186770.cif,0.243016262
mp-1227819,../cifs_all/mp_1227819.cif,-3.235680913
mp-768759,../cifs_all/mp_768759.cif,-2.199375977
mp-1075609,../cifs_all/mp_1075609.cif,0.240773667857143
mp-570831,../cifs_all/mp_570831.cif,-0.596612333
mp-1203345,../cifs_all/mp_1203345.cif,-1.908135996
mp-1202247,../cifs_all/mp_1202247.cif,-1.916793199
mp-1187111,../cifs_all/mp_1187111.cif,-0.312904642
mp-2215902,../cifs_all/mp_2215902.cif,-1.09353607
mp-1213778,../cifs_all/mp_1213778.cif,-0.59628713
mp-1094571,../cifs_all/mp_1094571.cif,-0.268510537
mp-1101579,../cifs_all/mp_1101579.cif,-2.459613065
mp-569813,../cifs_all/mp_569813.cif,-0.432294483
mp-5425,../cifs_all/mp_5425.cif,0.277271211875
mp-2713220,../cifs_all/mp_2713220.cif,-2.128032235
mp-1225130,../cifs_all/mp_1225130.cif,-0.580098656
mp-1016277,../cifs_all/mp_1016277.cif,0.028712138124999
mp-24336,../cifs_all/mp_24336.cif,-1.629745706
mp-18463,../cifs_all/mp_18463.cif,-2.513455972
mp-754872,../cifs_all/mp_754872.cif,-2.440880454
mp-2226442,../cifs_all/mp_2226442.cif,-1.896692301
mp-542070,../cifs_all/mp_542070.cif,-1.123023754
mp-1033870,../cifs_all/mp_1033870.cif,-2.790967833
mp-849725,../cifs_all/mp_849725.cif,-1.939651557
mp-410,../cifs_all/mp_410.cif,-1.212786765
mp-1210331,../cifs_all/mp_1210331.cif,-2.804834359
mp-796968,../cifs_all/mp_796968.cif,1.099019710166666
mp-1182216,../cifs_all/mp_1182216.cif,-3.01149667
mp-1225433,../cifs_all/mp_1225433.cif,-0.594851623
mp-560559,../cifs_all/mp_560559.cif,-0.825285379
mp-1037787,../cifs_all/mp_1037787.cif,-2.97066922
mp-1187040,../cifs_all/mp_1187040.cif,-0.492861021
mp-1226175,../cifs_all/mp_1226175.cif,0.186387696080461
mp-936248,../cifs_all/mp_936248.cif,-0.028287302
mp-399,../cifs_all/mp_399.cif,-0.442490403
mp-1236131,../cifs_all/mp_1236131.cif,-2.984819935
mp-23223,../cifs_all/mp_23223.cif,-1.077977661
mp-774337,../cifs_all/mp_774337.cif,-2.703509464
mp-1245633,../cifs_all/mp_1245633.cif,-0.775955875
mp-1233829,../cifs_all/mp_1233829.cif,-2.619656848
mp-394,../cifs_all/mp_394.cif,-0.260032285
mp-1308491,../cifs_all/mp_1308491.cif,-2.057190843
mp-1147579,../cifs_all/mp_1147579.cif,-1.845894317
mp-768715,../cifs_all/mp_768715.cif,-2.558428577
mp-555605,../cifs_all/mp_555605.cif,-2.593508513
mp-1019573,../cifs_all/mp_1019573.cif,-3.428106404
mp-1185514,../cifs_all/mp_1185514.cif,-2.260620259
mp-25466,../cifs_all/mp_25466.cif,-1.842715392
mp-1218956,../cifs_all/mp_1218956.cif,-3.390914821
mp-635426,../cifs_all/mp_635426.cif,-0.843428855
mp-760112,../cifs_all/mp_760112.cif,-2.446669932
mp-1223915,../cifs_all/mp_1223915.cif,-0.904455803
mp-1223953,../cifs_all/mp_1223953.cif,-0.610492491
mp-764510,../cifs_all/mp_764510.cif,-2.039207488
mp-605344,../cifs_all/mp_605344.cif,-1.315136836
mp-12147,../cifs_all/mp_12147.cif,-3.398136224
mp-570263,../cifs_all/mp_570263.cif,-0.826474568
mp-644879,../cifs_all/mp_644879.cif,-3.180210771
mp-10504,../cifs_all/mp_10504.cif,-0.450703342
mp-1517143,../cifs_all/mp_1517143.cif,-3.011117933
mp-1099093,../cifs_all/mp_1099093.cif,0.100828845
mp-1042009,../cifs_all/mp_1042009.cif,-2.880512601
mp-1097040,../cifs_all/mp_1097040.cif,-2.061829768
mp-23711,../cifs_all/mp_23711.cif,-0.280843483
mp-1079761,../cifs_all/mp_1079761.cif,-0.618200734
mp-2173,../cifs_all/mp_2173.cif,-2.449045707
mp-31219,../cifs_all/mp_31219.cif,-0.143622403
mp-1208219,../cifs_all/mp_1208219.cif,-0.812638286
mp-1222928,../cifs_all/mp_1222928.cif,-2.980090123
mp-1042370,../cifs_all/mp_1042370.cif,-1.629739022
mp-734811,../cifs_all/mp_734811.cif,-0.744131125
mp-554930,../cifs_all/mp_554930.cif,-0.896408103
mp-1080554,../cifs_all/mp_1080554.cif,-0.32883355
mp-2226987,../cifs_all/mp_2226987.cif,-1.455615921
mp-1079096,../cifs_all/mp_1079096.cif,-2.190014561
mp-12837,../cifs_all/mp_12837.cif,-0.719221859
mp-2714152,../cifs_all/mp_2714152.cif,-2.634366626
mp-753203,../cifs_all/mp_753203.cif,-2.458831423
mp-757158,../cifs_all/mp_757158.cif,-3.213355905
mp-1077512,../cifs_all/mp_1077512.cif,-0.849350427
mp-1038196,../cifs_all/mp_1038196.cif,-2.930974106
mp-780869,../cifs_all/mp_780869.cif,-3.339669136
mp-17825,../cifs_all/mp_17825.cif,-3.415866405
mp-865077,../cifs_all/mp_865077.cif,-0.04335734
mp-1199695,../cifs_all/mp_1199695.cif,-0.33159134
mp-1196498,../cifs_all/mp_1196498.cif,-0.487109778
mp-1237181,../cifs_all/mp_1237181.cif,-1.394814827
mp-1204597,../cifs_all/mp_1204597.cif,-2.401920832
mp-552056,../cifs_all/mp_552056.cif,-1.58720106
mp-1187816,../cifs_all/mp_1187816.cif,-0.214797421
mp-11693,../cifs_all/mp_11693.cif,-0.401017095
mp-698354,../cifs_all/mp_698354.cif,-0.634483965
mp-961678,../cifs_all/mp_961678.cif,-0.925811074
mp-17009,../cifs_all/mp_17009.cif,-2.38816719
mp-755988,../cifs_all/mp_755988.cif,-1.955255585
mp-625740,../cifs_all/mp_625740.cif,-1.623430867
mp-767039,../cifs_all/mp_767039.cif,-1.986302603
mp-1196230,../cifs_all/mp_1196230.cif,-0.791186504
mp-976600,../cifs_all/mp_976600.cif,-0.231619774
mp-505633,../cifs_all/mp_505633.cif,-1.151094766
mp-1222563,../cifs_all/mp_1222563.cif,-3.210916266
mp-1206870,../cifs_all/mp_1206870.cif,-0.313183759
mp-1105229,../cifs_all/mp_1105229.cif,-1.523008601
mp-1190931,../cifs_all/mp_1190931.cif,-1.975332583
mp-1228954,../cifs_all/mp_1228954.cif,-3.403617112
mp-1189034,../cifs_all/mp_1189034.cif,-1.636584451
mp-764484,../cifs_all/mp_764484.cif,-2.590982002
mp-26559,../cifs_all/mp_26559.cif,-2.4411449
mp-40373,../cifs_all/mp_40373.cif,-2.153362025
mp-1239176,../cifs_all/mp_1239176.cif,-0.991054902
mp-1517072,../cifs_all/mp_1517072.cif,-2.660345174
mp-1183612,../cifs_all/mp_1183612.cif,0.162170828749999
mp-3502,../cifs_all/mp_3502.cif,-1.609161186
mp-849508,../cifs_all/mp_849508.cif,-2.469050016
mp-1226780,../cifs_all/mp_1226780.cif,-0.690881827
mp-11597,../cifs_all/mp_11597.cif,-0.867115503
mp-1219939,../cifs_all/mp_1219939.cif,-0.13849377
mp-755117,../cifs_all/mp_755117.cif,-2.25926978
mp-568800,../cifs_all/mp_568800.cif,0.147573177916664
mp-865654,../cifs_all/mp_865654.cif,-0.430661104
mp-1192020,../cifs_all/mp_1192020.cif,-1.793809905
mp-722787,../cifs_all/mp_722787.cif,-2.073278146
mp-1191502,../cifs_all/mp_1191502.cif,-1.71013824
mp-1194017,../cifs_all/mp_1194017.cif,-3.167751422
mp-778604,../cifs_all/mp_778604.cif,-1.866483376
mp-1228534,../cifs_all/mp_1228534.cif,-1.830304102
mp-1192382,../cifs_all/mp_1192382.cif,-1.389107244
mp-1103880,../cifs_all/mp_1103880.cif,-0.647140782
mp-1224147,../cifs_all/mp_1224147.cif,-0.560348977
mp-1020163,../cifs_all/mp_1020163.cif,-2.824217587
mp-776684,../cifs_all/mp_776684.cif,-2.981191258
mp-569593,../cifs_all/mp_569593.cif,-0.090074916
mp-766092,../cifs_all/mp_766092.cif,-2.723288727
mp-1039625,../cifs_all/mp_1039625.cif,-2.859895494
mp-1191770,../cifs_all/mp_1191770.cif,-2.181586351
mp-1190841,../cifs_all/mp_1190841.cif,-0.215003642
mp-555065,../cifs_all/mp_555065.cif,-2.927661526
mp-554773,../cifs_all/mp_554773.cif,-3.388183151
mp-1214281,../cifs_all/mp_1214281.cif,-2.654316727
mp-1198339,../cifs_all/mp_1198339.cif,-0.245799023
mp-1038204,../cifs_all/mp_1038204.cif,-3.033880528
mp-768614,../cifs_all/mp_768614.cif,-1.754735417
mp-1174567,../cifs_all/mp_1174567.cif,-1.793384501
mp-864935,../cifs_all/mp_864935.cif,-0.392451851
mp-746820,../cifs_all/mp_746820.cif,-1.02541705
mp-17418,../cifs_all/mp_17418.cif,-3.562214695
mp-1216646,../cifs_all/mp_1216646.cif,0.118607183
mp-2912506,../cifs_all/mp_2912506.cif,-1.282100472
mp-1206669,../cifs_all/mp_1206669.cif,-0.952719291
mp-1185620,../cifs_all/mp_1185620.cif,-0.173042969
mp-1198084,../cifs_all/mp_1198084.cif,-2.293737189
mp-1312241,../cifs_all/mp_1312241.cif,-2.40317627
mp-756249,../cifs_all/mp_756249.cif,-2.619571572
mp-1210440,../cifs_all/mp_1210440.cif,0.003211124
mp-2715419,../cifs_all/mp_2715419.cif,-2.598471316
mp-1104700,../cifs_all/mp_1104700.cif,-0.540085971
mp-1174339,../cifs_all/mp_1174339.cif,-1.64565828
mp-541015,../cifs_all/mp_541015.cif,-1.541730546
mp-3540,../cifs_all/mp_3540.cif,-2.224686792
mp-1216942,../cifs_all/mp_1216942.cif,-0.794860234
mp-1208119,../cifs_all/mp_1208119.cif,0.7183853130000061
mp-1234562,../cifs_all/mp_1234562.cif,-2.261235652
mp-999376,../cifs_all/mp_999376.cif,-0.66418523
mp-1173344,../cifs_all/mp_1173344.cif,-0.734293578
mp-1177767,../cifs_all/mp_1177767.cif,-2.369444007
mp-1212357,../cifs_all/mp_1212357.cif,-0.860695895
mp-1218843,../cifs_all/mp_1218843.cif,-1.554044772
mp-1235039,../cifs_all/mp_1235039.cif,-1.223855413
mp-1047286,../cifs_all/mp_1047286.cif,-2.320599706
mp-778065,../cifs_all/mp_778065.cif,-1.756250983
mp-625525,../cifs_all/mp_625525.cif,-1.888021018
mp-31470,../cifs_all/mp_31470.cif,-0.203975013
mp-510324,../cifs_all/mp_510324.cif,-0.582503236
mp-1399099,../cifs_all/mp_1399099.cif,0.33418564
mp-542339,../cifs_all/mp_542339.cif,-0.280249818
mp-23505,../cifs_all/mp_23505.cif,-1.369855611
mp-698594,../cifs_all/mp_698594.cif,-2.518872428
mp-1199971,../cifs_all/mp_1199971.cif,-1.138266276
mp-1099298,../cifs_all/mp_1099298.cif,0.474477275
mp-1023320,../cifs_all/mp_1023320.cif,0.014738219
mp-1246213,../cifs_all/mp_1246213.cif,0.373703895
mp-1180048,../cifs_all/mp_1180048.cif,-1.06453643
mp-1206222,../cifs_all/mp_1206222.cif,-0.830899229
mp-1023932,../cifs_all/mp_1023932.cif,-0.513720069
mp-1036879,../cifs_all/mp_1036879.cif,-2.938253997
mp-1201798,../cifs_all/mp_1201798.cif,-1.103855826
mp-1097304,../cifs_all/mp_1097304.cif,2.016831928
mp-1187567,../cifs_all/mp_1187567.cif,-0.56125227
mp-1025355,../cifs_all/mp_1025355.cif,-0.41543795
mp-1178392,../cifs_all/mp_1178392.cif,-1.59423624
mp-1188700,../cifs_all/mp_1188700.cif,-1.651679839
mp-1222939,../cifs_all/mp_1222939.cif,-0.141967527
mp-1212866,../cifs_all/mp_1212866.cif,-0.609679235
mp-755697,../cifs_all/mp_755697.cif,-2.673548267
mp-1112020,../cifs_all/mp_1112020.cif,-0.943056361
mp-1096395,../cifs_all/mp_1096395.cif,1.170389677916668
mp-1221017,../cifs_all/mp_1221017.cif,-2.080177823
mp-1047570,../cifs_all/mp_1047570.cif,-1.828360298
mp-1177346,../cifs_all/mp_1177346.cif,-1.783451687
mp-15543,../cifs_all/mp_15543.cif,-3.24072128
mp-14696,../cifs_all/mp_14696.cif,-0.685630693
mp-27388,../cifs_all/mp_27388.cif,-0.527597262
mp-1519441,../cifs_all/mp_1519441.cif,-2.734499137
mp-1216252,../cifs_all/mp_1216252.cif,-0.421054594
mp-22095,../cifs_all/mp_22095.cif,-0.581049438
mp-37480,../cifs_all/mp_37480.cif,-0.714340674
mp-4992,../cifs_all/mp_4992.cif,-0.340514806
mp-1101180,../cifs_all/mp_1101180.cif,-1.724423651
mp-2715435,../cifs_all/mp_2715435.cif,-2.594222129
mp-1187935,../cifs_all/mp_1187935.cif,-0.334997109
mp-768833,../cifs_all/mp_768833.cif,-1.472187165
mp-1039707,../cifs_all/mp_1039707.cif,-2.857385786
mp-1199328,../cifs_all/mp_1199328.cif,-2.709193986
mp-757410,../cifs_all/mp_757410.cif,-2.979236999
mp-1042644,../cifs_all/mp_1042644.cif,-1.388009461
mp-18856,../cifs_all/mp_18856.cif,-1.924571952
mp-1521496,../cifs_all/mp_1521496.cif,-2.256004152
mp-778157,../cifs_all/mp_778157.cif,-2.224616035
mp-32107,../cifs_all/mp_32107.cif,-2.546719273
mp-1401831,../cifs_all/mp_1401831.cif,-2.288201065
mp-1640,../cifs_all/mp_1640.cif,-0.288692675
mp-1220616,../cifs_all/mp_1220616.cif,-1.321410641
mp-1096468,../cifs_all/mp_1096468.cif,0.971920094
mp-1078952,../cifs_all/mp_1078952.cif,3.005693101666666
mp-1245886,../cifs_all/mp_1245886.cif,-0.212881437
mp-1185023,../cifs_all/mp_1185023.cif,-2.700842459
mp-1101525,../cifs_all/mp_1101525.cif,-2.475101898
mp-555085,../cifs_all/mp_555085.cif,-0.92751701
mp-1219190,../cifs_all/mp_1219190.cif,-2.26224029
mp-1219379,../cifs_all/mp_1219379.cif,-0.055670704
mp-1103066,../cifs_all/mp_1103066.cif,-0.972004973
mp-540626,../cifs_all/mp_540626.cif,-1.130861045
mp-1019516,../cifs_all/mp_1019516.cif,-1.065269763
mp-26387,../cifs_all/mp_26387.cif,-2.332502798
mp-1024974,../cifs_all/mp_1024974.cif,-0.661284397
mp-1218131,../cifs_all/mp_1218131.cif,-2.705841242
mp-13379,../cifs_all/mp_13379.cif,-0.733226009
mp-758752,../cifs_all/mp_758752.cif,-2.023766423
mp-1207254,../cifs_all/mp_1207254.cif,-0.939859604
mp-973339,../cifs_all/mp_973339.cif,0.030868655000006
mp-775907,../cifs_all/mp_775907.cif,-3.912033124
mp-1105871,../cifs_all/mp_1105871.cif,-0.46379618
mp-2714256,../cifs_all/mp_2714256.cif,-2.978684627
mp-2713784,../cifs_all/mp_2713784.cif,-2.467201751
mp-684668,../cifs_all/mp_684668.cif,-0.069512677
mp-1047280,../cifs_all/mp_1047280.cif,-1.879435218
mp-1233260,../cifs_all/mp_1233260.cif,-1.175071583
mp-1209877,../cifs_all/mp_1209877.cif,-3.141946145
mp-1185699,../cifs_all/mp_1185699.cif,0.084412007
mp-1227193,../cifs_all/mp_1227193.cif,-3.088509427
mp-22139,../cifs_all/mp_22139.cif,-1.0211585
mp-1187175,../cifs_all/mp_1187175.cif,0.042235035833332
mp-3481,../cifs_all/mp_3481.cif,-0.385741972
mp-554821,../cifs_all/mp_554821.cif,-1.489286858
mp-1183598,../cifs_all/mp_1183598.cif,-0.585514224
mp-1184097,../cifs_all/mp_1184097.cif,-0.151292746
mp-1225487,../cifs_all/mp_1225487.cif,-0.244542607
mp-1200530,../cifs_all/mp_1200530.cif,-0.579870346
mp-1223201,../cifs_all/mp_1223201.cif,-2.486546355
mp-41634,../cifs_all/mp_41634.cif,-2.554668975
mp-778857,../cifs_all/mp_778857.cif,-2.437719644
mp-1227164,../cifs_all/mp_1227164.cif,-3.481037731
mp-1104268,../cifs_all/mp_1104268.cif,-1.642765434
mp-1176172,../cifs_all/mp_1176172.cif,-1.800363324
mp-780173,../cifs_all/mp_780173.cif,-2.059735827
mp-9270,../cifs_all/mp_9270.cif,-0.590571946
mp-11037,../cifs_all/mp_11037.cif,-0.427836458
mp-1047025,../cifs_all/mp_1047025.cif,-1.543169017
mp-2230338,../cifs_all/mp_2230338.cif,-1.762934418
mp-1178083,../cifs_all/mp_1178083.cif,-2.31334235
mp-755042,../cifs_all/mp_755042.cif,-2.12662084
mp-1214127,../cifs_all/mp_1214127.cif,-2.5622855
mp-1026713,../cifs_all/mp_1026713.cif,0.267003233
mp-1221,../cifs_all/mp_1221.cif,-0.335024653
mp-1208961,../cifs_all/mp_1208961.cif,-1.74890406
mp-1207703,../cifs_all/mp_1207703.cif,-1.102530111
mp-1217117,../cifs_all/mp_1217117.cif,0.093241007
mp-2227170,../cifs_all/mp_2227170.cif,-0.605645693
mp-977580,../cifs_all/mp_977580.cif,-0.276863164
mp-1105730,../cifs_all/mp_1105730.cif,-2.776310071
mp-761248,../cifs_all/mp_761248.cif,-2.041067324
mp-780662,../cifs_all/mp_780662.cif,-1.916386172
mp-690517,../cifs_all/mp_690517.cif,-2.921008154
mp-567626,../cifs_all/mp_567626.cif,0.015002878
mp-1195003,../cifs_all/mp_1195003.cif,-2.121847536
mp-1214551,../cifs_all/mp_1214551.cif,-2.992134607
mp-2715143,../cifs_all/mp_2715143.cif,-2.761126607
mp-1228822,../cifs_all/mp_1228822.cif,-0.127754405
mp-1183786,../cifs_all/mp_1183786.cif,-0.333420509
mp-1033032,../cifs_all/mp_1033032.cif,-2.598509493
mp-14105,../cifs_all/mp_14105.cif,-2.429437737
mp-1041563,../cifs_all/mp_1041563.cif,-1.932043959
mp-672676,../cifs_all/mp_672676.cif,-0.16647632
mp-28858,../cifs_all/mp_28858.cif,-0.952342902
mp-1203395,../cifs_all/mp_1203395.cif,-0.956662852
mp-1217841,../cifs_all/mp_1217841.cif,-0.935301069
mp-5146,../cifs_all/mp_5146.cif,-1.301455864
mp-2034795,../cifs_all/mp_2034795.cif,0.042773251
mp-1177222,../cifs_all/mp_1177222.cif,-2.57150064
mp-1228180,../cifs_all/mp_1228180.cif,-3.466104161
mp-1209159,../cifs_all/mp_1209159.cif,-2.590245261
mp-1035800,../cifs_all/mp_1035800.cif,-2.804749246
mp-2715845,../cifs_all/mp_2715845.cif,-2.583832087
mp-504196,../cifs_all/mp_504196.cif,-2.264520319
mp-766345,../cifs_all/mp_766345.cif,-4.263526695
mp-24307,../cifs_all/mp_24307.cif,-0.31759168
mp-1246824,../cifs_all/mp_1246824.cif,-0.031051475
mp-1189505,../cifs_all/mp_1189505.cif,2.177411089
mp-759306,../cifs_all/mp_759306.cif,-2.414040383
mp-1201877,../cifs_all/mp_1201877.cif,-2.67068687
mp-23339,../cifs_all/mp_23339.cif,-0.999061476
mp-780621,../cifs_all/mp_780621.cif,-2.100947019
mp-1039189,../cifs_all/mp_1039189.cif,0.178220163
mp-1101988,../cifs_all/mp_1101988.cif,-0.556096255
mp-1302208,../cifs_all/mp_1302208.cif,-2.910833623
mp-1246994,../cifs_all/mp_1246994.cif,-1.200540585
mp-1228391,../cifs_all/mp_1228391.cif,-2.192429723
mp-1112941,../cifs_all/mp_1112941.cif,-1.044632548
mp-1235080,../cifs_all/mp_1235080.cif,-0.920865738
mp-1105074,../cifs_all/mp_1105074.cif,-0.517428977
mp-1235984,../cifs_all/mp_1235984.cif,-2.581179718
mp-7148,../cifs_all/mp_7148.cif,-3.146543845
mp-27249,../cifs_all/mp_27249.cif,-1.29794131
mp-760095,../cifs_all/mp_760095.cif,-2.95214271
mp-557705,../cifs_all/mp_557705.cif,-1.831254793
mp-978251,../cifs_all/mp_978251.cif,0.022718865547126
mp-21926,../cifs_all/mp_21926.cif,-2.148056997
mp-760130,../cifs_all/mp_760130.cif,-2.484247076
mp-1521841,../cifs_all/mp_1521841.cif,-3.153972234
mp-1188219,../cifs_all/mp_1188219.cif,-0.40960231
mp-1102674,../cifs_all/mp_1102674.cif,-0.730723563
mp-17833,../cifs_all/mp_17833.cif,-1.439800086
mp-29005,../cifs_all/mp_29005.cif,-0.498225446
mp-1186700,../cifs_all/mp_1186700.cif,-0.26466507
mp-1201788,../cifs_all/mp_1201788.cif,-1.741346844
mp-768958,../cifs_all/mp_768958.cif,-2.704866089
mp-2713160,../cifs_all/mp_2713160.cif,-2.208743402
mp-754628,../cifs_all/mp_754628.cif,-0.373068869
mp-540788,../cifs_all/mp_540788.cif,-2.100159429
mp-760163,../cifs_all/mp_760163.cif,-2.297502622
mp-2712721,../cifs_all/mp_2712721.cif,-2.430331128
mp-780855,../cifs_all/mp_780855.cif,-1.45289851
mp-1402445,../cifs_all/mp_1402445.cif,-2.44586717
mp-1206753,../cifs_all/mp_1206753.cif,0.542747053
mp-1173936,../cifs_all/mp_1173936.cif,-1.983917243
mp-1094043,../cifs_all/mp_1094043.cif,-1.585953308
mp-2237154,../cifs_all/mp_2237154.cif,-1.972594523
mp-1307640,../cifs_all/mp_1307640.cif,-2.278466963
mp-1110886,../cifs_all/mp_1110886.cif,-1.612923752
mp-1211407,../cifs_all/mp_1211407.cif,-0.643198945
mp-24208,../cifs_all/mp_24208.cif,0.002280474
mp-1095577,../cifs_all/mp_1095577.cif,-0.674896007
mp-1518786,../cifs_all/mp_1518786.cif,-2.305324143
mp-555080,../cifs_all/mp_555080.cif,-1.200347263
mp-768355,../cifs_all/mp_768355.cif,-4.29920939
mp-707852,../cifs_all/mp_707852.cif,-0.023612993
mp-10261,../cifs_all/mp_10261.cif,-0.402608968
mp-760053,../cifs_all/mp_760053.cif,-3.08059717
mp-695998,../cifs_all/mp_695998.cif,-0.325084077
mp-772528,../cifs_all/mp_772528.cif,-1.721061605
mp-559044,../cifs_all/mp_559044.cif,0.02394814
mp-755164,../cifs_all/mp_755164.cif,-1.855255
mp-1096628,../cifs_all/mp_1096628.cif,1.896059673333333
mp-1097470,../cifs_all/mp_1097470.cif,1.403392788749996
mp-1184683,../cifs_all/mp_1184683.cif,0.15228952
mp-753803,../cifs_all/mp_753803.cif,-1.937322569
mp-1147654,../cifs_all/mp_1147654.cif,-0.245269575
mp-17701,../cifs_all/mp_17701.cif,-1.22106915
mp-1181996,../cifs_all/mp_1181996.cif,2.636820752499999
mp-546200,../cifs_all/mp_546200.cif,-0.724894481
mp-14561,../cifs_all/mp_14561.cif,-0.825338689
mp-759498,../cifs_all/mp_759498.cif,-2.430133196
mp-1217296,../cifs_all/mp_1217296.cif,-0.967134276
mp-708035,../cifs_all/mp_708035.cif,-1.365245776
mp-510018,../cifs_all/mp_510018.cif,-1.362084832
mp-556281,../cifs_all/mp_556281.cif,-2.9641299
mp-1105814,../cifs_all/mp_1105814.cif,-0.519575931
mp-516,../cifs_all/mp_516.cif,-1.233215523
mp-2209213,../cifs_all/mp_2209213.cif,-3.447885612
mp-79,../cifs_all/mp_79.cif,0.0
mp-30041,../cifs_all/mp_30041.cif,-1.017452068
mp-1175791,../cifs_all/mp_1175791.cif,-1.834292929
mp-2231209,../cifs_all/mp_2231209.cif,-2.97385315
mp-779239,../cifs_all/mp_779239.cif,-2.612349131
mp-777899,../cifs_all/mp_777899.cif,-2.753078433
mp-1178395,../cifs_all/mp_1178395.cif,-1.530958214
mp-757443,../cifs_all/mp_757443.cif,-1.207678232
mp-2210685,../cifs_all/mp_2210685.cif,-1.435367153
mp-555327,../cifs_all/mp_555327.cif,-1.525386023
mp-571394,../cifs_all/mp_571394.cif,-0.147096466
mp-1216947,../cifs_all/mp_1216947.cif,-0.13261759
mp-698296,../cifs_all/mp_698296.cif,-1.0450887
mp-1213121,../cifs_all/mp_1213121.cif,-0.708064757
mp-541044,../cifs_all/mp_541044.cif,-2.93448939
mp-1220093,../cifs_all/mp_1220093.cif,-0.667985321
mp-695863,../cifs_all/mp_695863.cif,-0.673887646
mp-1203976,../cifs_all/mp_1203976.cif,-0.737236343
mp-777308,../cifs_all/mp_777308.cif,-1.884498644
mp-2229283,../cifs_all/mp_2229283.cif,-3.543832627
mp-1100570,../cifs_all/mp_1100570.cif,-1.805353804
mp-757588,../cifs_all/mp_757588.cif,-3.735681242
mp-1094232,../cifs_all/mp_1094232.cif,0.110035185
mp-1202529,../cifs_all/mp_1202529.cif,-0.190256711
mp-1201259,../cifs_all/mp_1201259.cif,-2.523824578
mp-1072382,../cifs_all/mp_1072382.cif,-0.373657675
mp-865358,../cifs_all/mp_865358.cif,-0.354631732
mp-1189358,../cifs_all/mp_1189358.cif,-0.281107089
mp-1273504,../cifs_all/mp_1273504.cif,-2.761552748
mp-672205,../cifs_all/mp_672205.cif,0.97606245
mp-977273,../cifs_all/mp_977273.cif,-0.117582961
mp-1096268,../cifs_all/mp_1096268.cif,1.262887841875001
mp-1214634,../cifs_all/mp_1214634.cif,-3.132650976
mp-1178348,../cifs_all/mp_1178348.cif,-1.659775678
mp-29862,../cifs_all/mp_29862.cif,-1.173346578
mp-28963,../cifs_all/mp_28963.cif,0.229205101
mp-1022477,../cifs_all/mp_1022477.cif,0.240877386875
mp-1112169,../cifs_all/mp_1112169.cif,-1.049556662
mp-1178256,../cifs_all/mp_1178256.cif,-1.752188766
mp-754837,../cifs_all/mp_754837.cif,-2.460575459
mp-1033208,../cifs_all/mp_1033208.cif,-2.12178616
mp-569532,../cifs_all/mp_569532.cif,-0.564900306
mp-2232621,../cifs_all/mp_2232621.cif,-1.722333153
mp-27342,../cifs_all/mp_27342.cif,-2.287584771
mp-1176505,../cifs_all/mp_1176505.cif,-3.046787108
mp-1246172,../cifs_all/mp_1246172.cif,0.013399913
mp-1041633,../cifs_all/mp_1041633.cif,-2.858437524
mp-1176385,../cifs_all/mp_1176385.cif,-2.300009863
mp-1522773,../cifs_all/mp_1522773.cif,-2.985560094
mp-1038971,../cifs_all/mp_1038971.cif,0.0879586
mp-1207989,../cifs_all/mp_1207989.cif,-0.332733576
mp-998555,../cifs_all/mp_998555.cif,-1.057904393
mp-1374666,../cifs_all/mp_1374666.cif,-1.954416141
mp-2219238,../cifs_all/mp_2219238.cif,-0.611581268
mp-1080547,../cifs_all/mp_1080547.cif,-0.117153054
mp-1200993,../cifs_all/mp_1200993.cif,-0.732811621
mp-1211683,../cifs_all/mp_1211683.cif,-1.61745681
mp-1183722,../cifs_all/mp_1183722.cif,0.010507304583334
mp-25402,../cifs_all/mp_25402.cif,-2.456983442
mp-1216549,../cifs_all/mp_1216549.cif,-0.087107646
mp-1341099,../cifs_all/mp_1341099.cif,-0.75174425
mp-24796,../cifs_all/mp_24796.cif,-0.492922957
mp-1094265,../cifs_all/mp_1094265.cif,0.109960012
mp-571347,../cifs_all/mp_571347.cif,-1.58664135
mp-1219840,../cifs_all/mp_1219840.cif,-0.557764849
mp-1202965,../cifs_all/mp_1202965.cif,-2.52402047
mp-559776,../cifs_all/mp_559776.cif,-2.950927121
mp-2217319,../cifs_all/mp_2217319.cif,-2.540463106
mp-771985,../cifs_all/mp_771985.cif,-2.009561999
mp-29333,../cifs_all/mp_29333.cif,-2.327985807
mp-863730,../cifs_all/mp_863730.cif,-0.1010091
mp-1105326,../cifs_all/mp_1105326.cif,-2.870705269
mp-1192731,../cifs_all/mp_1192731.cif,-1.46628063
mp-2218581,../cifs_all/mp_2218581.cif,-2.383122518
mp-1213311,../cifs_all/mp_1213311.cif,-2.264422072
mp-7281,../cifs_all/mp_7281.cif,-0.358840149
mp-1192045,../cifs_all/mp_1192045.cif,-0.153064063
mp-1111417,../cifs_all/mp_1111417.cif,-2.348355318
mp-1183329,../cifs_all/mp_1183329.cif,-0.463481677
mp-1208834,../cifs_all/mp_1208834.cif,-2.672707516
mp-1228860,../cifs_all/mp_1228860.cif,-2.3300094
mp-1101377,../cifs_all/mp_1101377.cif,-2.908791322
mp-1214430,../cifs_all/mp_1214430.cif,-1.964902199
mp-1103034,../cifs_all/mp_1103034.cif,-0.811022963
mp-1188370,../cifs_all/mp_1188370.cif,-0.797175327
mp-574822,../cifs_all/mp_574822.cif,0.06505223
mp-756123,../cifs_all/mp_756123.cif,-3.757400672
mp-1196192,../cifs_all/mp_1196192.cif,-0.748687007
mp-1202996,../cifs_all/mp_1202996.cif,-0.542322517
mp-2230947,../cifs_all/mp_2230947.cif,-3.301593604
mp-1220415,../cifs_all/mp_1220415.cif,0.292302682549006
mp-1198317,../cifs_all/mp_1198317.cif,0.005714556
mp-1219799,../cifs_all/mp_1219799.cif,-0.188609311
mp-776202,../cifs_all/mp_776202.cif,-2.336004867
mp-1520495,../cifs_all/mp_1520495.cif,-2.392116217
mp-1178561,../cifs_all/mp_1178561.cif,-0.352711819
mp-1043778,../cifs_all/mp_1043778.cif,-2.229203102
mp-1102654,../cifs_all/mp_1102654.cif,-0.49864162
mp-2712883,../cifs_all/mp_2712883.cif,-2.095480154
mp-1044811,../cifs_all/mp_1044811.cif,-3.627614539
mp-567362,../cifs_all/mp_567362.cif,-0.124408946
mp-1036399,../cifs_all/mp_1036399.cif,-2.797423537
mp-2714789,../cifs_all/mp_2714789.cif,-2.75483145
mp-30820,../cifs_all/mp_30820.cif,-0.535024787
mp-561329,../cifs_all/mp_561329.cif,0.211390421929741
mp-1186141,../cifs_all/mp_1186141.cif,-0.203849083
mp-673673,../cifs_all/mp_673673.cif,-2.033777951
mp-1186100,../cifs_all/mp_1186100.cif,0.020170683333336
mp-644281,../cifs_all/mp_644281.cif,-0.235328409
mp-1192940,../cifs_all/mp_1192940.cif,-0.475989602
mp-570951,../cifs_all/mp_570951.cif,-1.66365845
mp-1228906,../cifs_all/mp_1228906.cif,-0.15702918
mp-601952,../cifs_all/mp_601952.cif,-0.081476827
mp-1225215,../cifs_all/mp_1225215.cif,-0.339136968
mp-2714015,../cifs_all/mp_2714015.cif,-2.366105873
mp-17045,../cifs_all/mp_17045.cif,-0.97667858
mp-1216614,../cifs_all/mp_1216614.cif,-0.32737544
mp-973572,../cifs_all/mp_973572.cif,-0.455958206
mp-1202429,../cifs_all/mp_1202429.cif,-1.153878734
mp-2217159,../cifs_all/mp_2217159.cif,-2.268949763
mp-677283,../cifs_all/mp_677283.cif,-3.410130187
mp-1186103,../cifs_all/mp_1186103.cif,0.204555294
mp-1225591,../cifs_all/mp_1225591.cif,-2.149608711
mp-755518,../cifs_all/mp_755518.cif,-1.908195273
mp-1213267,../cifs_all/mp_1213267.cif,-0.710821011
mp-1221978,../cifs_all/mp_1221978.cif,-1.884332204
mp-752931,../cifs_all/mp_752931.cif,-2.993697609
mp-649950,../cifs_all/mp_649950.cif,-1.040393923
mp-1386900,../cifs_all/mp_1386900.cif,-0.223801999
mp-1219003,../cifs_all/mp_1219003.cif,-0.447998891
mp-1200180,../cifs_all/mp_1200180.cif,-0.243219734
mp-554657,../cifs_all/mp_554657.cif,-2.656949915
mp-1316403,../cifs_all/mp_1316403.cif,-2.052920644
mp-1176300,../cifs_all/mp_1176300.cif,-1.811957245
mp-1096558,../cifs_all/mp_1096558.cif,2.697044693958333
mp-2715396,../cifs_all/mp_2715396.cif,-2.536303426
mp-1245699,../cifs_all/mp_1245699.cif,-1.124887478
mp-752534,../cifs_all/mp_752534.cif,-2.30469363
mp-1176945,../cifs_all/mp_1176945.cif,-1.860449342
mp-1217994,../cifs_all/mp_1217994.cif,-1.121390386
mp-690824,../cifs_all/mp_690824.cif,-1.371628493
mp-1517464,../cifs_all/mp_1517464.cif,-2.7442934
mp-1072,../cifs_all/mp_1072.cif,-0.28939372
mp-780518,../cifs_all/mp_780518.cif,-1.502853623
mp-17922,../cifs_all/mp_17922.cif,-3.213395772
mp-1099750,../cifs_all/mp_1099750.cif,-2.821153486
mp-754179,../cifs_all/mp_754179.cif,-2.26907414
mp-755903,../cifs_all/mp_755903.cif,-1.765942826
mp-1225178,../cifs_all/mp_1225178.cif,-0.021211657
mp-1199012,../cifs_all/mp_1199012.cif,-0.51188626
mp-20191,../cifs_all/mp_20191.cif,-0.592158751
mp-654359,../cifs_all/mp_654359.cif,-2.373385887
mp-1047534,../cifs_all/mp_1047534.cif,-3.034467064
mp-1223670,../cifs_all/mp_1223670.cif,-0.663389483
mp-1522736,../cifs_all/mp_1522736.cif,-2.231682209
mp-1188065,../cifs_all/mp_1188065.cif,-0.493764214
mp-19928,../cifs_all/mp_19928.cif,-0.449389268
mp-1120765,../cifs_all/mp_1120765.cif,-1.695750199
mp-33880,../cifs_all/mp_33880.cif,-0.872405317
mp-1182688,../cifs_all/mp_1182688.cif,-0.759131214
mp-765627,../cifs_all/mp_765627.cif,-2.428435245
mp-1047020,../cifs_all/mp_1047020.cif,-1.668189703
mp-2712688,../cifs_all/mp_2712688.cif,-2.377045553
mp-1039636,../cifs_all/mp_1039636.cif,-2.745980306
mp-864939,../cifs_all/mp_864939.cif,-0.57582566
mp-1202279,../cifs_all/mp_1202279.cif,-4.024990974
mp-761260,../cifs_all/mp_761260.cif,-2.773680438
mp-865993,../cifs_all/mp_865993.cif,-0.898701349
mp-1193171,../cifs_all/mp_1193171.cif,-1.468155964
mp-1193425,../cifs_all/mp_1193425.cif,-0.357635537
mp-677027,../cifs_all/mp_677027.cif,-3.504956889
mp-1361265,../cifs_all/mp_1361265.cif,-1.10836334
mp-1219348,../cifs_all/mp_1219348.cif,0.035597558
mp-1220634,../cifs_all/mp_1220634.cif,-0.13931121
mp-1212984,../cifs_all/mp_1212984.cif,-2.525895947
mp-675681,../cifs_all/mp_675681.cif,-4.338340205
mp-1100766,../cifs_all/mp_1100766.cif,-0.069045415
mp-1204623,../cifs_all/mp_1204623.cif,-2.549484511
mp-1105544,../cifs_all/mp_1105544.cif,-0.046255435
mp-1194987,../cifs_all/mp_1194987.cif,-0.251367694
mp-1095754,../cifs_all/mp_1095754.cif,1.080727816666667
mp-781673,../cifs_all/mp_781673.cif,-2.417503688
mp-651768,../cifs_all/mp_651768.cif,-0.783457366
mp-771011,../cifs_all/mp_771011.cif,-2.02722153
mp-1216478,../cifs_all/mp_1216478.cif,-1.115584016
mp-2224842,../cifs_all/mp_2224842.cif,-0.874141995
mp-570316,../cifs_all/mp_570316.cif,0.155266699166666
mp-1206646,../cifs_all/mp_1206646.cif,0.040932795646547
mp-1100928,../cifs_all/mp_1100928.cif,-2.11334419
mp-1209662,../cifs_all/mp_1209662.cif,-3.576064883
mp-567929,../cifs_all/mp_567929.cif,-0.531402966
mp-1215281,../cifs_all/mp_1215281.cif,0.021568349
mp-1103459,../cifs_all/mp_1103459.cif,0.284825967
mp-1192999,../cifs_all/mp_1192999.cif,-1.768992245
mp-1220503,../cifs_all/mp_1220503.cif,-0.877105248
mp-753303,../cifs_all/mp_753303.cif,-2.864551718
mp-706586,../cifs_all/mp_706586.cif,-0.644942855
mp-1038364,../cifs_all/mp_1038364.cif,-2.829365589
mp-2714713,../cifs_all/mp_2714713.cif,-2.756740478
mp-707767,../cifs_all/mp_707767.cif,-1.519375246
mp-1096251,../cifs_all/mp_1096251.cif,2.05272261
mp-6026,../cifs_all/mp_6026.cif,-2.248876111
mp-978975,../cifs_all/mp_978975.cif,-0.348171491
mp-510322,../cifs_all/mp_510322.cif,0.041951313
mp-684736,../cifs_all/mp_684736.cif,-1.15524013
mp-1044464,../cifs_all/mp_1044464.cif,-2.080386874
mp-1176770,../cifs_all/mp_1176770.cif,-0.750031444
mp-1101666,../cifs_all/mp_1101666.cif,-1.649200759
mp-1100716,../cifs_all/mp_1100716.cif,-1.811782024
mp-1220084,../cifs_all/mp_1220084.cif,-2.771900194
mp-1201928,../cifs_all/mp_1201928.cif,-1.288269156
mp-1174197,../cifs_all/mp_1174197.cif,-1.694872473
mp-1209291,../cifs_all/mp_1209291.cif,-2.803577624
mp-1209876,../cifs_all/mp_1209876.cif,-0.567960074
mp-766119,../cifs_all/mp_766119.cif,-2.771737009
mp-645208,../cifs_all/mp_645208.cif,-2.137067267
mp-1223251,../cifs_all/mp_1223251.cif,-0.399087474
mp-1246726,../cifs_all/mp_1246726.cif,-1.276384525
mp-570403,../cifs_all/mp_570403.cif,-0.25289701
mp-753082,../cifs_all/mp_753082.cif,-1.382414859
mp-1193204,../cifs_all/mp_1193204.cif,-1.724328858
mp-19091,../cifs_all/mp_19091.cif,-1.604642903
mp-23880,../cifs_all/mp_23880.cif,-1.305381453
mp-714883,../cifs_all/mp_714883.cif,-1.81160759
mp-1095589,../cifs_all/mp_1095589.cif,-1.931091128
mp-22701,../cifs_all/mp_22701.cif,-0.658533176
mp-1245111,../cifs_all/mp_1245111.cif,-3.265853813
mp-39259,../cifs_all/mp_39259.cif,-2.47014129
mp-2228414,../cifs_all/mp_2228414.cif,-2.113713382
mp-1213936,../cifs_all/mp_1213936.cif,-0.59376912
mp-1220433,../cifs_all/mp_1220433.cif,-0.442883285
mp-573390,../cifs_all/mp_573390.cif,-0.570627422
mp-1221041,../cifs_all/mp_1221041.cif,-2.659619408
mp-672196,../cifs_all/mp_672196.cif,-1.316336861
mp-1994,../cifs_all/mp_1994.cif,-1.084847615
mp-1217816,../cifs_all/mp_1217816.cif,-0.176899627
mp-22389,../cifs_all/mp_22389.cif,0.175009128
mp-1183407,../cifs_all/mp_1183407.cif,0.287101403749999
mp-632348,../cifs_all/mp_632348.cif,-2.961142922
mp-1204264,../cifs_all/mp_1204264.cif,-1.650040963
mp-850709,../cifs_all/mp_850709.cif,-2.296214629
mp-1226997,../cifs_all/mp_1226997.cif,0.116091979999998
mp-706341,../cifs_all/mp_706341.cif,-2.810834187
mp-1521801,../cifs_all/mp_1521801.cif,-3.028278233
mp-1097434,../cifs_all/mp_1097434.cif,4.547295322916668
mp-1044577,../cifs_all/mp_1044577.cif,-1.23165838
mp-559062,../cifs_all/mp_559062.cif,-2.874157662
mp-2715832,../cifs_all/mp_2715832.cif,-2.826000977
mp-1102757,../cifs_all/mp_1102757.cif,-1.098492464
mp-1207953,../cifs_all/mp_1207953.cif,-0.974331027
mp-1023156,../cifs_all/mp_1023156.cif,0.359900391568876
mp-14873,../cifs_all/mp_14873.cif,-2.942717447
mp-863669,../cifs_all/mp_863669.cif,-0.698361049
mp-1196254,../cifs_all/mp_1196254.cif,-2.135108724
mp-768638,../cifs_all/mp_768638.cif,-2.664730391
mp-763481,../cifs_all/mp_763481.cif,-2.646420404
mp-1193147,../cifs_all/mp_1193147.cif,-1.511793331
mp-632172,../cifs_all/mp_632172.cif,0.000643245
mp-2220785,../cifs_all/mp_2220785.cif,-2.097005301
mp-1219753,../cifs_all/mp_1219753.cif,-0.940725735
mp-674480,../cifs_all/mp_674480.cif,-2.261197897
mp-726636,../cifs_all/mp_726636.cif,0.260435965
mp-706342,../cifs_all/mp_706342.cif,-3.212778058
mp-2232156,../cifs_all/mp_2232156.cif,-1.177567496
mp-38807,../cifs_all/mp_38807.cif,-3.546216061
mp-20048,../cifs_all/mp_20048.cif,-0.677938095
mp-1001844,../cifs_all/mp_1001844.cif,-1.121464997
mp-571550,../cifs_all/mp_571550.cif,-0.461545988
mp-26361,../cifs_all/mp_26361.cif,-2.397715733
mp-1173455,../cifs_all/mp_1173455.cif,-1.566371574
mp-1078580,../cifs_all/mp_1078580.cif,-3.047674962
mp-22568,../cifs_all/mp_22568.cif,-0.225729666
mp-1197673,../cifs_all/mp_1197673.cif,-0.123944089
mp-1049287,../cifs_all/mp_1049287.cif,-2.562192504
mp-1247375,../cifs_all/mp_1247375.cif,-0.3621275
mp-1017549,../cifs_all/mp_1017549.cif,-0.256257324
mp-861512,../cifs_all/mp_861512.cif,-1.4921576
mp-1197369,../cifs_all/mp_1197369.cif,-0.108916706
mp-1073363,../cifs_all/mp_1073363.cif,0.186797357
mp-22908,../cifs_all/mp_22908.cif,-1.044261659
mp-1034534,../cifs_all/mp_1034534.cif,-2.745715048
mp-756860,../cifs_all/mp_756860.cif,-1.651298909
mp-1101114,../cifs_all/mp_1101114.cif,-2.94503962
mp-1031116,../cifs_all/mp_1031116.cif,-2.43527304
mp-1221200,../cifs_all/mp_1221200.cif,-2.613720471
mp-1023925,../cifs_all/mp_1023925.cif,-0.876131627
mp-676725,../cifs_all/mp_676725.cif,-3.608143896
mp-1105732,../cifs_all/mp_1105732.cif,-2.726574242
mp-1228084,../cifs_all/mp_1228084.cif,-2.809267113
mp-1100437,../cifs_all/mp_1100437.cif,0.091361407
mp-23245,../cifs_all/mp_23245.cif,-1.009372189
mp-1221575,../cifs_all/mp_1221575.cif,-1.820788661
mp-1180055,../cifs_all/mp_1180055.cif,-0.446190918
mp-554119,../cifs_all/mp_554119.cif,-0.801510411
mp-755362,../cifs_all/mp_755362.cif,-2.786031287
mp-1047659,../cifs_all/mp_1047659.cif,-2.236079478
mp-23666,../cifs_all/mp_23666.cif,-0.910529276
mp-1099713,../cifs_all/mp_1099713.cif,-2.338670111
mp-1097218,../cifs_all/mp_1097218.cif,0.8255630465000021
mp-1186269,../cifs_all/mp_1186269.cif,0.198156466874998
mp-777551,../cifs_all/mp_777551.cif,-3.027767363
mp-1181825,../cifs_all/mp_1181825.cif,0.164430815
mp-554791,../cifs_all/mp_554791.cif,-1.181973682
mp-1197317,../cifs_all/mp_1197317.cif,-1.63514091
mp-1198919,../cifs_all/mp_1198919.cif,-2.287103114
mp-1374127,../cifs_all/mp_1374127.cif,-2.263764865
mp-1520277,../cifs_all/mp_1520277.cif,-3.140314508
mp-1213801,../cifs_all/mp_1213801.cif,-2.139646224
mp-8393,../cifs_all/mp_8393.cif,-0.549451359
mp-1077785,../cifs_all/mp_1077785.cif,-0.643018767
mp-1445035,../cifs_all/mp_1445035.cif,-0.763506644
mp-729291,../cifs_all/mp_729291.cif,-0.781311358
mp-1193573,../cifs_all/mp_1193573.cif,-0.370362938
mp-1191467,../cifs_all/mp_1191467.cif,-2.406190852
mp-2228631,../cifs_all/mp_2228631.cif,-1.714795751
mp-757049,../cifs_all/mp_757049.cif,-1.600210454
mp-729568,../cifs_all/mp_729568.cif,-0.67471801
mp-567852,../cifs_all/mp_567852.cif,-0.449073933
mp-753890,../cifs_all/mp_753890.cif,0.03887980375
mp-2026,../cifs_all/mp_2026.cif,-0.395570353
mp-2212965,../cifs_all/mp_2212965.cif,-1.9550601
mp-676,../cifs_all/mp_676.cif,-0.23335802
mp-7904,../cifs_all/mp_7904.cif,-0.120742532
mp-1184172,../cifs_all/mp_1184172.cif,-0.215682565
mp-1220246,../cifs_all/mp_1220246.cif,-1.234650516
mp-1369243,../cifs_all/mp_1369243.cif,-1.609874097
mp-1222412,../cifs_all/mp_1222412.cif,-0.161667837
mp-2227896,../cifs_all/mp_2227896.cif,-2.371781314
mp-1007636,../cifs_all/mp_1007636.cif,-2.157894059
mp-2716303,../cifs_all/mp_2716303.cif,-2.828942487
mp-1206275,../cifs_all/mp_1206275.cif,2.046812912708333
mp-777491,../cifs_all/mp_777491.cif,-2.532751974
mp-1331701,../cifs_all/mp_1331701.cif,-2.713810181
mp-754064,../cifs_all/mp_754064.cif,-0.431280276
mp-1235312,../cifs_all/mp_1235312.cif,-2.469302019
mp-760327,../cifs_all/mp_760327.cif,-1.358738752
mp-532270,../cifs_all/mp_532270.cif,-0.413617518
mp-1197408,../cifs_all/mp_1197408.cif,-0.674920205
mp-877,../cifs_all/mp_877.cif,-0.459435567
mp-21295,../cifs_all/mp_21295.cif,-0.473266625
mp-10180,../cifs_all/mp_10180.cif,-0.713076248
mp-30635,../cifs_all/mp_30635.cif,0.067387285
mp-1227241,../cifs_all/mp_1227241.cif,-2.782973514
mp-1202784,../cifs_all/mp_1202784.cif,-0.392207353
mp-760533,../cifs_all/mp_760533.cif,-3.666831878
mp-1191312,../cifs_all/mp_1191312.cif,-0.287669982
mp-1226662,../cifs_all/mp_1226662.cif,-3.007262268
mp-984550,../cifs_all/mp_984550.cif,-0.310476836
mp-675577,../cifs_all/mp_675577.cif,-0.524147308
mp-1177172,../cifs_all/mp_1177172.cif,-2.37583484
mp-1209229,../cifs_all/mp_1209229.cif,-3.894240709
mp-557958,../cifs_all/mp_557958.cif,-2.599469483
mp-766974,../cifs_all/mp_766974.cif,-2.21575757
mp-1207239,../cifs_all/mp_1207239.cif,-0.4402844
mp-1520922,../cifs_all/mp_1520922.cif,-2.981785625
mp-561210,../cifs_all/mp_561210.cif,-2.64577476
mp-775170,../cifs_all/mp_775170.cif,-2.499012096
mp-1209364,../cifs_all/mp_1209364.cif,-1.760335662
mp-1063020,../cifs_all/mp_1063020.cif,0.271228295
mp-962071,../cifs_all/mp_962071.cif,0.255079956
mp-568551,../cifs_all/mp_568551.cif,-0.409560289
mp-765607,../cifs_all/mp_765607.cif,-1.852825182
mp-2716110,../cifs_all/mp_2716110.cif,-2.675418296
mp-555704,../cifs_all/mp_555704.cif,-2.39888877
mp-1021308,../cifs_all/mp_1021308.cif,0.293978999216954
mp-1245285,../cifs_all/mp_1245285.cif,-3.167288962
mp-1190949,../cifs_all/mp_1190949.cif,-2.580144033
mp-1236143,../cifs_all/mp_1236143.cif,-2.787445526
mp-18594,../cifs_all/mp_18594.cif,-1.110978559
mp-1217610,../cifs_all/mp_1217610.cif,0.017050876
mp-1104890,../cifs_all/mp_1104890.cif,-1.093886577
mp-755651,../cifs_all/mp_755651.cif,-2.911224106
mp-1228010,../cifs_all/mp_1228010.cif,-0.534138876
mp-867667,../cifs_all/mp_867667.cif,-1.736244868
mp-756491,../cifs_all/mp_756491.cif,-1.580819668
mp-1190824,../cifs_all/mp_1190824.cif,0.9005261790451381
mp-1201137,../cifs_all/mp_1201137.cif,-0.33072011
mp-626,../cifs_all/mp_626.cif,-0.705230331
mp-1103091,../cifs_all/mp_1103091.cif,-1.352802376
mp-1041394,../cifs_all/mp_1041394.cif,-3.163984227
mp-569107,../cifs_all/mp_569107.cif,-1.296922583
mp-1244909,../cifs_all/mp_1244909.cif,-3.255088887
mp-620404,../cifs_all/mp_620404.cif,0.001154892
mp-694996,../cifs_all/mp_694996.cif,-2.345185899
mp-1220302,../cifs_all/mp_1220302.cif,0.202279647456141
mp-1210696,../cifs_all/mp_1210696.cif,-1.411417266
mp-560830,../cifs_all/mp_560830.cif,-3.587620057
mp-15626,../cifs_all/mp_15626.cif,-3.310553708
mp-604254,../cifs_all/mp_604254.cif,-0.093879222
mp-758537,../cifs_all/mp_758537.cif,-2.386946528
mp-616160,../cifs_all/mp_616160.cif,-1.086898202
mp-11421,../cifs_all/mp_11421.cif,0.149716210000001
mp-1211012,../cifs_all/mp_1211012.cif,-2.891697128
mp-2219519,../cifs_all/mp_2219519.cif,-1.533705723
mp-707349,../cifs_all/mp_707349.cif,-1.381749788
mp-891926,../cifs_all/mp_891926.cif,-1.45687106
mp-1521309,../cifs_all/mp_1521309.cif,-3.078556791
mp-731725,../cifs_all/mp_731725.cif,-1.290562536
mp-1226797,../cifs_all/mp_1226797.cif,-3.846138761
mp-1180100,../cifs_all/mp_1180100.cif,-0.558005304
mp-1209898,../cifs_all/mp_1209898.cif,2.201651276111112
mp-14679,../cifs_all/mp_14679.cif,-1.614902562
mp-19357,../cifs_all/mp_19357.cif,-3.193095826
mp-570938,../cifs_all/mp_570938.cif,0.274059264
mp-10341,../cifs_all/mp_10341.cif,-2.273197172
mp-1221887,../cifs_all/mp_1221887.cif,-1.744773993
mp-556475,../cifs_all/mp_556475.cif,-2.32348165
mp-1102167,../cifs_all/mp_1102167.cif,-0.158728327
mp-1191759,../cifs_all/mp_1191759.cif,-0.803282265
mp-1101526,../cifs_all/mp_1101526.cif,-2.439145018
mp-1033488,../cifs_all/mp_1033488.cif,-2.229737825
mp-756297,../cifs_all/mp_756297.cif,-1.906449287
mp-1028184,../cifs_all/mp_1028184.cif,0.07334298
mp-1245688,../cifs_all/mp_1245688.cif,-0.994128142
mp-643561,../cifs_all/mp_643561.cif,-0.741105148
mp-1226587,../cifs_all/mp_1226587.cif,-3.813342349
mp-771385,../cifs_all/mp_771385.cif,-2.350278885
mp-1208777,../cifs_all/mp_1208777.cif,-3.044797871
mp-1411551,../cifs_all/mp_1411551.cif,-1.681048684
mp-574369,../cifs_all/mp_574369.cif,-0.338742953
mp-1202241,../cifs_all/mp_1202241.cif,-2.943005286
mp-1200055,../cifs_all/mp_1200055.cif,-0.185669094
mp-754218,../cifs_all/mp_754218.cif,-3.440929892
mp-1076182,../cifs_all/mp_1076182.cif,-2.463775788
mp-1228852,../cifs_all/mp_1228852.cif,-0.210452769
mp-1235664,../cifs_all/mp_1235664.cif,-2.285468431
mp-1097590,../cifs_all/mp_1097590.cif,0.6548583856250041
mp-2230636,../cifs_all/mp_2230636.cif,-2.123112005
mp-1295069,../cifs_all/mp_1295069.cif,-1.6960542
mp-1077840,../cifs_all/mp_1077840.cif,-0.360028083
mp-1199404,../cifs_all/mp_1199404.cif,-1.847218189
mp-1028127,../cifs_all/mp_1028127.cif,0.239165059556393
mp-1203614,../cifs_all/mp_1203614.cif,-0.746131081
mp-696138,../cifs_all/mp_696138.cif,-1.199798971
mp-776443,../cifs_all/mp_776443.cif,-2.936201643
mp-1224988,../cifs_all/mp_1224988.cif,-0.431605304
mp-28092,../cifs_all/mp_28092.cif,-0.07487123
mp-1232211,../cifs_all/mp_1232211.cif,-1.932403826
mp-1221528,../cifs_all/mp_1221528.cif,-0.144771923
mp-1244969,../cifs_all/mp_1244969.cif,-0.534812242
mp-1329157,../cifs_all/mp_1329157.cif,-1.757833244
mp-705332,../cifs_all/mp_705332.cif,-2.29088778
mp-773910,../cifs_all/mp_773910.cif,-3.368427708
mp-2227710,../cifs_all/mp_2227710.cif,-1.415298463
mp-10300,../cifs_all/mp_10300.cif,-0.982647718
mp-505046,../cifs_all/mp_505046.cif,-2.629193494
mp-1094501,../cifs_all/mp_1094501.cif,0.176343095833332
mp-22916,../cifs_all/mp_22916.cif,-1.835072033
mp-865759,../cifs_all/mp_865759.cif,-0.979524956
mp-2714442,../cifs_all/mp_2714442.cif,-2.710999378
mp-7498,../cifs_all/mp_7498.cif,-0.75778339
mp-1219089,../cifs_all/mp_1219089.cif,-1.813841691
mp-1186826,../cifs_all/mp_1186826.cif,0.205701579999995
mp-1216074,../cifs_all/mp_1216074.cif,-0.752187404
mp-1210097,../cifs_all/mp_1210097.cif,-2.52174683
mp-11552,../cifs_all/mp_11552.cif,-0.868008846
mp-2712887,../cifs_all/mp_2712887.cif,-2.88611872
mp-8628,../cifs_all/mp_8628.cif,-0.433025177
mp-1226089,../cifs_all/mp_1226089.cif,-0.022682825
mp-756981,../cifs_all/mp_756981.cif,-2.266041722
mp-1217719,../cifs_all/mp_1217719.cif,-0.296379598
mp-23465,../cifs_all/mp_23465.cif,-1.447215982
mp-1079236,../cifs_all/mp_1079236.cif,-1.590976128
mp-1190436,../cifs_all/mp_1190436.cif,-0.561818589
mp-1096293,../cifs_all/mp_1096293.cif,2.610307796458332
mp-866147,../cifs_all/mp_866147.cif,-0.366813546
mp-1223506,../cifs_all/mp_1223506.cif,-2.120442693
mp-1095805,../cifs_all/mp_1095805.cif,3.117799977
mp-2241408,../cifs_all/mp_2241408.cif,-0.316192349
mp-1196502,../cifs_all/mp_1196502.cif,-1.940634111
mp-559023,../cifs_all/mp_559023.cif,-1.443954946
mp-772970,../cifs_all/mp_772970.cif,-2.464499207
mp-12351,../cifs_all/mp_12351.cif,-1.150842212
mp-1111941,../cifs_all/mp_1111941.cif,-2.209110927
mp-1216060,../cifs_all/mp_1216060.cif,-1.733309408
mp-581258,../cifs_all/mp_581258.cif,-0.950819442
mp-2647157,../cifs_all/mp_2647157.cif,-0.26139913
mp-1644567,../cifs_all/mp_1644567.cif,-1.65112614
mp-1220599,../cifs_all/mp_1220599.cif,-0.173072567
mp-765015,../cifs_all/mp_765015.cif,-2.569993641
mp-2233886,../cifs_all/mp_2233886.cif,-1.881470818
mp-1247131,../cifs_all/mp_1247131.cif,-1.271565178
mp-1112692,../cifs_all/mp_1112692.cif,-1.206729195
mp-567366,../cifs_all/mp_567366.cif,-1.299679793
mp-1207007,../cifs_all/mp_1207007.cif,-0.603600003
mp-21237,../cifs_all/mp_21237.cif,-0.072474574
mp-17980,../cifs_all/mp_17980.cif,-1.108780209
mp-1035025,../cifs_all/mp_1035025.cif,-2.835246298
mp-1522244,../cifs_all/mp_1522244.cif,-3.457829558
mp-555482,../cifs_all/mp_555482.cif,-3.045322368
mp-756506,../cifs_all/mp_756506.cif,-2.102618245
mp-757312,../cifs_all/mp_757312.cif,-2.48267155
mp-1101976,../cifs_all/mp_1101976.cif,-0.397035143
mp-1223786,../cifs_all/mp_1223786.cif,-0.589831285
mp-752579,../cifs_all/mp_752579.cif,-3.914610189
mp-1225817,../cifs_all/mp_1225817.cif,-0.283774961
mp-767403,../cifs_all/mp_767403.cif,-0.966871844
mp-12933,../cifs_all/mp_12933.cif,-3.748626715
mp-768931,../cifs_all/mp_768931.cif,-2.388993646
mp-1218536,../cifs_all/mp_1218536.cif,-2.142036579
mp-759749,../cifs_all/mp_759749.cif,-1.682075847
mp-777418,../cifs_all/mp_777418.cif,-2.890123207
mp-1239152,../cifs_all/mp_1239152.cif,-1.101239031
mp-1215315,../cifs_all/mp_1215315.cif,-0.279755664
mp-14216,../cifs_all/mp_14216.cif,-1.910077196
mp-1198308,../cifs_all/mp_1198308.cif,-1.163386309
mp-769515,../cifs_all/mp_769515.cif,-2.238773864
mp-1190751,../cifs_all/mp_1190751.cif,-1.722272909
mp-707195,../cifs_all/mp_707195.cif,-2.520361068
mp-1247024,../cifs_all/mp_1247024.cif,-1.711441092
mp-570118,../cifs_all/mp_570118.cif,-1.591389151
mp-27829,../cifs_all/mp_27829.cif,-1.534144714
mp-1227617,../cifs_all/mp_1227617.cif,-1.616725707
mp-1177038,../cifs_all/mp_1177038.cif,-2.682034774
mp-1047863,../cifs_all/mp_1047863.cif,-1.444528502
mp-1197785,../cifs_all/mp_1197785.cif,-0.38234433
mp-1225007,../cifs_all/mp_1225007.cif,-1.459665542
mp-1226180,../cifs_all/mp_1226180.cif,-2.125878194
mp-817992,../cifs_all/mp_817992.cif,1.629699520263158
mp-775296,../cifs_all/mp_775296.cif,-2.600586465
mp-540695,../cifs_all/mp_540695.cif,-2.451739208
mp-2147,../cifs_all/mp_2147.cif,-0.7035404
mp-1226239,../cifs_all/mp_1226239.cif,-2.093239073
mp-1207685,../cifs_all/mp_1207685.cif,-1.46354287
mp-752586,../cifs_all/mp_752586.cif,-2.894089291
mp-1120743,../cifs_all/mp_1120743.cif,0.8729975666666651
mp-1232305,../cifs_all/mp_1232305.cif,-1.425933759
mp-1666600,../cifs_all/mp_1666600.cif,-2.203692802
mp-20739,../cifs_all/mp_20739.cif,-1.250483799
mp-2217867,../cifs_all/mp_2217867.cif,-2.693029861
mp-569218,../cifs_all/mp_569218.cif,-0.343171771
mp-761271,../cifs_all/mp_761271.cif,-3.014827766
mp-866086,../cifs_all/mp_866086.cif,-0.538944861
mp-1201042,../cifs_all/mp_1201042.cif,-1.102490467
mp-5924,../cifs_all/mp_5924.cif,-3.113965055
mp-771039,../cifs_all/mp_771039.cif,-2.391268652
mp-777740,../cifs_all/mp_777740.cif,-2.934069204
mp-26851,../cifs_all/mp_26851.cif,-2.306608074
mp-2229321,../cifs_all/mp_2229321.cif,-2.672026554
mp-1226655,../cifs_all/mp_1226655.cif,-0.5898616
mp-20087,../cifs_all/mp_20087.cif,-2.770814862
mp-1187277,../cifs_all/mp_1187277.cif,-3.246901876
mp-2743354,../cifs_all/mp_2743354.cif,-0.979731562
mp-554337,../cifs_all/mp_554337.cif,-2.479511633
mp-8999,../cifs_all/mp_8999.cif,-0.637684145
mp-1238514,../cifs_all/mp_1238514.cif,-1.592254346
mp-1326565,../cifs_all/mp_1326565.cif,0.339882041363636
mp-1028279,../cifs_all/mp_1028279.cif,0.256768535
mp-1213274,../cifs_all/mp_1213274.cif,-0.33827957
mp-977443,../cifs_all/mp_977443.cif,-0.671283389
mp-1021514,../cifs_all/mp_1021514.cif,-2.473643103
mp-1079550,../cifs_all/mp_1079550.cif,-0.804515974
mp-2714094,../cifs_all/mp_2714094.cif,-2.719732888
mp-12362,../cifs_all/mp_12362.cif,-1.005880866
mp-1028328,../cifs_all/mp_1028328.cif,0.069725645
mp-686466,../cifs_all/mp_686466.cif,-2.191414984
mp-27639,../cifs_all/mp_27639.cif,-0.353882245
mp-1182596,../cifs_all/mp_1182596.cif,-0.644895174
mp-973414,../cifs_all/mp_973414.cif,-0.675688133
mp-1178121,../cifs_all/mp_1178121.cif,-1.662776829
mp-762369,../cifs_all/mp_762369.cif,-3.897711718
mp-1025722,../cifs_all/mp_1025722.cif,-0.482870491
mp-4648,../cifs_all/mp_4648.cif,-2.734220907
mp-1079718,../cifs_all/mp_1079718.cif,-0.947255643
mp-1178710,../cifs_all/mp_1178710.cif,-0.537520616
mp-754819,../cifs_all/mp_754819.cif,-1.356583434
mp-1187008,../cifs_all/mp_1187008.cif,-0.701234176
mp-1222296,../cifs_all/mp_1222296.cif,-2.053430081
mp-19475,../cifs_all/mp_19475.cif,-2.884990487
mp-2713412,../cifs_all/mp_2713412.cif,-2.569545429
mp-1009129,../cifs_all/mp_1009129.cif,-2.700812315
mp-626417,../cifs_all/mp_626417.cif,-1.441926417
mp-774861,../cifs_all/mp_774861.cif,-1.980348392
mp-1113142,../cifs_all/mp_1113142.cif,-3.124770419
mp-1222834,../cifs_all/mp_1222834.cif,-0.327954426
mp-1378,../cifs_all/mp_1378.cif,-0.099880556
mp-1026636,../cifs_all/mp_1026636.cif,0.102684392
mp-2219024,../cifs_all/mp_2219024.cif,-2.027659967
mp-1212609,../cifs_all/mp_1212609.cif,-0.576735098
mp-763244,../cifs_all/mp_763244.cif,-2.002051573
mp-1101964,../cifs_all/mp_1101964.cif,-0.456871066
mp-1523086,../cifs_all/mp_1523086.cif,-2.61232404
mp-1197639,../cifs_all/mp_1197639.cif,-0.060941951
mp-1207046,../cifs_all/mp_1207046.cif,0.161618955
mp-559233,../cifs_all/mp_559233.cif,0.042586829
mp-2226502,../cifs_all/mp_2226502.cif,-0.872537555
mp-1188656,../cifs_all/mp_1188656.cif,-0.146916789
mp-1022078,../cifs_all/mp_1022078.cif,0.193210148
mp-770653,../cifs_all/mp_770653.cif,-2.732290424
mp-769962,../cifs_all/mp_769962.cif,-2.246014117
mp-1111834,../cifs_all/mp_1111834.cif,-1.601850558
mp-864938,../cifs_all/mp_864938.cif,-0.013980936
mp-758872,../cifs_all/mp_758872.cif,-2.335549844
mp-1517370,../cifs_all/mp_1517370.cif,-2.917299164
mp-1220688,../cifs_all/mp_1220688.cif,-0.374019074
mp-1219023,../cifs_all/mp_1219023.cif,-0.532266746
mp-548753,../cifs_all/mp_548753.cif,-2.469788997
mp-1518070,../cifs_all/mp_1518070.cif,-2.591262176
mp-1176373,../cifs_all/mp_1176373.cif,-1.893151923
mp-977239,../cifs_all/mp_977239.cif,0.416199807
mp-18165,../cifs_all/mp_18165.cif,-1.239122097
mp-1246778,../cifs_all/mp_1246778.cif,0.196563461944445
mp-1216933,../cifs_all/mp_1216933.cif,-0.113085109
mp-757636,../cifs_all/mp_757636.cif,-2.453145603
mp-2387,../cifs_all/mp_2387.cif,-0.168446415
mp-1225936,../cifs_all/mp_1225936.cif,-0.748989511
mp-567586,../cifs_all/mp_567586.cif,-0.767525425
mp-1183660,../cifs_all/mp_1183660.cif,0.05647821
mp-2716243,../cifs_all/mp_2716243.cif,-2.947900043
mp-1197031,../cifs_all/mp_1197031.cif,-2.614818363
mp-551816,../cifs_all/mp_551816.cif,-2.308525149
mp-38975,../cifs_all/mp_38975.cif,-1.440767554
mp-1200181,../cifs_all/mp_1200181.cif,-0.387808171
mp-776780,../cifs_all/mp_776780.cif,-2.663162507
mp-1178856,../cifs_all/mp_1178856.cif,0.169383723750002
mp-1203711,../cifs_all/mp_1203711.cif,-1.554900873
mp-1201704,../cifs_all/mp_1201704.cif,-1.27896002
mp-1038408,../cifs_all/mp_1038408.cif,-2.970822947
mp-2217312,../cifs_all/mp_2217312.cif,-2.444786047
mp-1224991,../cifs_all/mp_1224991.cif,-3.10874705
mp-1077660,../cifs_all/mp_1077660.cif,-2.180563683
mp-753421,../cifs_all/mp_753421.cif,-3.617686128
mp-1223009,../cifs_all/mp_1223009.cif,-2.081151032
mp-1246875,../cifs_all/mp_1246875.cif,-0.810326013
mp-1099265,../cifs_all/mp_1099265.cif,0.051014269
mp-560603,../cifs_all/mp_560603.cif,-3.050280072
mp-22981,../cifs_all/mp_22981.cif,-0.968889335
mp-973136,../cifs_all/mp_973136.cif,-2.290626915
mp-977194,../cifs_all/mp_977194.cif,0.5312401
mp-1177808,../cifs_all/mp_1177808.cif,-2.610394444
mp-699575,../cifs_all/mp_699575.cif,-2.450514764
mp-2039,../cifs_all/mp_2039.cif,-0.168710105
mp-1111790,../cifs_all/mp_1111790.cif,-0.939175302
mp-1273164,../cifs_all/mp_1273164.cif,-2.685358267
mp-1105457,../cifs_all/mp_1105457.cif,-1.079016908
mp-1174032,../cifs_all/mp_1174032.cif,-1.839125891
mp-1173448,../cifs_all/mp_1173448.cif,-0.689275643
mp-866059,../cifs_all/mp_866059.cif,-0.660182536
mp-695967,../cifs_all/mp_695967.cif,-1.578763692
mp-1220191,../cifs_all/mp_1220191.cif,-1.644789706
mp-1201940,../cifs_all/mp_1201940.cif,-0.520772149
mp-1209776,../cifs_all/mp_1209776.cif,-1.498126584
mp-773596,../cifs_all/mp_773596.cif,-1.378899527
mp-10909,../cifs_all/mp_10909.cif,-0.323022875
mp-1219351,../cifs_all/mp_1219351.cif,-0.048385625
mp-1028762,../cifs_all/mp_1028762.cif,-0.38191982
mp-1080156,../cifs_all/mp_1080156.cif,-0.4757195
mp-570966,../cifs_all/mp_570966.cif,-1.504058377
mp-1057486,../cifs_all/mp_1057486.cif,-0.574861051
mp-28488,../cifs_all/mp_28488.cif,-1.613711773
mp-10894,../cifs_all/mp_10894.cif,-0.683740049
mp-775180,../cifs_all/mp_775180.cif,-1.709735475
mp-760996,../cifs_all/mp_760996.cif,-2.730820658
mp-22558,../cifs_all/mp_22558.cif,-0.545064902
mp-764512,../cifs_all/mp_764512.cif,-2.27429446
mp-758168,../cifs_all/mp_758168.cif,-1.567135856
mp-559270,../cifs_all/mp_559270.cif,-1.436434523
mp-1186713,../cifs_all/mp_1186713.cif,0.040804674
mp-866166,../cifs_all/mp_866166.cif,-0.601885685
mp-1214138,../cifs_all/mp_1214138.cif,-2.949477956
mp-555531,../cifs_all/mp_555531.cif,-0.482518332
mp-1226044,../cifs_all/mp_1226044.cif,-0.716562198
mp-22883,../cifs_all/mp_22883.cif,-0.920840708
mp-14387,../cifs_all/mp_14387.cif,-3.690335604
mp-778083,../cifs_all/mp_778083.cif,-2.353324775
mp-2217264,../cifs_all/mp_2217264.cif,-1.408602828
mp-760258,../cifs_all/mp_760258.cif,-2.366115182
